Customer ID,Recency,Frequency,Monetary,AvgOrderValue,ProductDiversity,TotalQuantity,CustomerLifetime,AvgPurchaseInterval,SingleOrderCustomer,churn,IsUKCustomer
12346.0,133,12,77556.46,6463.038333333334,27,74285,400,35.90909090909091,0,1,1
12347.0,54,4,3146.75,786.6875,90,1945,157,52.0,0,0,0
12348.0,56,4,1709.4,427.35,25,2497,189,63.0,0,0,0
12349.0,215,3,2671.14,890.38,90,993,181,90.0,0,1,0
12350.0,118,1,334.4,334.4,17,197,0,-1.0,1,1,0
12351.0,183,1,300.93,300.93,21,261,0,-1.0,1,1,0
12352.0,70,7,1905.61,272.22999999999996,38,442,130,21.5,0,0,0
12353.0,12,2,406.76,203.38,23,212,204,204.0,0,1,0
12354.0,40,1,1079.4,1079.4,58,530,0,-1.0,1,1,0
12355.0,22,2,947.61,473.805,35,543,353,353.0,0,1,0
12356.0,53,5,6315.33,1263.066,104,3412,179,44.25,0,1,0
12357.0,196,2,12079.99,6039.995,165,3879,0,0.0,0,1,0
12358.0,183,3,2719.01,906.3366666666667,52,831,356,177.5,0,0,0
12359.0,113,8,4949.77,618.72125,192,1739,429,61.0,0,0,0
12360.0,8,6,2674.41,445.73499999999996,108,1728,455,90.4,0,0,0
12361.0,95,4,511.25,127.8125,18,235,394,131.0,0,1,0
12362.0,33,3,1104.34,368.1133333333333,52,505,512,256.0,0,0,0
12363.0,50,1,299.1,299.1,16,282,0,-1.0,1,0,0
12365.0,99,2,641.38,320.69,22,174,0,0.0,0,1,0
12366.0,441,1,500.24,500.24,3,296,0,-1.0,1,1,0
12368.0,436,1,917.6999999999999,917.6999999999999,18,330,0,-1.0,1,1,0
12369.0,221,3,1791.15,597.0500000000001,90,1241,228,113.5,0,1,0
12370.0,82,6,3581.03,596.8383333333334,150,2225,394,78.6,0,1,0
12371.0,217,3,2179.42,726.4733333333334,91,845,235,117.5,0,1,0
12372.0,20,2,914.9200000000001,457.46000000000004,32,592,83,83.0,0,1,0
12373.0,119,3,1127.65,375.8833333333334,36,516,362,180.5,0,1,0
12374.0,229,3,2246.29,748.7633333333333,47,1020,166,83.0,0,1,0
12376.0,197,2,503.15,251.575,11,240,28,28.0,0,1,0
12377.0,123,4,3426.32,856.58,129,2105,274,91.0,0,1,0
12378.0,370,1,1407.7,1407.7,82,787,0,-1.0,1,0,0
12379.0,230,2,767.98,383.99,37,408,112,112.0,0,0,0
12380.0,273,7,6951.49,993.0699999999999,119,2228,197,32.666666666666664,0,0,0
12383.0,46,4,1751.11,437.7775,82,1512,113,37.333333333333336,0,0,0
12385.0,187,1,1938.4,1938.4,65,612,0,-1.0,1,1,0
12386.0,145,2,660.8,330.4,10,568,29,29.0,0,1,0
12387.0,223,1,143.94,143.94,9,134,0,-1.0,1,1,0
12388.0,83,5,1886.7,377.34000000000003,52,870,307,76.25,0,0,0
12389.0,210,3,1433.33,477.77666666666664,41,614,253,126.0,0,1,0
12391.0,272,5,2312.53,462.50600000000003,159,920,198,49.5,0,1,0
12392.0,399,1,234.75000000000003,234.75000000000003,7,73,0,-1.0,1,1,0
12393.0,53,5,1877.95,375.59000000000003,53,1017,182,45.25,0,0,0
12394.0,25,1,381.08,381.08,21,182,0,-1.0,1,1,0
12395.0,19,9,3618.36,402.04,117,3106,390,48.5,0,0,0
12396.0,482,1,931.43,931.43,65,591,0,-1.0,1,1,0
12399.0,21,5,1622.6000000000001,324.52000000000004,55,1878,431,107.5,0,0,0
12400.0,222,1,205.25,205.25,11,91,0,-1.0,1,1,0
12401.0,111,1,84.3,84.3,5,11,0,-1.0,1,1,0
12402.0,131,6,1256.9,209.48333333333335,43,584,347,69.0,0,1,0
12403.0,329,1,591.6600000000001,591.6600000000001,4,164,0,-1.0,1,1,0
12404.0,490,1,63.24,63.24,1,1,0,-1.0,1,1,0
12406.0,207,3,2975.06,991.6866666666666,44,1598,297,148.5,0,0,0
12407.0,43,2,495.96,247.98,23,419,28,28.0,0,0,0
12408.0,68,5,2289.81,457.962,66,1176,238,59.25,0,0,0
12409.0,228,4,12346.619999999999,3086.6549999999997,125,7592,144,47.666666666666664,0,0,0
12410.0,116,3,1013.71,337.90333333333336,36,341,193,96.5,0,1,0
12411.0,217,1,346.9,346.9,22,138,0,-1.0,1,1,0
12412.0,210,3,1370.05,456.68333333333334,50,1168,137,68.5,0,0,0
12413.0,44,3,805.25,268.4166666666667,37,238,166,82.5,0,1,0
12414.0,25,6,952.41,158.73499999999999,21,495,246,49.0,0,1,0
12415.0,11,14,70427.74,5030.552857142858,295,46072,324,24.46153846153846,0,0,0
12416.0,464,1,202.56,202.56,11,132,0,-1.0,1,1,0
12417.0,33,15,4628.89,308.5926666666667,195,1899,508,35.785714285714285,0,0,0
12418.0,221,3,1352.62,450.8733333333333,61,681,216,107.5,0,0,0
12419.0,193,2,503.01,251.505,23,231,27,27.0,0,1,0
12421.0,127,3,449.01,149.67,27,272,186,93.0,0,0,0
12422.0,132,15,4666.74,311.116,113,2339,396,27.714285714285715,0,0,0
12423.0,8,7,2129.85,304.2642857142857,112,1384,265,43.666666666666664,0,0,0
12424.0,230,2,1579.07,789.535,59,1285,125,125.0,0,0,0
12425.0,256,1,964.21,964.21,55,651,0,-1.0,1,0,0
12426.0,2,2,1345.21,672.605,73,584,468,468.0,0,1,0
12427.0,179,1,607.0,607.0,10,158,0,-1.0,1,1,0
12428.0,50,6,6310.54,1051.7566666666667,228,2773,41,7.8,0,0,0
12429.0,35,6,5454.99,909.165,86,2439,318,63.4,0,0,0
12431.0,8,19,7529.05,396.2657894736842,198,3085,493,27.0,0,0,0
12433.0,174,5,10992.51,2198.502,163,9627,110,27.25,0,0,0
12434.0,68,2,583.54,291.77,34,215,120,120.0,0,0,0
12435.0,75,5,10075.03,2015.006,81,3782,469,117.0,0,0,0
12437.0,6,29,9707.08,334.7268965517241,228,6362,538,18.714285714285715,0,0,0
12439.0,490,2,1158.18,579.09,69,484,43,43.0,0,1,0
12440.0,270,2,859.2,429.6,21,331,255,255.0,0,1,0
12441.0,174,1,347.1,347.1,11,242,0,-1.0,1,1,0
12443.0,540,1,485.31,485.31,21,182,0,-1.0,1,1,0
12445.0,228,1,301.58000000000004,301.58000000000004,20,144,0,-1.0,1,1,0
12447.0,51,1,476.49,476.49,26,190,0,-1.0,1,1,0
12449.0,218,2,768.6,384.3,10,729,28,28.0,0,0,0
12450.0,207,3,490.32,163.44,25,314,75,37.0,0,0,0
12451.0,26,5,8942.18,1788.4360000000001,259,6889,311,77.5,0,1,0
12454.0,203,4,13151.44,3287.86,9,6697,25,7.666666666666667,0,1,0
12455.0,103,6,5111.99,851.9983333333333,156,2736,426,84.6,0,0,0
12456.0,62,1,940.1700000000001,940.1700000000001,41,445,0,-1.0,1,0,0
12457.0,41,4,1699.93,424.9825,37,648,201,66.66666666666667,0,0,0
12458.0,92,3,1272.01,424.00333333333333,58,750,203,101.0,0,1,0
12459.0,413,1,454.36,454.36,23,258,0,-1.0,1,1,0
12460.0,264,1,326.65,326.65,18,170,0,-1.0,1,1,0
12462.0,111,1,762.11,762.11,40,287,0,-1.0,1,1,0
12463.0,14,2,647.95,323.975,32,357,34,34.0,0,0,0
12464.0,8,4,544.8499999999999,136.21249999999998,6,54,108,35.666666666666664,0,0,0
12466.0,490,1,56.73,56.73,1,1,0,-1.0,1,1,0
12467.0,231,1,132.8,132.8,9,129,0,-1.0,1,1,0
12468.0,124,4,3161.79,790.4475,110,1962,366,121.66666666666667,0,0,0
12469.0,330,2,3070.54,1535.27,76,2552,14,14.0,0,1,0
12470.0,497,1,211.95,211.95,23,95,0,-1.0,1,1,0
12471.0,18,62,28537.06,460.2751612903226,189,11719,521,8.311475409836065,0,0,0
12472.0,75,15,14357.32,957.1546666666667,325,9027,458,31.928571428571427,0,0,0
12474.0,8,21,7767.79,369.8947619047619,262,4769,466,22.8,0,0,0
12475.0,217,1,426.26,426.26,25,236,0,-1.0,1,1,0
12476.0,26,17,9744.09,573.1817647058824,273,4065,283,17.375,0,0,0
12477.0,47,5,11633.6,2326.7200000000003,249,3833,383,95.75,0,0,0
12480.0,75,5,3770.4900000000002,754.0980000000001,120,2007,240,59.5,0,0,0
12481.0,12,12,9865.62,822.1350000000001,207,5893,402,36.18181818181818,0,0,0
12482.0,384,29,23691.4,816.944827586207,42,27042,77,2.642857142857143,0,1,0
12483.0,13,15,3630.26,242.01733333333334,48,1503,471,33.285714285714285,0,0,0
12484.0,144,7,2967.1,423.87142857142857,183,1710,344,57.166666666666664,0,0,0
12485.0,337,1,708.1,708.1,34,414,0,-1.0,1,1,0
12486.0,239,1,1037.28,1037.28,49,523,0,-1.0,1,1,0
12487.0,538,1,285.29999999999995,285.29999999999995,2,174,0,-1.0,1,1,0
12489.0,144,1,334.93,334.93,15,105,0,-1.0,1,1,0
12490.0,22,13,5601.43,430.8792307692308,136,3554,523,43.25,0,0,0
12492.0,211,1,452.0,452.0,22,252,0,-1.0,1,0,0
12493.0,5,1,232.5,232.5,12,88,0,-1.0,1,0,0
12494.0,4,6,1342.41,223.735,54,566,379,75.2,0,0,0
12495.0,448,1,357.4,357.4,17,130,0,-1.0,1,1,0
12496.0,428,2,54.09,27.045,10,33,0,0.0,0,1,0
12497.0,208,2,5205.400000000001,2602.7000000000003,30,4449,244,244.0,0,0,0
12499.0,368,1,393.72,393.72,27,302,0,-1.0,1,1,0
12500.0,74,12,2907.59,242.29916666666668,66,1607,406,36.54545454545455,0,0,0
12501.0,144,1,2169.39,2169.39,149,1783,0,-1.0,1,1,0
12502.0,25,3,1842.65,614.2166666666667,61,434,91,45.5,0,0,0
12503.0,392,1,1126.0,1126.0,2,561,0,-1.0,1,1,0
12504.0,225,2,297.0,148.5,8,368,179,179.0,0,1,0
12505.0,216,1,955.2,955.2,42,324,0,-1.0,1,1,0
12506.0,40,1,73.5,73.5,23,23,0,-1.0,1,1,0
12507.0,106,2,985.41,492.705,40,581,286,286.0,0,0,0
12509.0,92,1,176.5,176.5,7,55,0,-1.0,1,1,0
12510.0,133,8,4876.5,609.5625,94,1990,410,58.0,0,0,0
12511.0,236,1,3084.02,3084.02,190,1753,0,-1.0,1,1,0
12514.0,75,2,1597.76,798.88,76,840,374,374.0,0,1,0
12515.0,161,1,383.7,383.7,16,131,0,-1.0,1,1,0
12516.0,238,2,1336.56,668.28,38,1077,168,168.0,0,0,0
12519.0,284,1,385.7,385.7,22,212,0,-1.0,1,1,0
12520.0,12,3,1697.56,565.8533333333334,94,945,68,34.0,0,0,0
12523.0,60,16,3082.57,192.660625,127,1681,479,31.4,0,0,0
12524.0,12,14,9473.77,676.6978571428572,130,5602,464,35.38461538461539,0,0,0
12525.0,306,3,973.73,324.57666666666665,56,509,149,74.0,0,1,0
12527.0,102,4,671.72,167.93,24,513,234,77.33333333333333,0,0,0
12528.0,84,2,771.66,385.83,38,358,36,36.0,0,0,0
12529.0,336,1,316.48,316.48,21,192,0,-1.0,1,1,0
12530.0,41,7,2901.98,414.56857142857143,76,2127,408,67.5,0,0,0
12531.0,494,1,1807.98,1807.98,110,1074,0,-1.0,1,1,0
12533.0,435,2,1367.89,683.945,63,704,110,110.0,0,1,0
12537.0,216,1,732.94,732.94,43,449,0,-1.0,1,1,0
12538.0,186,1,276.5,276.5,13,145,0,-1.0,1,1,0
12539.0,70,6,10164.09,1694.015,247,4089,454,90.4,0,1,0
12540.0,0,22,14998.78,681.7627272727273,229,7169,539,25.19047619047619,0,0,0
12541.0,88,1,312.4,312.4,17,288,0,-1.0,1,0,0
12542.0,292,2,481.88,240.94,39,522,156,156.0,0,1,0
12543.0,256,1,980.25,980.25,43,688,0,-1.0,1,1,0
12545.0,67,1,628.15,628.15,34,346,0,-1.0,1,0,0
12547.0,5,3,383.58,127.86,13,309,302,150.5,0,1,0
12549.0,383,6,1575.68,262.61333333333334,38,1366,121,24.0,0,1,0
12551.0,165,1,168.0,168.0,10,100,0,-1.0,1,1,0
12553.0,12,7,2651.09,378.7271428571429,91,1338,218,36.0,0,0,0
12554.0,256,1,468.5,468.5,26,240,0,-1.0,1,1,0
12555.0,490,1,129.23,129.23,1,1,0,-1.0,1,1,0
12557.0,64,6,11579.800000000001,1929.966666666667,15,4356,466,92.8,0,0,0
12559.0,118,2,561.71,280.855,21,283,8,8.0,0,1,0
12561.0,110,1,238.85,238.85,16,177,0,-1.0,1,1,0
12562.0,6,3,1630.14,543.38,43,731,236,118.0,0,0,0
12563.0,216,1,249.24,249.24,13,113,0,-1.0,1,1,0
12564.0,69,1,456.9,456.9,21,133,0,-1.0,1,1,0
12565.0,96,1,145.92,145.92,9,80,0,-1.0,1,1,0
12567.0,9,9,8192.9,910.3222222222222,218,3410,465,57.625,0,0,0
12568.0,452,1,70.0,70.0,5,48,0,-1.0,1,1,0
12569.0,26,5,1164.32,232.86399999999998,29,492,33,7.75,0,0,0
12570.0,490,1,77.52,77.52,1,1,0,-1.0,1,1,0
12573.0,35,5,717.41,143.482,107,479,237,58.75,0,1,0
12574.0,123,1,218.45,218.45,11,61,0,-1.0,1,1,0
12575.0,265,2,622.8199999999999,311.40999999999997,34,315,69,69.0,0,1,0
12576.0,26,5,1248.54,249.708,74,842,308,61.0,0,0,0
12577.0,167,6,1191.84,198.64,195,859,376,75.2,0,1,0
12578.0,138,3,3456.6,1152.2,109,1932,113,56.0,0,1,0
12580.0,54,2,1052.9,526.45,52,569,329,329.0,0,1,0
12582.0,46,4,1980.4,495.1,88,985,338,112.66666666666667,0,1,0
12583.0,8,17,10208.45,600.4970588235294,102,5949,532,32.8125,0,0,0
12584.0,88,1,463.63,463.63,18,84,0,-1.0,1,0,0
12585.0,42,2,2040.1,1020.05,77,1279,117,117.0,0,1,0
12586.0,182,3,1865.73,621.91,76,608,348,174.0,0,1,0
12588.0,207,3,743.88,247.96,27,385,198,99.0,0,1,0
12589.0,229,6,4048.98,674.83,100,1458,267,53.4,0,0,0
12590.0,19,2,9864.26,4932.13,68,4283,0,0.0,0,1,0
12591.0,125,3,1352.15,450.7166666666667,63,677,91,45.5,0,1,0
12592.0,21,4,2376.86,594.215,40,1750,305,101.66666666666667,0,0,0
12593.0,26,1,236.0,236.0,11,100,0,-1.0,1,0,0
12594.0,0,11,3516.88,319.71636363636367,72,1886,454,45.0,0,0,0
12595.0,312,1,299.02,299.02,19,271,0,-1.0,1,1,0
12596.0,50,1,269.95,269.95,15,156,0,-1.0,1,1,0
12597.0,76,1,516.15,516.15,30,230,0,-1.0,1,0,0
12598.0,28,6,2796.75,466.125,97,1628,428,85.0,0,0,0
12599.0,16,9,1728.0,192.0,39,1661,369,45.5,0,0,0
12600.0,12,17,3760.84,221.2258823529412,40,976,528,32.5,0,0,0
12601.0,12,5,613.16,122.63199999999999,21,267,200,49.5,0,0,0
12604.0,69,1,178.5,178.5,10,137,0,-1.0,1,0,0
12605.0,184,4,1232.95,308.2375,63,929,81,27.0,0,1,0
12606.0,490,1,21.0,21.0,1,1,0,-1.0,1,1,0
12608.0,212,1,415.79,415.79,16,323,0,-1.0,1,1,1
12609.0,126,7,2596.94,370.99142857142857,95,1128,401,66.5,0,0,0
12613.0,5,9,4953.21,550.3566666666667,173,3278,527,65.625,0,1,0
12614.0,85,1,315.6,315.6,20,76,0,-1.0,1,1,0
12615.0,221,4,3449.79,862.4475,147,1941,217,72.33333333333333,0,0,0
12616.0,105,2,673.4,336.7,26,312,91,91.0,0,0,0
12619.0,42,3,771.8,257.26666666666665,21,652,326,163.0,0,0,0
12620.0,12,1,561.66,561.66,33,434,0,-1.0,1,0,0
12621.0,8,25,18441.96,737.6784,244,10311,468,19.0,0,0,0
12622.0,40,1,180.1,180.1,11,69,0,-1.0,1,1,0
12623.0,84,7,3747.84,535.4057142857143,112,1971,420,69.66666666666667,0,1,0
12625.0,19,4,5164.88,1291.22,144,3309,384,127.66666666666667,0,1,0
12626.0,124,2,1274.1,637.05,57,460,10,10.0,0,0,0
12629.0,193,2,1558.22,779.11,40,722,37,37.0,0,1,0
12631.0,264,5,2841.07,568.214,105,1371,237,47.2,0,1,0
12632.0,328,2,804.88,402.44,32,694,44,44.0,0,1,0
12633.0,4,5,5243.73,1048.7459999999999,209,3007,328,81.75,0,0,0
12634.0,343,2,490.0,245.0,20,337,12,12.0,0,1,0
12635.0,200,2,1241.23,620.615,77,777,64,64.0,0,0,0
12636.0,546,1,141.0,141.0,1,1,0,-1.0,1,1,0
12637.0,47,8,4710.16,588.77,228,2367,304,37.625,0,0,0
12638.0,447,1,249.8,249.8,9,86,0,-1.0,1,1,0
12639.0,46,3,1312.37,437.45666666666665,58,631,389,194.5,0,1,0
12643.0,28,9,6417.7,713.0777777777778,14,3871,390,48.375,0,0,0
12644.0,238,3,1440.58,480.1933333333333,76,707,263,131.5,0,0,0
12645.0,27,6,2563.02,427.17,91,1516,449,74.16666666666667,0,0,0
12647.0,7,31,16503.84,532.381935483871,223,6209,495,16.0,0,0,0
12648.0,245,3,793.95,264.65000000000003,32,358,263,131.5,0,0,0
12649.0,20,6,2046.1399999999999,341.0233333333333,86,1577,483,96.2,0,0,0
12651.0,142,4,377.75,94.4375,30,265,130,43.333333333333336,0,1,0
12652.0,139,2,1017.03,508.515,51,536,102,102.0,0,1,0
12653.0,104,2,2730.08,1365.04,55,1048,230,230.0,0,0,0
12654.0,5,3,337.75,112.58333333333333,19,151,97,48.5,0,1,0
12655.0,231,1,261.35,261.35,16,80,0,-1.0,1,1,0
12656.0,11,5,4016.26,803.2520000000001,118,1810,359,89.25,0,0,0
12661.0,244,1,162.0,162.0,11,216,0,-1.0,1,1,0
12662.0,47,13,4482.64,344.8184615384616,116,2261,378,31.0,0,0,0
12663.0,432,2,239.4,119.7,9,181,43,43.0,0,1,0
12664.0,40,4,2491.7400000000002,622.9350000000001,5,609,494,164.33333333333334,0,0,0
12665.0,132,3,313.6,104.53333333333335,13,165,344,171.5,0,1,0
12666.0,202,1,1248.42,1248.42,31,370,0,-1.0,1,1,0
12668.0,67,9,10562.0,1173.5555555555557,258,4776,417,46.0,0,1,0
12669.0,56,2,2272.6,1136.3,70,849,7,7.0,0,0,0
12670.0,7,4,1790.6299999999999,447.65749999999997,44,718,466,155.0,0,0,0
12671.0,414,1,2622.481,2622.481,45,1460,0,-1.0,1,1,0
12672.0,137,2,437.05,218.525,22,138,265,265.0,0,1,0
12673.0,134,2,840.4,420.2,52,520,75,75.0,0,1,0
12674.0,15,1,586.74,586.74,17,222,0,-1.0,1,0,0
12675.0,361,2,958.5,479.25,111,337,24,24.0,0,1,0
12676.0,68,7,2219.1,317.0142857142857,56,1554,222,36.833333333333336,0,0,0
12677.0,363,2,395.1,197.55,13,176,111,111.0,0,1,0
12678.0,57,14,20604.56,1471.7542857142857,166,13961,451,34.23076923076923,0,0,0
12679.0,13,2,906.38,453.19,43,407,77,77.0,0,0,0
12681.0,6,35,25125.67,717.8762857142857,410,14562,527,15.058823529411764,0,0,0
12682.0,0,32,17022.98,531.968125,251,7667,546,17.096774193548388,0,0,0
12683.0,19,15,8637.78,575.8520000000001,183,5304,514,36.357142857142854,0,0,0
12684.0,5,3,917.1,305.7,32,888,16,8.0,0,0,0
12686.0,179,1,178.28,178.28,7,214,0,-1.0,1,1,0
12687.0,288,2,2138.91,1069.455,126,1403,0,0.0,0,1,0
12690.0,13,1,389.01,389.01,16,106,0,-1.0,1,1,0
12691.0,126,4,540.8,135.2,17,202,102,34.0,0,0,0
12692.0,445,1,110.95,110.95,13,36,0,-1.0,1,1,0
12693.0,19,6,1477.88,246.31333333333336,59,502,310,61.6,0,0,0
12694.0,229,1,973.68,973.68,46,846,0,-1.0,1,0,0
12695.0,18,4,914.27,228.5675,31,267,454,151.33333333333334,0,0,0
12696.0,242,2,851.91,425.955,43,564,74,74.0,0,1,0
12698.0,398,1,339.75,339.75,16,111,0,-1.0,1,1,0
12699.0,225,1,638.11,638.11,41,373,0,-1.0,1,1,0
12700.0,23,1,1092.43,1092.43,62,779,0,-1.0,1,0,0
12701.0,50,5,1985.78,397.156,92,1295,390,97.0,0,0,0
12703.0,441,3,722.98,240.99333333333334,44,431,51,25.0,0,1,0
12705.0,9,8,8057.91,1007.23875,251,4927,332,47.142857142857146,0,0,0
12707.0,99,1,603.42,603.42,33,256,0,-1.0,1,1,0
12708.0,8,13,3939.36,303.0276923076923,100,1969,520,42.916666666666664,0,0,0
12709.0,25,26,25284.69,972.4880769230768,154,11456,513,20.04,0,0,0
12710.0,9,1,718.96,718.96,44,386,0,-1.0,1,0,0
12711.0,419,2,1339.05,669.525,56,770,65,65.0,0,1,0
12712.0,8,16,5065.01,316.563125,118,1909,530,34.93333333333333,0,0,0
12714.0,14,9,11146.77,1238.53,365,6937,528,65.5,0,0,0
12717.0,53,2,887.6700000000001,443.83500000000004,43,356,344,344.0,0,0,0
12720.0,0,15,4820.71,321.3806666666667,188,3556,314,22.0,0,0,0
12721.0,54,5,2464.77,492.954,123,1365,225,55.75,0,0,0
12724.0,140,4,1441.01,360.2525,69,1049,203,67.33333333333333,0,0,0
12725.0,179,4,2694.56,673.64,92,1306,213,70.66666666666667,0,1,0
12726.0,22,8,2516.78,314.5975,47,2972,409,58.0,0,0,0
12727.0,89,7,3706.15,529.45,107,1979,373,61.833333333333336,0,0,0
12728.0,65,4,851.15,212.7875,39,380,126,41.666666666666664,0,1,0
12730.0,329,1,829.25,829.25,47,234,0,-1.0,1,1,0
12731.0,20,11,15109.89,1373.6263636363635,106,7291,435,43.1,0,0,0
12733.0,42,4,2424.87,606.2175,117,896,455,151.33333333333334,0,1,0
12734.0,160,3,639.65,213.21666666666667,17,265,39,19.5,0,1,0
12735.0,123,2,779.5699999999999,389.78499999999997,38,368,21,21.0,0,1,0
12736.0,140,1,234.0,234.0,4,173,0,-1.0,1,1,0
12737.0,306,2,3710.5,1855.25,2,2,0,0.0,0,1,0
12738.0,180,1,310.7,310.7,11,296,0,-1.0,1,1,0
12739.0,193,2,1713.69,856.845,51,465,8,8.0,0,0,0
12741.0,337,2,406.07,203.035,16,214,3,3.0,0,1,0
12742.0,433,1,1201.52,1201.52,67,1359,0,-1.0,1,1,0
12744.0,56,8,14300.42,1787.5525,173,4233,342,48.57142857142857,0,0,0
12745.0,294,3,925.41,308.46999999999997,21,468,195,97.5,0,1,0
12746.0,348,1,254.55,254.55,17,97,0,-1.0,1,1,1
12747.0,6,21,7171.93,341.5204761904762,79,2191,533,26.35,0,0,1
12748.0,0,213,32430.44,152.2555868544601,1645,19232,542,2.1690140845070425,0,0,1
12749.0,21,5,3665.58,733.116,157,1151,308,76.5,0,0,1
12751.0,252,1,268.27,268.27,61,189,0,-1.0,1,1,0
12753.0,56,4,12940.51,3235.1275,87,7003,114,37.333333333333336,0,0,0
12754.0,43,3,3010.74,1003.5799999999999,49,6481,72,24.0,0,1,0
12755.0,88,11,9030.66,820.9690909090909,34,3781,413,40.9,0,1,0
12757.0,8,5,4202.2300000000005,840.4460000000001,75,315,10,2.5,0,0,0
12758.0,84,6,8681.84,1446.9733333333334,168,5129,461,92.0,0,0,0
12759.0,83,6,3934.1,655.6833333333333,161,2577,459,91.4,0,0,0
12760.0,263,1,347.8,347.8,21,198,0,-1.0,1,1,0
12761.0,265,2,782.95,391.475,27,281,7,7.0,0,1,0
12763.0,177,1,640.16,640.16,16,392,0,-1.0,1,0,0
12764.0,124,1,1693.88,1693.88,45,386,0,-1.0,1,1,0
12765.0,280,6,1404.58,234.09666666666666,49,1009,169,33.4,0,1,0
12766.0,48,6,7094.360000000001,1182.3933333333334,201,3670,167,33.2,0,0,0
12767.0,183,1,949.82,949.82,43,598,0,-1.0,1,1,0
12768.0,258,1,168.69000000000003,168.69000000000003,10,102,0,-1.0,1,1,0
12769.0,46,1,1143.6,1143.6,32,356,0,-1.0,1,1,0
12770.0,18,2,3246.45,1623.225,19,1843,245,245.0,0,1,0
12771.0,293,1,282.3,282.3,15,104,0,-1.0,1,1,0
12773.0,372,1,124.25,124.25,6,109,0,-1.0,1,1,0
12774.0,343,1,98.7,98.7,6,53,0,-1.0,1,1,0
12775.0,11,5,1044.96,208.99200000000002,38,617,205,51.0,0,0,0
12776.0,475,1,55.5,55.5,4,46,0,-1.0,1,1,0
12777.0,265,1,519.45,519.45,26,458,0,-1.0,1,1,1
12778.0,67,6,1361.51,226.91833333333332,66,1283,343,68.2,0,0,0
12779.0,6,12,5715.32,476.27666666666664,123,2998,538,48.45454545454545,0,0,0
12780.0,406,1,337.4,337.4,20,285,0,-1.0,1,1,0
12781.0,92,1,549.26,549.26,15,346,0,-1.0,1,1,0
12782.0,61,9,3850.27,427.8077777777778,121,1535,265,32.625,0,0,0
12784.0,337,1,1230.33,1230.33,72,582,0,-1.0,1,1,0
12785.0,172,3,1100.4,366.8,42,453,366,183.0,0,1,0
12786.0,417,1,728.5,728.5,18,324,0,-1.0,1,1,0
12787.0,0,2,556.62,278.31,28,314,220,220.0,0,0,0
12788.0,271,4,444.9,111.225,20,194,65,21.333333333333332,0,1,0
12789.0,320,2,181.5,90.75,2,32,181,181.0,0,1,0
12790.0,0,2,591.85,295.925,36,306,218,218.0,0,1,0
12791.0,181,6,1056.1100000000001,176.01833333333335,17,450,250,49.8,0,1,0
12792.0,64,2,827.01,413.505,39,394,278,278.0,0,1,0
12793.0,142,3,1017.33,339.11,34,526,66,33.0,0,1,0
12796.0,436,1,381.0,381.0,7,182,0,-1.0,1,1,0
12797.0,173,2,806.11,403.055,27,333,58,58.0,0,1,0
12798.0,229,1,1533.8899999999999,1533.8899999999999,25,3199,0,-1.0,1,0,0
12799.0,337,1,219.35,219.35,15,137,0,-1.0,1,1,0
12800.0,278,3,584.25,194.75,31,284,206,103.0,0,1,0
12801.0,308,1,1071.82,1071.82,50,505,0,-1.0,1,1,0
12802.0,250,6,1988.84,331.4733333333333,89,1658,121,24.0,0,0,0
12803.0,201,1,1092.81,1092.81,55,872,0,-1.0,1,1,0
12804.0,273,2,327.02,163.51,60,271,34,34.0,0,1,0
12805.0,189,4,1434.95,358.7375,44,593,293,97.33333333333333,0,1,0
12806.0,243,4,2878.96,719.74,58,2087,153,50.666666666666664,0,1,0
12807.0,191,1,330.35,330.35,16,145,0,-1.0,1,1,0
12808.0,176,3,551.85,183.95000000000002,26,240,94,46.5,0,0,0
12809.0,373,2,1266.63,633.315,52,298,81,81.0,0,0,0
12810.0,342,2,534.99,267.495,32,389,142,142.0,0,1,0
12811.0,68,5,1033.9,206.78000000000003,47,435,166,41.0,0,1,0
12813.0,309,3,1687.8,562.6,37,1141,191,95.0,0,1,0
12815.0,6,1,615.36,615.36,31,239,0,-1.0,1,0,0
12817.0,89,3,690.98,230.32666666666668,16,219,153,76.0,0,1,0
12818.0,69,1,1542.08,1542.08,14,929,0,-1.0,1,1,0
12819.0,266,1,540.52,540.52,19,344,0,-1.0,1,1,1
12820.0,134,8,1917.64,239.705,91,1388,407,57.714285714285715,0,0,1
12821.0,22,2,220.8,110.4,13,162,397,397.0,0,1,1
12823.0,62,16,5736.5,358.53125,1,830,424,27.933333333333334,0,0,1
12825.0,329,2,518.63,259.315,20,139,120,120.0,0,1,1
12826.0,124,8,2178.13,272.26625,82,1550,405,57.42857142857143,0,0,1
12829.0,144,3,385.3,128.43333333333334,17,550,213,106.0,0,1,1
12831.0,70,3,451.11,150.37,16,303,200,100.0,0,1,1
12834.0,90,1,312.38,312.38,18,110,0,-1.0,1,1,1
12835.0,235,41,6043.31,147.3978048780488,138,2357,308,7.048780487804878,0,1,1
12836.0,27,13,5634.16,433.3969230769231,243,1875,519,39.46153846153846,0,0,1
12837.0,377,1,554.31,554.31,73,185,0,-1.0,1,0,1
12838.0,181,9,3106.14,345.12666666666667,177,1714,219,26.75,0,1,1
12839.0,6,16,5876.2,367.2625,122,3978,534,35.2,0,0,1
12840.0,22,5,2893.17,578.634,102,1610,459,114.5,0,0,1
12841.0,30,27,5479.59,202.9477777777778,221,3892,296,10.884615384615385,0,0,1
12842.0,116,3,1109.73,369.91,27,497,429,214.5,0,1,1
12843.0,21,25,5513.21,220.5284,105,2553,512,20.916666666666668,0,0,1
12844.0,250,2,322.64,161.32,43,98,151,151.0,0,0,1
12845.0,75,4,354.09,88.5225,26,204,22,7.333333333333333,0,1,1
12846.0,490,1,15.58,15.58,1,1,0,-1.0,1,1,1
12847.0,195,1,765.36,765.36,34,624,0,-1.0,1,1,1
12848.0,483,1,208.0,208.0,16,58,0,-1.0,1,1,1
12849.0,76,5,2744.17,548.8340000000001,110,1773,322,80.25,0,1,1
12850.0,253,1,330.0,330.0,2,200,0,-1.0,1,1,1
12851.0,285,1,148.95,148.95,30,51,0,-1.0,1,0,1
12852.0,102,1,311.55,311.55,17,149,0,-1.0,1,1,1
12853.0,47,8,2835.4,354.425,81,1194,433,61.42857142857143,0,0,1
12854.0,49,6,2479.89,413.315,166,1430,487,97.0,0,0,1
12855.0,180,4,650.9399999999999,162.73499999999999,65,270,29,9.333333333333334,0,1,1
12857.0,18,6,3688.0,614.6666666666666,71,1420,472,94.0,0,1,1
12858.0,191,1,177.92,177.92,36,63,0,-1.0,1,1,1
12859.0,266,1,575.1,575.1,21,292,0,-1.0,1,1,1
12860.0,501,1,55.47,55.47,16,27,0,-1.0,1,1,1
12861.0,427,1,68.25,68.25,4,27,0,-1.0,1,1,1
12862.0,233,2,1008.3199999999999,504.15999999999997,119,613,69,69.0,0,1,1
12863.0,187,5,2271.35,454.27,23,707,210,52.0,0,1,1
12864.0,316,1,152.45,152.45,4,231,0,-1.0,1,0,1
12865.0,186,2,1755.24,877.62,93,1048,98,98.0,0,0,0
12866.0,91,3,1227.35,409.1166666666666,58,553,219,109.0,0,1,0
12867.0,22,10,5615.01,561.501,302,5650,508,56.0,0,0,1
12868.0,26,7,1999.0,285.57142857142856,82,1176,174,28.666666666666668,0,0,1
12869.0,489,1,337.66999999999996,337.66999999999996,35,144,0,-1.0,1,1,1
12870.0,183,3,1676.95,558.9833333333333,85,906,248,124.0,0,1,1
12871.0,15,2,495.38,247.69,9,364,232,232.0,0,0,1
12872.0,134,12,3685.4900000000002,307.12416666666667,217,1855,409,36.72727272727273,0,1,1
12873.0,90,3,2027.3,675.7666666666667,33,786,399,199.5,0,1,1
12874.0,193,2,948.42,474.21,44,623,169,169.0,0,1,0
12875.0,170,4,1307.52,326.88,2,4896,334,111.33333333333333,0,0,1
12876.0,4,3,2590.2000000000003,863.4000000000001,92,1757,394,196.5,0,1,0
12877.0,8,15,2101.44,140.096,80,1472,489,34.357142857142854,0,0,1
12878.0,44,2,854.99,427.495,38,547,29,29.0,0,1,1
12880.0,189,2,640.13,320.065,32,279,192,192.0,0,1,1
12881.0,83,1,298.0,298.0,7,21,0,-1.0,1,1,1
12886.0,27,1,775.0,775.0,47,416,0,-1.0,1,1,1
12887.0,191,1,222.4,222.4,13,100,0,-1.0,1,1,1
12888.0,22,2,354.12,177.06,4,76,41,41.0,0,1,1
12889.0,189,4,385.46000000000004,96.36500000000001,25,124,121,40.0,0,1,1
12890.0,195,1,336.8,336.8,56,207,0,0.0,1,1,1
12891.0,28,10,755.5,75.55,2,2075,438,48.22222222222222,0,0,1
12892.0,204,1,263.38,263.38,18,140,0,-1.0,1,1,1
12894.0,383,1,157.35,157.35,21,33,0,-1.0,1,1,1
12897.0,12,4,514.25,128.5625,10,249,339,112.66666666666667,0,1,1
12898.0,271,2,310.96000000000004,155.48000000000002,27,240,195,195.0,0,1,1
12899.0,221,1,366.4,366.4,17,108,0,-1.0,1,1,1
12900.0,230,1,340.33,340.33,13,139,0,-1.0,1,1,1
12901.0,8,11,7785.56,707.7781818181819,21,8101,70,6.6,0,0,1
12902.0,72,1,138.68,138.68,10,66,0,-1.0,1,1,1
12903.0,236,1,833.53,833.53,41,493,0,-1.0,1,1,1
12905.0,384,2,1018.42,509.21,52,532,105,105.0,0,1,1
12907.0,203,2,508.91,254.455,23,177,98,98.0,0,1,1
12908.0,120,4,1344.0,336.0,1,2400,317,105.33333333333333,0,0,1
12909.0,9,6,2452.89,408.815,98,1454,451,90.0,0,0,1
12910.0,5,8,3863.98,482.9975,53,2594,423,60.142857142857146,0,0,1
12911.0,359,1,1680.47,1680.47,220,820,0,-1.0,1,1,1
12913.0,90,11,5083.62,462.1472727272727,31,2158,455,45.2,0,1,1
12914.0,208,1,223.98,223.98,9,336,0,-1.0,1,1,1
12915.0,180,3,1010.75,336.9166666666667,40,400,216,108.0,0,0,1
12916.0,9,6,3960.65,660.1083333333333,75,1511,482,96.0,0,0,1
12917.0,208,5,3765.2,753.04,44,984,330,82.0,0,0,1
12918.0,434,1,10953.5,10953.5,1,1,0,-1.0,1,1,1
12920.0,379,3,323.86,107.95333333333333,32,292,153,76.5,0,1,1
12921.0,20,50,24848.39,496.9678,231,15668,525,10.387755102040817,0,0,1
12923.0,198,2,612.9,306.45,28,168,184,184.0,0,1,1
12924.0,6,11,2190.9700000000003,199.17909090909095,45,1227,532,52.8,0,0,1
12925.0,400,1,35.28,35.28,5,108,0,-1.0,1,0,1
12926.0,219,4,1548.46,387.115,202,766,314,104.33333333333333,0,1,1
12927.0,202,1,197.31,197.31,11,145,0,-1.0,1,1,1
12928.0,49,9,3022.23,335.80333333333334,76,1913,308,37.875,0,0,1
12929.0,119,1,117.85,117.85,8,37,0,-1.0,1,1,1
12931.0,11,49,54212.08,1106.3689795918367,23,38172,534,10.729166666666666,0,0,1
12932.0,347,8,1698.56,212.32,69,1609,128,17.857142857142858,0,1,1
12933.0,91,6,1190.25,198.375,159,525,445,88.6,0,0,1
12934.0,544,1,181.65,181.65,2,31,0,-1.0,1,1,1
12935.0,11,10,2949.39,294.93899999999996,78,1976,403,44.44444444444444,0,0,1
12937.0,5,7,2021.57,288.79571428571427,81,1244,538,89.33333333333333,0,1,1
12939.0,81,15,20911.32,1394.088,24,8276,423,29.857142857142858,0,0,1
12941.0,532,1,377.49,377.49,27,381,0,-1.0,1,1,1
12942.0,5,2,655.27,327.635,23,173,168,168.0,0,0,1
12943.0,366,2,496.5,248.25,22,222,47,47.0,0,1,1
12944.0,162,1,286.95,286.95,14,145,0,-1.0,1,1,1
12945.0,96,2,900.11,450.055,47,446,367,367.0,0,1,1
12946.0,244,1,324.45,324.45,20,149,0,-1.0,1,1,1
12947.0,42,3,1339.31,446.43666666666667,62,1081,138,69.0,0,0,1
12948.0,22,5,1138.74,227.748,53,612,522,130.0,0,0,1
12949.0,14,17,13610.18,800.5988235294118,311,7131,529,32.875,0,0,1
12951.0,12,13,2774.53,213.42538461538464,101,1432,494,40.75,0,0,1
12953.0,330,1,498.96000000000004,498.96000000000004,31,280,0,-1.0,1,1,1
12954.0,446,1,162.45,162.45,10,83,0,-1.0,1,1,1
12955.0,11,3,697.42,232.47333333333333,27,548,64,31.5,0,0,1
12956.0,114,4,521.89,130.4725,42,340,417,138.66666666666666,0,1,1
12957.0,12,8,5818.2,727.275,272,3165,523,74.42857142857143,0,0,1
12958.0,208,2,539.49,269.745,45,131,182,182.0,0,1,1
12959.0,292,1,150.95,150.95,8,109,0,-1.0,1,1,1
12960.0,221,4,1322.07,330.5175,49,1379,247,81.66666666666667,0,1,1
12961.0,187,1,211.99,211.99,37,180,0,-1.0,1,1,1
12963.0,173,5,2110.76,422.15200000000004,74,1100,153,37.75,0,0,1
12964.0,245,1,132.24,132.24,26,56,0,-1.0,1,1,1
12967.0,166,3,4306.92,1435.64,47,1272,25,12.0,0,1,1
12969.0,410,1,122.45,122.45,5,55,0,-1.0,1,1,1
12970.0,130,8,1096.53,137.06625,181,712,413,58.857142857142854,0,1,1
12971.0,4,69,9421.1,136.5376811594203,74,8674,527,7.352941176470588,0,0,1
12972.0,221,4,1161.2,290.3,69,844,247,81.66666666666667,0,1,1
12973.0,221,1,385.55,385.55,6,31,0,-1.0,1,1,1
12974.0,5,2,408.95,204.475,27,104,367,367.0,0,1,1
12975.0,244,6,2100.09,350.01500000000004,92,911,296,59.0,0,1,1
12976.0,19,8,3156.38,394.5475,106,2684,453,64.42857142857143,0,1,1
12977.0,309,3,478.39,159.46333333333334,45,119,9,4.5,0,0,1
12978.0,193,5,2502.82,500.564,126,1394,344,85.75,0,1,1
12979.0,537,1,517.7,517.7,56,520,0,-1.0,1,1,0
12980.0,18,18,13437.240000000002,746.5133333333334,7,1436,527,30.58823529411765,0,0,1
12982.0,50,8,2744.81,343.10125,139,1729,363,51.42857142857143,0,1,1
12983.0,406,1,490.08000000000004,490.08000000000004,30,638,0,-1.0,1,1,1
12986.0,236,10,2729.84,272.98400000000004,61,1164,259,28.444444444444443,0,1,1
12987.0,5,4,1057.81,264.4525,48,474,491,163.0,0,0,1
12988.0,100,1,535.32,535.32,75,136,0,-1.0,1,1,1
12989.0,8,25,9955.58,398.2232,23,5462,529,21.625,0,0,1
12990.0,118,5,643.5,128.7,6,330,309,76.75,0,0,1
12991.0,197,1,261.06,261.06,14,78,0,-1.0,1,0,1
12992.0,533,1,93.35000000000001,93.35000000000001,6,21,0,-1.0,1,1,1
12993.0,15,6,1020.17,170.02833333333334,54,603,451,90.0,0,0,1
12994.0,76,1,352.6,352.6,22,166,0,-1.0,1,0,1
12996.0,183,1,355.5,355.5,22,122,0,-1.0,1,1,1
12997.0,44,6,1492.49,248.74833333333333,52,822,376,74.6,0,0,1
12998.0,300,3,920.08,306.6933333333333,58,1124,160,80.0,0,1,1
12999.0,4,3,455.88,151.96,25,342,49,24.0,0,1,1
13000.0,67,3,956.1800000000001,318.7266666666667,56,476,465,232.0,0,0,1
13001.0,25,29,21697.13,748.1768965517242,295,12204,518,17.928571428571427,0,0,1
13002.0,126,3,414.13,138.04333333333332,19,201,116,58.0,0,1,1
13003.0,22,1,59.050000000000004,59.050000000000004,4,31,0,-1.0,1,0,1
13004.0,22,25,8442.96,337.7184,312,6132,510,20.708333333333332,0,0,1
13005.0,54,3,807.63,269.21,38,425,211,105.0,0,0,1
13007.0,387,1,175.25,175.25,11,59,0,-1.0,1,1,1
13008.0,131,3,612.13,204.04333333333332,31,379,399,199.5,0,1,1
13009.0,480,1,234.0,234.0,4,120,0,-1.0,1,1,1
13010.0,182,2,330.12,165.06,10,323,274,274.0,0,1,1
13011.0,180,1,101.10000000000001,101.10000000000001,3,26,0,-1.0,1,1,1
13012.0,21,6,2018.38,336.3966666666667,67,1052,378,75.2,0,0,1
13013.0,20,20,10187.12,509.35600000000005,246,5473,513,25.2,0,0,1
13014.0,28,4,3242.83,810.7075,124,1463,212,70.33333333333333,0,0,1
13015.0,5,10,5003.18,500.31800000000004,202,2623,405,44.55555555555556,0,1,1
13018.0,4,18,6159.42,342.19,285,3973,452,26.235294117647058,0,0,1
13019.0,187,6,1229.95,204.99166666666667,46,397,353,70.2,0,1,1
13020.0,370,2,618.96,309.48,38,278,97,97.0,0,1,1
13021.0,23,11,3035.86,275.98727272727274,106,1548,519,51.3,0,0,1
13022.0,237,1,65.3,65.3,5,35,0,-1.0,1,1,0
13023.0,336,1,759.13,759.13,36,299,0,0.0,1,0,1
13024.0,278,2,555.87,277.935,26,181,111,111.0,0,1,1
13025.0,539,1,323.39,323.39,13,241,0,-1.0,1,1,1
13026.0,28,6,1001.44,166.90666666666667,25,1194,505,100.6,0,0,1
13027.0,41,16,14263.2,891.45,7,35400,454,29.8,0,0,1
13029.0,161,3,1062.3,354.09999999999997,6,90,170,84.5,0,0,1
13030.0,176,1,855.48,855.48,50,408,0,-1.0,1,1,1
13031.0,215,5,3419.27,683.854,275,2399,147,36.25,0,1,1
13032.0,200,7,1833.37,261.90999999999997,110,906,67,11.0,0,0,1
13033.0,165,2,220.55,110.275,12,98,72,72.0,0,1,1
13034.0,177,2,445.77,222.885,16,269,31,31.0,0,1,1
13035.0,68,2,775.32,387.66,22,494,170,170.0,0,0,1
13036.0,492,1,307.1,307.1,6,38,0,-1.0,1,1,1
13037.0,27,11,3611.2000000000003,328.2909090909091,174,1993,516,51.1,0,0,1
13038.0,98,1,395.1,395.1,15,186,0,-1.0,1,0,1
13039.0,392,4,1010.73,252.6825,37,290,138,45.333333333333336,0,1,1
13041.0,258,4,799.13,199.7825,23,335,139,46.0,0,1,1
13042.0,406,3,1556.54,518.8466666666667,164,830,133,66.5,0,1,1
13043.0,81,1,516.42,516.42,13,254,0,-1.0,1,1,1
13044.0,99,11,4853.9,441.26363636363635,356,2553,409,40.3,0,1,1
13045.0,209,2,503.64,251.82,25,184,84,84.0,0,0,1
13046.0,74,2,517.66,258.83,31,317,190,190.0,0,1,1
13047.0,27,20,7229.3,361.46500000000003,147,2719,504,26.210526315789473,0,0,1
13048.0,46,7,3188.22,455.46,115,2130,443,73.5,0,0,1
13049.0,126,3,905.34,301.78000000000003,12,430,83,41.0,0,1,1
13050.0,12,27,9381.63,347.46777777777777,439,5155,519,19.423076923076923,0,0,1
13051.0,386,2,155.8,77.9,4,72,40,40.0,0,1,1
13052.0,20,7,3168.53,452.6471428571429,161,1454,442,73.16666666666667,0,1,1
13053.0,429,1,127.65,127.65,17,47,0,-1.0,1,1,1
13055.0,21,2,1451.56,725.78,99,1179,216,216.0,0,0,1
13056.0,359,1,209.48,209.48,18,158,0,-1.0,1,1,1
13057.0,338,3,722.09,240.6966666666667,34,466,101,50.5,0,1,1
13059.0,57,10,2303.17,230.317,155,864,368,40.55555555555556,0,1,1
13060.0,61,1,307.53,307.53,15,123,0,-1.0,1,1,1
13063.0,288,1,188.4,188.4,12,116,0,-1.0,1,1,1
13064.0,135,3,764.55,254.85,21,214,264,131.5,0,0,1
13065.0,181,5,1260.91,252.18200000000002,49,455,174,43.25,0,1,1
13067.0,217,2,393.05,196.525,13,99,36,36.0,0,0,1
13068.0,127,1,165.0,165.0,1,100,0,-1.0,1,1,1
13069.0,6,27,7778.55,288.09444444444443,519,11875,344,12.846153846153847,0,0,1
13070.0,0,4,751.7,187.925,12,372,539,179.66666666666666,0,1,1
13071.0,420,1,129.22,129.22,12,30,0,-1.0,1,1,1
13072.0,74,1,177.15,177.15,7,69,0,-1.0,1,1,1
13073.0,219,2,418.08,209.04,25,261,26,26.0,0,1,1
13074.0,319,4,1378.74,344.685,26,826,212,70.33333333333333,0,1,1
13076.0,265,1,135.4,135.4,9,44,0,-1.0,1,1,1
13077.0,98,10,2912.84,291.284,176,2529,438,48.22222222222222,0,1,1
13078.0,8,41,21371.670000000002,521.260243902439,131,7993,538,13.05,0,0,1
13079.0,225,1,199.08,199.08,11,96,0,-1.0,1,0,1
13080.0,209,3,222.65,74.21666666666667,11,73,208,103.5,0,0,1
13081.0,25,24,45331.28,1888.8033333333333,628,31931,513,21.869565217391305,0,0,1
13082.0,43,17,5682.3,334.2529411764706,86,6979,481,29.6875,0,0,1
13083.0,233,1,91.67999999999999,91.67999999999999,4,120,0,-1.0,1,0,1
13084.0,299,1,122.39999999999999,122.39999999999999,2,144,0,-1.0,1,1,1
13085.0,103,7,2295.3,327.90000000000003,46,900,443,73.66666666666667,0,0,1
13086.0,190,1,439.33000000000004,439.33000000000004,47,155,0,-1.0,1,1,1
13087.0,534,1,313.64,313.64,15,86,0,-1.0,1,1,1
13088.0,225,1,236.11,236.11,19,76,0,-1.0,1,1,1
13089.0,7,157,85851.97,546.8278343949045,697,43882,537,3.1025641025641026,0,0,1
13090.0,46,17,8303.87,488.4629411764706,112,1907,255,15.5,0,0,1
13091.0,537,2,1976.0,988.0,24,873,0,0.0,0,1,1
13092.0,19,11,2102.2,191.1090909090909,48,480,456,45.0,0,1,1
13093.0,83,55,54943.65,998.9754545454546,199,26227,460,8.092592592592593,0,1,1
13094.0,13,8,1446.24,180.78,5,1176,183,25.714285714285715,0,0,1
13096.0,202,1,419.70000000000005,419.70000000000005,1,6,0,-1.0,1,1,1
13097.0,41,23,10383.06,451.4373913043478,338,4296,505,22.59090909090909,0,0,1
13098.0,6,8,7203.61,900.45125,93,3885,118,16.428571428571427,0,0,1
13101.0,42,4,695.4,173.85,48,478,446,148.33333333333334,0,1,1
13102.0,6,28,9041.99,322.92821428571426,168,4871,383,13.666666666666666,0,0,1
13103.0,245,2,465.70000000000005,232.85000000000002,21,344,139,139.0,0,1,1
13104.0,75,5,824.34,164.868,5,462,385,96.0,0,0,1
13105.0,244,1,72.0,72.0,1,100,0,-1.0,1,1,1
13106.0,221,1,526.96,526.96,15,213,0,-1.0,1,0,1
13107.0,141,6,4288.29,714.715,113,3491,340,67.6,0,0,1
13108.0,180,2,1098.52,549.26,27,1043,62,62.0,0,1,1
13109.0,359,1,347.49,347.49,23,237,0,-1.0,1,0,1
13110.0,65,8,2201.29,275.16125,128,580,481,68.42857142857143,0,0,1
13111.0,526,1,321.88000000000005,321.88000000000005,12,180,0,-1.0,1,1,1
13112.0,349,1,20.6,20.6,2,11,0,-1.0,1,1,1
13113.0,0,29,15235.93,525.3768965517241,155,3565,428,14.75,0,0,1
13114.0,538,1,234.38,234.38,16,74,0,-1.0,1,1,1
13115.0,187,6,3199.92,533.32,136,2367,220,43.6,0,0,1
13117.0,25,16,2410.27,150.641875,113,1733,405,26.666666666666668,0,0,1
13118.0,16,7,2017.3,288.18571428571425,85,698,230,37.833333333333336,0,1,1
13119.0,476,1,134.9,134.9,11,110,0,-1.0,1,1,1
13120.0,46,1,30.599999999999998,30.599999999999998,1,12,0,-1.0,1,1,1
13121.0,77,1,283.73,283.73,50,252,0,-1.0,1,1,1
13122.0,48,1,903.67,903.67,54,537,0,-1.0,1,0,1
13123.0,280,2,506.75,253.375,36,268,56,56.0,0,1,1
13124.0,60,3,3490.24,1163.4133333333332,163,2259,132,65.5,0,0,1
13125.0,331,1,158.57,158.57,20,54,0,-1.0,1,1,1
13126.0,61,10,2976.03,297.603,123,2328,394,43.44444444444444,0,0,1
13128.0,439,1,263.5,263.5,1,31,0,-1.0,1,1,1
13129.0,260,2,233.25,116.625,10,296,77,77.0,0,1,1
13131.0,226,4,2240.47,560.1175,94,1076,250,83.0,0,0,1
13132.0,69,1,77.3,77.3,3,20,0,-1.0,1,1,1
13133.0,81,3,200.45000000000002,66.81666666666668,12,55,185,92.5,0,1,1
13134.0,42,4,1207.35,301.8375,43,473,182,60.333333333333336,0,0,1
13135.0,4,2,3371.45,1685.725,18,4423,294,294.0,0,1,1
13136.0,20,9,4241.41,471.2677777777778,160,2057,518,64.5,0,0,1
13137.0,60,10,4926.13,492.613,482,2601,249,27.11111111111111,0,0,1
13138.0,48,3,891.7,297.23333333333335,31,442,155,77.5,0,0,1
13139.0,23,3,4308.06,1436.0200000000002,123,2647,222,111.0,0,0,1
13140.0,174,3,951.47,317.1566666666667,68,537,124,61.5,0,0,1
13141.0,22,16,6680.86,417.55375,259,4563,516,33.86666666666667,0,0,1
13143.0,392,1,405.1,405.1,23,198,0,-1.0,1,1,1
13144.0,140,2,135.35,67.675,6,29,98,98.0,0,1,1
13145.0,180,4,1100.0,275.0,2,122,227,75.66666666666667,0,0,1
13148.0,40,20,6713.02,335.651,376,3434,499,25.894736842105264,0,0,1
13149.0,97,1,376.74,376.74,18,276,0,-1.0,1,0,1
13150.0,292,3,449.96999999999997,149.98999999999998,7,171,146,73.0,0,1,1
13151.0,103,3,2580.7400000000002,860.2466666666668,131,832,332,165.5,0,1,1
13152.0,225,7,2146.38,306.6257142857143,114,977,277,45.833333333333336,0,1,1
13154.0,207,3,1624.84,541.6133333333333,78,976,336,168.0,0,1,1
13155.0,134,4,1347.6200000000001,336.90500000000003,68,674,165,54.333333333333336,0,0,1
13156.0,193,3,1586.54,528.8466666666667,94,914,290,145.0,0,1,1
13157.0,49,7,4444.08,634.8685714285714,128,3797,400,66.33333333333333,0,0,1
13158.0,126,2,563.53,281.765,37,343,69,69.0,0,0,1
13161.0,121,2,478.88,239.44,30,106,187,187.0,0,1,1
13162.0,41,14,8888.89,634.9207142857142,171,5437,502,38.23076923076923,0,0,1
13163.0,418,1,17.65,17.65,2,3,0,-1.0,1,1,1
13164.0,377,2,372.2,186.1,7,120,98,98.0,0,1,1
13165.0,159,2,784.32,392.16,20,856,61,61.0,0,1,1
13166.0,91,2,884.18,442.09,55,527,131,131.0,0,1,1
13167.0,198,1,333.82,333.82,16,222,0,-1.0,1,0,1
13168.0,7,4,1528.78,382.195,119,787,342,113.66666666666667,0,1,1
13169.0,60,2,632.4000000000001,316.20000000000005,11,120,309,309.0,0,1,1
13171.0,107,1,140.35,140.35,23,53,0,-1.0,1,1,1
13172.0,208,1,69.6,69.6,1,48,0,-1.0,1,1,1
13173.0,175,10,2451.64,245.164,147,1457,362,39.888888888888886,0,1,1
13174.0,124,11,8786.08,798.7345454545455,564,4116,418,41.5,0,1,1
13175.0,390,2,831.45,415.725,40,423,153,153.0,0,1,1
13177.0,238,1,229.75,229.75,13,89,0,-1.0,1,1,1
13178.0,11,15,11052.92,736.8613333333334,179,6811,519,36.57142857142857,0,0,1
13179.0,426,1,572.3100000000001,572.3100000000001,34,368,0,-1.0,1,1,1
13180.0,415,1,86.10000000000001,86.10000000000001,4,42,0,-1.0,1,1,1
13181.0,189,1,359.69,359.69,19,171,0,-1.0,1,1,1
13183.0,16,9,4605.4800000000005,511.72,43,2735,427,52.75,0,0,1
13184.0,35,4,746.31,186.5775,60,763,62,20.333333333333332,0,0,1
13185.0,75,1,71.4,71.4,1,12,0,-1.0,1,1,1
13187.0,145,4,367.01,91.7525,51,375,287,95.33333333333333,0,1,1
13190.0,352,3,570.66,190.22,16,308,188,93.5,0,1,1
13191.0,466,1,164.69,164.69,58,115,0,-1.0,1,1,1
13192.0,13,5,2110.96,422.192,113,1332,481,120.0,0,0,1
13194.0,229,1,412.08,412.08,7,300,0,-1.0,1,0,1
13195.0,222,1,172.38,172.38,43,83,0,-1.0,1,1,1
13196.0,70,4,1783.19,445.7975,89,1102,355,118.33333333333333,0,0,1
13197.0,417,1,373.01000000000005,373.01000000000005,19,204,0,-1.0,1,1,1
13198.0,57,5,3660.7400000000002,732.148,207,2481,184,45.75,0,0,1
13199.0,5,45,10355.93,230.13177777777778,41,8719,537,11.818181818181818,0,0,1
13201.0,310,4,1240.6100000000001,310.15250000000003,65,1039,140,46.333333333333336,0,1,1
13202.0,202,7,1580.3,225.75714285714284,55,572,336,47.714285714285715,0,1,1
13203.0,50,7,1944.5,277.7857142857143,115,1758,480,79.33333333333333,0,0,1
13204.0,539,1,966.6600000000001,966.6600000000001,57,428,0,-1.0,1,1,1
13205.0,251,1,2803.2,2803.2,1,256,0,-1.0,1,1,1
13206.0,208,13,8377.32,644.4092307692307,393,7155,332,27.166666666666668,0,1,1
13207.0,259,2,285.6,142.8,4,48,160,160.0,0,0,1
13208.0,14,6,1464.81,244.135,162,1026,529,105.4,0,0,1
13209.0,35,8,4980.34,622.5425,170,3391,456,64.85714285714286,0,0,1
13211.0,169,8,1642.6,205.325,75,1062,372,52.857142857142854,0,0,1
13213.0,7,8,2746.2200000000003,343.27750000000003,129,1808,369,52.142857142857146,0,0,1
13214.0,225,7,3264.23,466.31857142857143,207,2966,228,37.666666666666664,0,1,1
13215.0,210,1,81.6,81.6,1,96,0,-1.0,1,1,1
13216.0,75,1,333.74,333.74,5,297,0,-1.0,1,1,1
13217.0,463,1,132.5,132.5,1,250,0,-1.0,1,0,1
13219.0,426,1,76.23,76.23,11,11,0,-1.0,1,1,1
13220.0,27,3,1076.49,358.83,43,308,356,178.0,0,0,1
13221.0,48,2,847.41,423.705,62,244,119,119.0,0,1,1
13222.0,385,1,88.5,88.5,1,30,0,-1.0,1,1,1
13223.0,8,6,969.1200000000001,161.52,8,568,464,92.4,0,1,1
13225.0,4,13,13538.11,1041.393076923077,54,5853,526,43.5,0,0,1
13226.0,81,2,312.46,156.23,28,179,120,120.0,0,1,1
13227.0,9,1,257.7,257.7,9,99,0,-1.0,1,1,1
13229.0,33,1,160.95,160.95,10,63,0,-1.0,1,1,1
13230.0,9,25,5353.29,214.1316,542,2885,429,16.0,0,0,1
13232.0,4,3,691.9,230.63333333333333,99,492,46,23.0,0,0,1
13233.0,144,3,875.58,291.86,49,1004,358,178.5,0,0,1
13234.0,480,2,356.95,178.475,56,162,59,59.0,0,1,1
13235.0,20,1,1031.07,1031.07,53,441,0,-1.0,1,1,1
13237.0,195,1,643.0,643.0,24,128,0,-1.0,1,1,1
13238.0,168,3,397.05,132.35,13,177,229,114.5,0,0,1
13239.0,69,5,1594.69,318.938,86,1151,240,59.75,0,1,1
13240.0,65,6,1517.28,252.88,147,766,395,78.6,0,0,1
13241.0,219,1,115.58,115.58,40,48,0,-1.0,1,1,1
13242.0,21,6,533.0,88.83333333333333,15,270,454,90.4,0,0,1
13243.0,11,5,1278.04,255.608,165,579,428,106.5,0,1,1
13245.0,240,1,558.72,558.72,29,246,0,-1.0,1,1,1
13246.0,14,9,3048.65,338.7388888888889,207,2550,318,39.5,0,0,1
13249.0,69,7,1189.3600000000001,169.90857142857143,2,940,423,70.16666666666667,0,0,1
13250.0,268,2,256.04,128.02,17,108,41,41.0,0,1,1
13251.0,210,1,252.68,252.68,25,215,0,-1.0,1,1,1
13252.0,202,2,399.3,199.65,19,134,231,231.0,0,1,1
13253.0,147,3,2397.19,799.0633333333334,55,2067,364,182.0,0,0,1
13254.0,184,1,51.410000000000004,51.410000000000004,4,43,0,-1.0,1,1,1
13255.0,181,2,730.65,365.325,19,450,138,138.0,0,1,1
13257.0,244,1,149.75,149.75,7,33,0,-1.0,1,1,1
13258.0,13,3,561.22,187.07333333333335,14,246,195,97.0,0,1,1
13259.0,205,8,1141.06,142.6325,181,385,301,42.714285714285715,0,1,1
13261.0,76,2,944.1,472.05,8,210,17,17.0,0,1,1
13262.0,71,3,573.45,191.15,48,247,337,168.5,0,1,1
13263.0,6,18,4541.37,252.29833333333332,373,2558,214,12.058823529411764,0,0,1
13264.0,250,1,722.5600000000001,722.5600000000001,38,375,0,-1.0,1,1,1
13265.0,53,2,1124.88,562.44,39,882,28,28.0,0,0,1
13266.0,11,12,3811.35,317.6125,117,4323,518,46.81818181818182,0,0,1
13267.0,7,28,7446.91,265.9610714285714,126,3071,532,19.37037037037037,0,0,1
13268.0,6,5,1837.78,367.556,199,2217,68,16.75,0,0,1
13269.0,26,18,5593.7,310.7611111111111,185,4388,519,30.235294117647058,0,0,1
13270.0,174,1,1180.0,1180.0,1,400,0,-1.0,1,1,1
13274.0,217,1,360.85,360.85,19,199,0,-1.0,1,1,1
13275.0,191,2,241.66,120.83,48,140,248,248.0,0,1,1
13276.0,205,3,1348.33,449.4433333333333,184,694,245,122.0,0,0,1
13277.0,188,3,264.9,88.3,7,206,159,79.5,0,0,1
13278.0,207,3,893.12,297.70666666666665,48,821,210,105.0,0,1,1
13280.0,124,6,2207.13,367.855,157,1425,328,65.2,0,0,1
13281.0,247,1,350.85,350.85,22,201,0,-1.0,1,1,1
13282.0,28,2,525.75,262.875,27,187,185,185.0,0,0,1
13283.0,375,2,279.7,139.85,13,114,72,72.0,0,0,1
13284.0,138,1,201.19,201.19,13,91,0,-1.0,1,1,1
13285.0,34,4,1828.74,457.185,112,1320,397,132.0,0,0,1
13286.0,408,1,734.91,734.91,46,274,0,-1.0,1,1,1
13287.0,411,3,781.59,260.53000000000003,46,429,101,50.5,0,1,1
13288.0,251,5,927.61,185.522,7,379,223,55.25,0,1,1
13289.0,531,1,307.95,307.95,16,119,0,-1.0,1,1,1
13290.0,246,1,208.63,208.63,1,1,0,-1.0,1,1,1
13291.0,222,10,2959.73,295.973,134,1386,252,27.333333333333332,0,0,1
13292.0,92,4,665.14,166.285,41,316,242,80.0,0,1,1
13293.0,200,6,1192.94,198.82333333333335,51,555,276,54.8,0,1,1
13294.0,57,2,1299.44,649.72,80,860,396,396.0,0,0,1
13295.0,167,4,1101.97,275.4925,56,733,217,72.0,0,1,1
13296.0,231,5,705.11,141.022,46,575,153,38.0,0,0,1
13297.0,193,3,2278.77,759.59,58,1731,157,78.0,0,1,1
13299.0,76,3,1218.7,406.23333333333335,56,416,260,129.5,0,1,1
13300.0,196,2,913.62,456.81,29,252,186,186.0,0,0,1
13301.0,30,2,327.77,163.885,40,189,69,69.0,0,0,1
13302.0,334,1,95.45,95.45,2,7,0,-1.0,1,0,1
13303.0,208,1,61.72,61.72,4,26,0,-1.0,1,1,1
13304.0,159,4,1217.99,304.4975,59,716,318,105.66666666666667,0,1,1
13305.0,53,10,2394.1,239.41,123,1616,393,43.22222222222222,0,0,1
13306.0,238,1,53.65,53.65,4,74,0,-1.0,1,1,1
13307.0,295,2,258.34,129.17,14,136,104,104.0,0,0,1
13308.0,11,2,1099.81,549.905,42,749,393,393.0,0,1,1
13309.0,14,3,796.22,265.4066666666667,59,986,186,93.0,0,0,1
13310.0,14,4,1226.82,306.705,65,624,195,64.66666666666667,0,1,1
13312.0,259,1,124.75,124.75,5,41,0,-1.0,1,1,1
13313.0,23,9,2499.7400000000002,277.7488888888889,89,1788,521,64.75,0,0,1
13315.0,497,1,310.26,310.26,22,232,0,-1.0,1,1,1
13316.0,62,7,8836.32,1262.3314285714284,71,16472,385,63.666666666666664,0,0,1
13317.0,6,18,5526.3910000000005,307.02172222222225,181,2614,527,30.647058823529413,0,1,1
13319.0,15,43,15764.79,366.62302325581396,256,6444,525,12.119047619047619,0,0,1
13320.0,21,4,1188.01,297.0025,62,849,265,88.0,0,0,1
13324.0,11,15,7190.51,479.36733333333336,30,5716,360,25.357142857142858,0,0,1
13326.0,240,1,281.76,281.76,13,140,0,-1.0,1,1,1
13327.0,67,16,7673.66,479.60375,145,3451,461,30.333333333333332,0,0,1
13328.0,124,1,1308.48,1308.48,17,680,0,-1.0,1,1,1
13329.0,174,7,4628.17,661.1671428571428,60,3198,368,61.0,0,1,1
13330.0,123,4,2001.07,500.2675,58,1422,338,112.66666666666667,0,0,1
13331.0,209,1,262.4,262.4,12,54,0,-1.0,1,1,1
13333.0,219,3,1015.74,338.58,54,685,247,123.0,0,1,1
13334.0,113,3,4387.37,1462.4566666666667,241,2289,346,173.0,0,0,1
13337.0,354,1,1575.26,1575.26,87,980,0,-1.0,1,1,1
13338.0,349,3,1958.6,652.8666666666667,101,895,161,80.0,0,0,1
13339.0,8,1,860.12,860.12,54,326,0,-1.0,1,1,1
13340.0,84,6,15042.11,2507.0183333333334,116,5471,378,75.4,0,0,1
13341.0,68,1,775.85,775.85,42,301,0,-1.0,1,1,1
13344.0,85,1,1656.15,1656.15,68,599,0,-1.0,1,1,1
13345.0,95,1,389.5,389.5,20,141,0,-1.0,1,1,1
13346.0,270,6,299.4,49.9,4,180,133,26.4,0,1,1
13357.0,65,5,3838.36,767.672,284,2142,369,92.0,0,1,1
13358.0,76,1,439.03,439.03,29,285,0,-1.0,1,1,1
13359.0,211,1,603.75,603.75,33,220,0,-1.0,1,1,1
13360.0,239,4,1553.65,388.4125,58,942,269,89.0,0,1,1
13361.0,280,2,1450.5,725.25,29,324,145,145.0,0,1,1
13362.0,53,5,3884.86,776.972,161,1826,179,44.25,0,1,1
13363.0,217,1,731.36,731.36,42,436,0,-1.0,1,1,1
13365.0,25,1,700.6,700.6,39,404,0,-1.0,1,1,1
13367.0,239,1,510.20000000000005,510.20000000000005,20,253,0,-1.0,1,1,1
13368.0,64,4,1121.5,280.375,45,606,166,55.0,0,1,1
13369.0,173,1,616.5600000000001,616.5600000000001,14,298,0,-1.0,1,1,1
13370.0,179,1,1509.74,1509.74,39,686,0,-1.0,1,1,1
13371.0,313,2,2297.66,1148.83,75,1019,127,127.0,0,1,1
13373.0,84,4,5262.64,1315.66,222,3070,457,152.0,0,0,1
13374.0,222,2,422.8,211.4,17,135,34,34.0,0,1,1
13375.0,252,1,1013.58,1013.58,34,682,0,-1.0,1,0,1
13376.0,11,2,770.0,385.0,34,356,30,30.0,0,0,1
13377.0,204,2,1552.88,776.44,71,748,249,249.0,0,1,1
13380.0,240,1,62.4,62.4,3,48,0,-1.0,1,1,1
13381.0,15,8,5656.41,707.05125,125,3693,531,75.28571428571429,0,0,1
13382.0,88,5,1387.58,277.51599999999996,74,863,451,112.25,0,1,1
13383.0,351,1,305.28000000000003,305.28000000000003,1,288,0,-1.0,1,1,1
13384.0,198,4,2528.9,632.225,81,1720,110,36.333333333333336,0,0,1
13385.0,137,1,534.57,534.57,35,281,0,-1.0,1,1,1
13386.0,222,2,835.46,417.73,24,514,22,22.0,0,1,1
13387.0,225,1,189.44,189.44,71,125,0,-1.0,1,1,1
13388.0,411,1,508.55,508.55,34,419,0,-1.0,1,0,1
13389.0,40,1,257.89,257.89,18,115,0,-1.0,1,0,1
13391.0,11,1,59.8,59.8,1,4,0,-1.0,1,1,1
13392.0,485,1,91.14,91.14,8,82,0,-1.0,1,1,1
13393.0,391,4,1131.45,282.8625,53,662,148,49.0,0,1,1
13394.0,22,14,5037.01,359.7864285714286,199,3681,524,39.76923076923077,0,0,1
13395.0,208,2,872.51,436.255,56,1324,21,21.0,0,0,1
13396.0,127,1,387.27000000000004,387.27000000000004,15,139,0,-1.0,1,1,1
13397.0,102,7,2249.51,321.35857142857145,58,1097,394,65.33333333333333,0,0,1
13398.0,0,2,670.34,335.17,37,341,256,256.0,0,1,1
13399.0,272,3,275.4,91.8,10,120,54,27.0,0,1,1
13400.0,390,1,310.83,310.83,23,284,0,-1.0,1,1,1
13402.0,180,3,1222.18,407.3933333333334,43,818,192,95.5,0,0,1
13403.0,195,2,154.5,77.25,6,70,335,335.0,0,1,1
13404.0,20,1,217.81,217.81,9,99,0,-1.0,1,1,1
13405.0,12,5,1198.81,239.762,32,853,520,129.5,0,0,1
13406.0,235,2,568.92,284.46,7,292,204,204.0,0,1,1
13407.0,386,3,2244.7,748.2333333333332,85,1690,83,41.0,0,1,1
13408.0,15,69,34723.532,503.23959420289856,232,19865,528,7.397058823529412,0,0,1
13410.0,71,6,1603.54,267.25666666666666,21,954,468,93.2,0,0,1
13412.0,428,1,487.34999999999997,487.34999999999997,33,176,0,-1.0,1,1,1
13413.0,447,6,429.44,71.57333333333334,38,455,47,9.2,0,1,1
13414.0,104,4,1493.64,373.41,27,1728,306,101.66666666666667,0,0,1
13415.0,280,4,800.67,200.1675,85,502,255,85.0,0,1,1
13416.0,544,1,228.3,228.3,7,66,0,-1.0,1,0,1
13417.0,13,5,1264.66,252.93200000000002,42,442,464,115.75,0,1,1
13418.0,12,22,9446.77,429.3986363636364,250,5414,524,24.61904761904762,0,0,1
13421.0,98,7,3077.08,439.5828571428571,157,1734,373,62.0,0,1,1
13423.0,236,1,217.03,217.03,12,141,0,-1.0,1,1,1
13424.0,257,1,572.77,572.77,40,529,0,-1.0,1,1,1
13425.0,102,3,2180.9900000000002,726.9966666666668,96,1541,284,141.5,0,0,1
13426.0,46,16,5811.08,363.1925,124,3525,491,32.333333333333336,0,0,1
13427.0,23,4,638.4300000000001,159.60750000000002,23,465,507,168.66666666666666,0,0,1
13428.0,322,2,281.51,140.755,66,210,0,0.0,0,1,1
13431.0,214,6,2047.14,341.19,74,898,253,50.2,0,0,1
13432.0,379,2,439.1,219.55,98,217,40,40.0,0,1,1
13433.0,309,4,658.3199999999999,164.57999999999998,22,190,195,64.66666666666667,0,1,1
13434.0,193,3,1132.6200000000001,377.54,14,564,270,135.0,0,0,1
13435.0,184,2,665.34,332.67,40,662,123,123.0,0,0,1
13438.0,355,1,46.5,46.5,1,10,0,-1.0,1,1,1
13439.0,63,3,986.61,328.87,132,952,270,135.0,0,1,1
13440.0,231,7,1295.25,185.03571428571428,49,573,28,4.5,0,1,1
13441.0,239,1,424.26,424.26,25,316,0,-1.0,1,0,1
13442.0,475,3,419.87,139.95666666666668,33,115,70,35.0,0,1,1
13443.0,256,6,1280.16,213.36,176,809,228,45.4,0,1,1
13444.0,182,2,631.6800000000001,315.84000000000003,51,337,131,131.0,0,1,1
13445.0,434,1,241.89999999999998,241.89999999999998,7,198,0,-1.0,1,1,1
13446.0,238,11,3881.89,352.8990909090909,113,2403,233,22.9,0,1,1
13448.0,26,11,7124.76,647.7054545454546,271,3464,514,51.1,0,0,1
13450.0,12,9,2754.86,306.09555555555556,47,2914,398,49.25,0,0,1
13451.0,19,9,5867.15,651.9055555555556,490,4224,417,51.75,0,0,1
13452.0,67,3,729.8,243.26666666666665,2,6,213,106.5,0,1,1
13453.0,97,2,609.71,304.855,28,283,112,112.0,0,0,1
13454.0,449,1,219.87,219.87,23,198,0,-1.0,1,1,1
13455.0,174,5,2540.53,508.10600000000005,70,821,364,90.5,0,1,1
13456.0,15,1,207.66,207.66,13,100,0,-1.0,1,0,1
13457.0,496,2,148.22,74.11,9,96,48,48.0,0,1,1
13458.0,22,8,7942.32,992.79,220,4661,174,24.428571428571427,0,0,1
13459.0,432,2,1160.4099999999999,580.2049999999999,57,986,57,57.0,0,1,1
13461.0,215,3,2715.0,905.0,25,1962,190,94.5,0,0,1
13462.0,60,5,1153.85,230.76999999999998,64,697,473,118.0,0,1,1
13464.0,202,5,2422.96,484.592,95,1037,223,55.75,0,1,1
13465.0,254,2,931.12,465.56,34,584,139,139.0,0,1,1
13466.0,216,4,705.45,176.3625,34,401,219,73.0,0,0,1
13468.0,9,56,11276.66,201.36892857142857,253,4719,535,9.107142857142858,0,0,1
13469.0,461,1,82.4,82.4,6,52,0,-1.0,1,1,1
13472.0,271,2,592.24,296.12,24,310,91,91.0,0,1,1
13473.0,140,7,2476.38,353.7685714285714,56,932,391,64.66666666666667,0,1,1
13474.0,44,3,663.79,221.26333333333332,116,334,258,129.0,0,1,1
13475.0,25,3,1278.48,426.16,62,934,80,40.0,0,0,1
13476.0,89,4,1550.6000000000001,387.65000000000003,61,460,363,120.66666666666667,0,0,1
13477.0,19,7,1895.62,270.80285714285714,84,1341,472,78.5,0,0,1
13478.0,277,5,2215.78,443.15600000000006,114,1189,207,51.25,0,1,1
13479.0,8,4,851.37,212.8425,45,716,276,68.5,0,1,1
13480.0,224,2,627.82,313.91,40,362,262,262.0,0,1,1
13481.0,0,8,3005.27,375.65875,128,1549,543,77.0,0,0,1
13482.0,40,2,336.09,168.045,20,187,395,395.0,0,1,1
13484.0,49,3,790.72,263.5733333333333,38,224,398,199.0,0,1,1
13485.0,41,11,3019.2200000000003,274.4745454545455,131,1798,503,49.9,0,1,1
13487.0,21,4,680.27,170.0675,26,310,521,173.66666666666666,0,1,1
13488.0,4,16,12150.0,759.375,306,5905,487,32.13333333333333,0,0,1
13489.0,97,2,235.68,117.84,6,352,5,5.0,0,0,1
13490.0,462,1,154.25,154.25,8,25,0,-1.0,1,1,1
13491.0,55,25,4382.37,175.2948,133,2240,485,19.75,0,0,1
13492.0,22,1,315.3,315.3,15,114,0,-1.0,1,0,0
13493.0,83,2,618.63,309.315,6,380,11,11.0,0,1,0
13494.0,119,1,316.26000000000005,316.26000000000005,18,162,0,-1.0,1,1,1
13495.0,40,8,4401.82,550.2275,50,2330,500,71.0,0,1,1
13496.0,167,1,501.01,501.01,26,229,0,-1.0,1,1,1
13497.0,90,6,1320.33,220.05499999999998,52,579,386,76.8,0,1,1
13498.0,538,1,327.38,327.38,17,362,0,-1.0,1,1,1
13499.0,33,2,463.79,231.895,18,265,44,44.0,0,0,1
13500.0,209,1,299.53,299.53,20,229,0,-1.0,1,0,1
13501.0,96,3,2885.11,961.7033333333334,90,1253,282,140.5,0,1,0
13502.0,82,4,677.66,169.415,20,336,273,90.33333333333333,0,1,1
13503.0,287,5,1688.54,337.70799999999997,148,870,181,45.0,0,1,1
13505.0,0,2,1916.09,958.045,90,853,40,40.0,0,0,0
13506.0,124,5,1639.2,327.84000000000003,55,1174,144,35.75,0,1,1
13508.0,51,2,287.05,143.525,27,180,399,399.0,0,1,1
13509.0,62,4,785.02,196.255,23,874,253,84.0,0,0,1
13510.0,183,7,2766.73,395.2471428571429,126,1658,343,56.666666666666664,0,0,1
13511.0,484,1,282.76,282.76,5,60,0,-1.0,1,1,1
13512.0,68,4,713.39,178.3475,31,419,322,107.0,0,1,1
13513.0,249,2,619.49,309.745,24,255,213,213.0,0,0,1
13514.0,236,3,663.7,221.23333333333335,13,248,253,126.5,0,0,1
13515.0,55,3,578.1,192.70000000000002,28,318,396,198.0,0,0,1
13516.0,46,2,441.85,220.925,22,185,179,179.0,0,0,1
13519.0,250,1,220.46,220.46,11,110,0,-1.0,1,0,1
13520.0,67,8,4764.35,595.54375,65,2296,463,65.85714285714286,0,0,0
13523.0,7,4,3505.88,876.47,117,1430,202,67.0,0,1,1
13524.0,27,1,159.20000000000002,159.20000000000002,9,100,0,-1.0,1,0,1
13525.0,56,1,282.88,282.88,2,208,0,-1.0,1,1,1
13526.0,546,2,1182.0,591.0,29,1911,0,0.0,0,1,1
13527.0,9,7,2981.87,425.9814285714286,174,1300,485,80.5,0,0,1
13529.0,12,1,181.1,181.1,7,30,0,-1.0,1,0,1
13530.0,442,1,402.97999999999996,402.97999999999996,18,272,0,-1.0,1,1,1
13531.0,13,6,1738.52,289.75333333333333,44,600,531,106.0,0,1,1
13533.0,75,2,146.64,73.32,42,107,0,0.0,0,0,1
13534.0,7,26,4499.62,173.06230769230768,120,2249,320,12.4,0,0,1
13535.0,210,1,89.5,89.5,1,10,0,-1.0,1,1,1
13537.0,233,2,717.85,358.925,38,337,26,26.0,0,1,1
13538.0,82,7,2336.18,333.73999999999995,102,862,400,66.16666666666667,0,0,1
13539.0,48,6,1253.67,208.94500000000002,58,621,350,69.4,0,0,1
13540.0,275,3,632.39,210.79666666666665,26,189,188,94.0,0,1,1
13541.0,235,2,785.25,392.625,10,279,143,143.0,0,1,1
13542.0,184,17,4006.17,235.6570588235294,98,815,352,21.5625,0,1,1
13543.0,442,2,1439.6100000000001,719.8050000000001,37,329,52,52.0,0,1,1
13544.0,48,5,660.5,132.1,186,306,404,100.75,0,1,1
13545.0,198,2,374.64,187.32,54,257,153,153.0,0,1,1
13546.0,8,3,653.3100000000001,217.77,58,339,223,111.5,0,1,1
13547.0,216,1,175.53,175.53,44,82,0,-1.0,1,1,1
13548.0,51,2,507.59,253.795,117,288,227,227.0,0,0,1
13549.0,0,4,600.15,150.0375,34,403,194,64.33333333333333,0,0,1
13550.0,191,1,349.51,349.51,40,454,0,-1.0,1,1,1
13551.0,127,2,244.2,122.1,5,36,346,346.0,0,1,1
13552.0,13,15,5100.14,340.00933333333336,125,1830,453,32.0,0,0,1
13553.0,482,1,517.8,517.8,85,206,0,-1.0,1,1,1
13554.0,188,7,1638.28,234.04,156,581,66,10.666666666666666,0,1,1
13555.0,9,11,6439.96,585.4509090909091,204,3035,487,48.5,0,0,1
13556.0,237,2,200.82,100.41,8,134,6,6.0,0,1,1
13557.0,88,12,2688.88,224.07333333333335,116,2076,450,40.36363636363637,0,1,1
13559.0,320,2,990.0,495.0,1,360,30,30.0,0,1,1
13561.0,23,11,1820.72,165.52,131,1136,433,43.0,0,1,1
13562.0,53,6,3642.12,607.02,72,1079,448,89.2,0,0,1
13564.0,162,36,16698.91,463.8586111111111,484,9250,383,10.542857142857143,0,0,1
13565.0,142,2,284.76,142.38,28,166,76,76.0,0,1,1
13566.0,242,3,833.41,277.80333333333334,159,691,205,102.0,0,0,1
13567.0,236,4,1083.69,270.9225,180,645,113,37.333333333333336,0,1,1
13569.0,175,3,638.35,212.78333333333333,103,282,60,29.5,0,1,1
13570.0,51,1,239.49,239.49,27,161,0,-1.0,1,1,1
13571.0,0,17,2846.82,167.46,180,1713,539,33.1875,0,0,1
13572.0,13,1,1384.25,1384.25,32,534,0,-1.0,1,1,1
13573.0,61,5,653.84,130.768,54,367,383,95.25,0,1,1
13574.0,219,1,421.25,421.25,84,316,0,-1.0,1,1,1
13576.0,27,17,7580.8,445.9294117647059,109,3035,511,31.5625,0,0,1
13577.0,49,8,2158.43,269.80375,66,1001,483,68.71428571428571,0,0,1
13578.0,217,1,147.66,147.66,9,127,0,-1.0,1,1,1
13579.0,177,4,1236.7,309.175,62,634,290,96.0,0,1,1
13580.0,214,1,107.75,107.75,5,45,0,-1.0,1,1,1
13581.0,117,2,280.53000000000003,140.26500000000001,32,119,104,104.0,0,1,1
13582.0,197,2,241.68,120.84,10,106,227,227.0,0,1,1
13583.0,487,1,664.001,664.001,43,372,0,-1.0,1,0,1
13584.0,114,3,392.45,130.81666666666666,74,363,369,184.0,0,1,1
13585.0,338,3,684.54,228.17999999999998,29,1386,207,103.5,0,1,1
13586.0,349,1,131.53,131.53,20,39,0,-1.0,1,1,1
13587.0,257,3,961.1,320.3666666666667,20,484,214,107.0,0,1,1
13588.0,63,1,113.30000000000001,113.30000000000001,8,48,0,-1.0,1,0,1
13589.0,257,4,741.09,185.2725,29,179,284,94.33333333333333,0,0,1
13590.0,7,15,5279.7,351.97999999999996,241,4239,538,38.07142857142857,0,0,1
13591.0,12,6,1753.04,292.17333333333335,71,628,520,103.8,0,1,1
13592.0,13,3,205.51,68.50333333333333,12,71,58,29.0,0,1,1
13593.0,71,12,4509.56,375.7966666666667,190,1829,383,34.45454545454545,0,0,1
13594.0,293,1,136.35000000000002,136.35000000000002,7,37,0,-1.0,1,1,1
13595.0,324,3,818.22,272.74,114,353,129,64.5,0,1,1
13597.0,208,2,396.71,198.355,17,231,2,2.0,0,1,1
13598.0,303,4,609.42,152.355,46,343,156,52.0,0,1,1
13599.0,6,19,7019.62,369.4536842105263,139,4418,540,29.72222222222222,0,0,1
13600.0,120,2,518.42,259.21,35,599,321,321.0,0,1,1
13601.0,19,3,865.02,288.34,114,699,335,167.5,0,1,1
13602.0,189,3,596.28,198.76,29,271,179,89.5,0,1,1
13604.0,466,1,717.62,717.62,21,242,0,-1.0,1,1,1
13605.0,195,2,522.67,261.335,50,425,184,184.0,0,1,1
13606.0,51,2,250.42,125.21,37,243,68,68.0,0,1,1
13607.0,210,1,400.3,400.3,24,178,0,-1.0,1,1,1
13608.0,348,1,236.2,236.2,31,113,0,-1.0,1,1,1
13609.0,401,1,167.35,167.35,7,19,0,-1.0,1,1,1
13610.0,51,9,1393.72,154.85777777777778,204,549,460,56.875,0,0,1
13611.0,167,8,2450.88,306.36,131,1419,377,53.42857142857143,0,0,1
13612.0,440,1,818.29,818.29,50,444,0,-1.0,1,1,1
13613.0,260,5,1039.8500000000001,207.97000000000003,50,445,207,51.75,0,1,1
13614.0,138,3,954.48,318.16,73,283,220,110.0,0,0,1
13615.0,126,8,6272.53,784.06625,259,2910,361,51.142857142857146,0,1,1
13616.0,376,2,288.1,144.05,31,175,122,122.0,0,1,1
13617.0,216,5,734.57,146.91400000000002,31,293,86,21.25,0,0,1
13619.0,352,2,231.69,115.845,39,84,129,129.0,0,1,1
13620.0,336,1,112.34,112.34,5,74,0,-1.0,1,1,1
13622.0,504,1,658.95,658.95,32,379,0,-1.0,1,1,1
13623.0,18,9,2370.63,263.40333333333336,198,879,527,65.25,0,1,1
13624.0,196,1,462.08,462.08,22,820,0,-1.0,1,1,1
13625.0,404,1,301.26,301.26,21,144,0,-1.0,1,1,1
13626.0,60,2,707.04,353.52,44,398,126,126.0,0,1,1
13627.0,12,4,1213.35,303.3375,76,802,435,144.66666666666666,0,0,1
13628.0,484,1,310.14,310.14,16,106,0,-1.0,1,1,1
13629.0,18,12,8466.5,705.5416666666666,7,5000,455,40.81818181818182,0,0,1
13630.0,53,2,730.92,365.46,43,451,40,40.0,0,0,1
13631.0,9,4,1330.0,332.5,3,188,65,21.333333333333332,0,0,1
13632.0,41,5,2139.9100000000003,427.9820000000001,110,841,378,94.0,0,0,1
13634.0,50,13,4123.72,317.20923076923077,186,1645,456,37.5,0,0,1
13635.0,250,3,1928.1299999999999,642.7099999999999,89,1207,296,147.5,0,1,1
13636.0,60,3,541.45,180.48333333333335,32,303,32,16.0,0,0,1
13637.0,34,1,422.6,422.6,60,215,0,-1.0,1,0,1
13639.0,244,1,312.93,312.93,19,197,0,-1.0,1,0,1
13640.0,419,1,405.0,405.0,4,108,0,-1.0,1,1,1
13641.0,448,5,1016.47,203.294,41,1098,93,22.75,0,1,1
13642.0,23,4,514.72,128.68,93,253,217,72.33333333333333,0,1,1
13643.0,190,7,1637.33,233.9042857142857,57,629,349,57.666666666666664,0,0,1
13646.0,207,2,326.25,163.125,58,79,0,0.0,0,1,1
13647.0,42,5,1818.2,363.64,68,1175,368,91.5,0,0,1
13648.0,208,8,1764.02,220.5025,95,960,337,47.714285714285715,0,1,1
13649.0,64,6,1678.88,279.81333333333333,97,863,270,53.4,0,1,1
13650.0,15,6,2197.18,366.19666666666666,84,1108,475,94.6,0,0,1
13651.0,189,1,132.65,132.65,8,29,0,-1.0,1,1,1
13652.0,64,4,2114.01,528.5025,102,1282,395,131.33333333333334,0,1,1
13653.0,295,1,152.2,152.2,9,72,0,-1.0,1,1,1
13654.0,9,8,4773.51,596.68875,192,3389,535,76.0,0,0,1
13655.0,49,5,1731.19,346.238,73,735,349,87.25,0,0,1
13656.0,145,3,861.9,287.3,64,485,258,128.5,0,0,1
13657.0,9,1,152.34,152.34,9,132,0,-1.0,1,1,1
13658.0,12,5,4319.63,863.926,119,1452,468,116.75,0,0,1
13659.0,13,12,4894.88,407.9066666666667,224,2539,455,41.0,0,1,1
13660.0,208,1,314.59,314.59,39,137,0,-1.0,1,1,1
13661.0,411,1,325.24,325.24,17,118,0,-1.0,1,1,1
13662.0,20,10,1885.29,188.529,109,999,446,49.44444444444444,0,0,1
13663.0,188,4,1858.04,464.51,75,802,266,88.33333333333333,0,0,1
13665.0,194,3,1711.6599999999999,570.5533333333333,97,1652,117,58.5,0,1,1
13666.0,95,4,107.3,26.825,15,50,448,149.0,0,1,1
13668.0,9,25,10484.42,419.3768,298,4689,527,21.5,0,0,1
13669.0,215,1,195.0,195.0,5,156,0,-1.0,1,0,1
13671.0,202,1,194.95,194.95,61,107,0,-1.0,1,1,1
13672.0,109,3,419.92,139.97333333333333,13,138,429,214.0,0,1,1
13674.0,240,1,240.68,240.68,14,102,0,-1.0,1,1,1
13675.0,92,1,308.44,308.44,15,204,0,-1.0,1,0,1
13676.0,347,2,243.9,121.95,13,104,80,80.0,0,1,1
13677.0,212,2,556.1899999999999,278.09499999999997,98,218,115,57.5,0,1,1
13679.0,301,3,281.26,93.75333333333333,44,102,241,120.5,0,1,1
13680.0,145,10,10104.84,1010.484,280,4511,397,43.666666666666664,0,1,1
13683.0,265,1,258.6,258.6,10,180,0,-1.0,1,1,1
13684.0,93,4,596.98,149.245,81,235,335,111.0,0,1,1
13686.0,188,2,337.04,168.52,23,308,21,21.0,0,0,1
13687.0,246,1,11880.84,11880.84,45,87167,0,-1.0,1,1,1
13688.0,443,1,375.5,375.5,5,130,0,-1.0,1,1,1
13689.0,252,1,349.5,349.5,3,210,0,-1.0,1,1,1
13691.0,204,1,212.78,212.78,54,145,0,-1.0,1,1,1
13692.0,21,4,2497.66,624.415,69,1610,206,68.33333333333333,0,1,1
13693.0,182,9,2011.82,223.53555555555556,78,880,358,44.25,0,1,1
13694.0,0,119,159642.54,1341.533949579832,776,152920,542,4.296610169491525,0,0,1
13695.0,21,5,552.08,110.41600000000001,14,376,364,90.75,0,0,1
13696.0,229,3,2020.4,673.4666666666667,24,552,244,121.5,0,1,1
13698.0,404,2,465.53000000000003,232.76500000000001,31,231,85,85.0,0,1,1
13699.0,358,1,455.57,455.57,23,153,0,-1.0,1,0,1
13700.0,48,8,1292.0,161.5,112,1626,430,61.142857142857146,0,0,1
13701.0,254,1,161.0,161.0,9,80,0,-1.0,1,1,1
13702.0,253,1,135.18,135.18,5,74,0,-1.0,1,1,1
13703.0,126,2,425.56,212.78,36,128,96,96.0,0,1,1
13705.0,181,5,1641.6100000000001,328.322,43,749,250,62.0,0,0,1
13706.0,110,2,631.17,315.585,38,301,324,324.0,0,1,1
13707.0,75,5,3365.86,673.172,142,2210,269,67.0,0,1,1
13708.0,79,1,296.88,296.88,49,306,0,-1.0,1,1,1
13709.0,123,6,1738.4,289.73333333333335,90,917,382,76.0,0,0,1
13710.0,231,2,329.04,164.52,7,160,188,188.0,0,1,1
13711.0,26,9,1792.26,199.14,80,819,505,62.75,0,1,1
13712.0,54,2,766.42,383.21,32,1128,364,364.0,0,1,1
13713.0,216,3,743.26,247.75333333333333,70,286,174,87.0,0,1,1
13714.0,273,1,161.35,161.35,30,50,0,-1.0,1,1,1
13715.0,89,17,8483.29,499.01705882352945,277,4934,357,21.8125,0,1,1
13716.0,77,1,138.28,138.28,21,138,0,-1.0,1,1,1
13717.0,48,4,888.88,222.22,54,878,244,81.0,0,0,1
13718.0,54,2,306.55,153.275,9,173,49,49.0,0,1,1
13719.0,13,8,2112.31,264.03875,159,1176,365,51.714285714285715,0,1,1
13720.0,46,2,432.1,216.05,26,250,16,16.0,0,0,1
13721.0,203,1,217.39999999999998,217.39999999999998,14,196,0,-1.0,1,1,1
13722.0,90,8,4723.47,590.43375,112,2616,363,51.714285714285715,0,0,1
13723.0,25,6,1209.2,201.53333333333333,51,629,394,78.6,0,1,1
13724.0,445,1,213.01,213.01,39,130,0,-1.0,1,1,1
13725.0,33,6,1751.6,291.93333333333334,83,696,83,16.2,0,0,1
13727.0,419,6,746.57,124.42833333333334,55,208,118,23.4,0,1,1
13728.0,6,13,2332.96,179.45846153846153,65,976,531,43.583333333333336,0,0,1
13729.0,243,3,724.73,241.57666666666668,36,419,248,123.5,0,1,1
13731.0,27,2,610.59,305.295,36,278,27,27.0,0,1,1
13733.0,218,2,487.03000000000003,243.51500000000001,28,335,324,324.0,0,1,1
13734.0,316,4,6701.640000000001,1675.4100000000003,24,303,94,31.0,0,1,1
13735.0,42,10,7863.13,786.313,292,3533,492,54.22222222222222,0,0,1
13736.0,68,6,2391.84,398.64000000000004,255,1283,473,94.2,0,1,1
13737.0,8,1,339.59999999999997,339.59999999999997,29,125,0,-1.0,1,1,1
13738.0,204,1,440.93,440.93,88,240,0,-1.0,1,1,1
13739.0,335,1,75.3,75.3,3,22,0,-1.0,1,1,1
13740.0,48,5,1597.77,319.554,83,991,496,123.75,0,1,1
13741.0,25,1,162.96,162.96,8,76,0,-1.0,1,0,1
13742.0,21,5,1642.48,328.496,132,682,106,26.25,0,0,1
13743.0,25,2,353.15999999999997,176.57999999999998,7,420,41,41.0,0,0,1
13744.0,100,1,893.16,893.16,44,995,0,-1.0,1,0,1
13745.0,354,1,477.32,477.32,31,650,0,-1.0,1,0,1
13746.0,221,1,176.69,176.69,9,83,0,-1.0,1,1,1
13747.0,181,2,249.39999999999998,124.69999999999999,4,68,51,51.0,0,1,1
13748.0,40,7,1900.95,271.56428571428575,32,892,505,84.0,0,0,1
13750.0,104,8,2643.7200000000003,330.46500000000003,39,1094,320,45.285714285714285,0,0,1
13751.0,96,1,296.25,296.25,9,152,0,-1.0,1,1,1
13752.0,16,4,1129.1200000000001,282.28000000000003,66,693,319,106.33333333333333,0,0,1
13753.0,95,4,2094.57,523.6425,64,1450,449,149.33333333333334,0,1,1
13754.0,125,2,320.45,160.225,16,183,119,119.0,0,0,1
13756.0,13,13,5421.59,417.04538461538465,118,2838,518,42.583333333333336,0,0,1
13757.0,482,1,195.55,195.55,8,54,0,-1.0,1,1,1
13758.0,9,13,8577.95,659.8423076923077,199,4717,537,44.333333333333336,0,1,1
13760.0,64,4,1211.94,302.985,80,522,336,112.0,0,1,1
13761.0,310,4,881.52,220.38,50,437,154,51.0,0,0,1
13762.0,26,5,2472.48,494.496,23,2608,479,119.25,0,1,1
13763.0,225,2,3502.48,1751.24,35,2496,17,17.0,0,1,1
13764.0,145,4,1931.39,482.8475,196,1449,305,101.33333333333333,0,0,1
13765.0,461,1,352.821,352.821,17,297,0,-1.0,1,1,1
13766.0,303,1,190.35,190.35,16,137,0,-1.0,1,1,1
13767.0,11,58,25561.460000000003,440.7148275862069,112,10955,535,8.964912280701755,0,0,1
13768.0,534,2,875.97,437.985,30,373,4,4.0,0,1,1
13769.0,15,15,4451.92,296.79466666666667,105,2024,515,36.357142857142854,0,0,1
13770.0,230,4,785.37,196.3425,48,468,308,102.33333333333333,0,1,1
13771.0,7,7,4559.22,651.3171428571429,135,2488,453,75.0,0,1,1
13772.0,47,6,2210.51,368.41833333333335,313,996,414,82.4,0,0,1
13773.0,204,2,301.54,150.77,19,174,263,263.0,0,1,1
13775.0,398,1,1049.66,1049.66,63,455,0,-1.0,1,1,1
13776.0,236,2,623.98,311.99,1,2,0,0.0,0,1,1
13777.0,15,47,40417.91,859.9555319148936,44,18935,529,11.108695652173912,0,0,1
13778.0,299,3,945.79,315.2633333333333,27,441,74,36.5,0,0,1
13779.0,323,1,161.13,161.13,27,53,0,-1.0,1,1,1
13780.0,215,1,375.81,375.81,35,163,0,-1.0,1,0,1
13781.0,58,3,778.83,259.61,56,300,470,234.5,0,1,1
13782.0,42,9,1243.02,138.11333333333334,141,434,499,62.0,0,0,1
13783.0,295,4,1542.09,385.5225,4,3437,185,61.0,0,1,1
13784.0,26,8,1219.9099999999999,152.48874999999998,10,1679,231,32.57142857142857,0,0,1
13785.0,236,4,542.49,135.6225,26,151,31,10.0,0,1,1
13786.0,175,6,3358.94,559.8233333333334,80,1652,368,73.4,0,1,1
13787.0,172,5,1019.86,203.972,56,717,330,82.25,0,0,1
13788.0,313,1,3.75,3.75,1,1,0,-1.0,1,1,1
13789.0,196,1,239.45999999999998,239.45999999999998,18,258,0,-1.0,1,1,1
13792.0,95,2,263.0,131.5,14,92,135,135.0,0,1,1
13793.0,454,1,96.0,96.0,7,52,0,-1.0,1,1,1
13794.0,354,1,126.03,126.03,9,63,0,-1.0,1,1,1
13795.0,196,4,836.3,209.075,23,1250,249,82.33333333333333,0,1,1
13796.0,307,1,289.7,289.7,22,218,0,-1.0,1,1,1
13797.0,244,3,1179.45,393.15000000000003,71,573,210,105.0,0,1,1
13798.0,4,85,60975.54,717.3592941176471,154,38369,534,5.940476190476191,0,0,1
13799.0,102,8,2456.41,307.05125,52,1323,349,49.57142857142857,0,0,1
13800.0,117,3,1679.56,559.8533333333334,73,891,427,213.0,0,1,1
13802.0,62,18,24790.75,1377.263888888889,210,13351,407,23.529411764705884,0,0,1
13803.0,63,3,1338.91,446.30333333333334,73,831,363,181.5,0,1,1
13804.0,97,3,1296.3600000000001,432.12000000000006,69,752,146,73.0,0,0,1
13807.0,175,3,534.8,178.26666666666665,24,152,368,184.0,0,1,1
13809.0,113,3,679.7,226.5666666666667,23,281,155,77.0,0,1,0
13811.0,43,2,481.5,240.75,7,30,3,3.0,0,0,0
13813.0,335,4,1398.61,349.6525,50,740,205,68.0,0,0,0
13814.0,335,1,678.2,678.2,22,350,0,-1.0,1,0,0
13815.0,126,5,4460.39,892.0780000000001,151,3429,347,86.5,0,0,0
13817.0,159,1,128.7,128.7,9,63,0,-1.0,1,1,0
13818.0,237,1,61.28,61.28,5,60,0,-1.0,1,1,1
13819.0,109,6,2642.35,440.39166666666665,47,2309,436,86.8,0,1,1
13820.0,226,3,660.65,220.21666666666667,68,287,262,130.5,0,1,1
13821.0,69,5,1295.24,259.048,151,440,442,110.0,0,0,1
13823.0,188,5,2445.79,489.158,91,1125,343,85.5,0,0,1
13824.0,11,10,2848.8,284.88,47,1192,433,47.666666666666664,0,0,1
13825.0,429,2,255.59,127.795,38,182,108,108.0,0,1,1
13829.0,229,1,102.0,102.0,1,12,0,-1.0,1,1,1
13830.0,389,1,156.85000000000002,156.85000000000002,11,47,0,-1.0,1,1,1
13831.0,8,15,5918.58,394.572,119,2207,528,37.285714285714285,0,0,1
13832.0,230,1,561.49,561.49,51,394,0,-1.0,1,1,1
13833.0,212,1,316.56,316.56,16,126,0,-1.0,1,0,1
13834.0,384,2,324.19,162.095,15,221,92,92.0,0,1,1
13835.0,23,4,589.15,147.2875,34,235,430,143.0,0,0,1
13836.0,207,2,620.37,310.185,29,273,15,15.0,0,1,1
13837.0,19,2,271.24,135.62,17,183,105,105.0,0,1,1
13838.0,177,7,1512.47,216.06714285714287,242,614,209,34.666666666666664,0,0,1
13839.0,294,1,139.95000000000002,139.95000000000002,7,25,0,-1.0,1,1,1
13840.0,224,1,651.4,651.4,40,358,0,-1.0,1,1,1
13841.0,60,1,85.0,85.0,1,100,0,-1.0,1,1,1
13842.0,7,15,4072.76,271.51733333333334,158,1840,461,32.42857142857143,0,0,1
13843.0,189,1,319.75,319.75,18,145,0,-1.0,1,1,1
13846.0,50,3,1106.66,368.8866666666667,69,662,157,78.0,0,1,1
13847.0,527,1,310.72,310.72,19,96,0,-1.0,1,1,1
13848.0,105,7,3015.0,430.7142857142857,3,9200,432,71.66666666666667,0,0,1
13849.0,205,3,1931.35,643.7833333333333,108,867,227,113.0,0,0,1
13851.0,96,6,2201.32,366.8866666666667,56,970,391,77.8,0,0,1
13852.0,418,1,187.35000000000002,187.35000000000002,11,85,0,-1.0,1,1,1
13854.0,4,30,9303.98,310.13266666666664,53,2954,504,16.896551724137932,0,0,1
13855.0,308,4,1310.3400000000001,327.58500000000004,64,575,230,76.0,0,1,1
13856.0,11,9,847.9300000000001,94.21444444444445,30,715,415,51.375,0,0,1
13857.0,201,6,1001.01,166.835,99,782,177,35.0,0,1,1
13859.0,134,2,515.86,257.93,34,167,203,203.0,0,1,1
13861.0,237,2,273.26,136.63,21,225,101,101.0,0,1,1
13862.0,40,4,1199.04,299.76,67,842,157,52.0,0,0,1
13863.0,55,4,1239.55,309.8875,59,553,345,114.66666666666667,0,1,1
13864.0,194,1,662.4000000000001,662.4000000000001,1,192,0,-1.0,1,1,1
13865.0,97,1,123.30000000000001,123.30000000000001,7,42,0,-1.0,1,0,1
13867.0,26,1,138.85,138.85,8,31,0,-1.0,1,0,1
13869.0,70,9,6591.58,732.3977777777777,425,3365,428,53.125,0,0,1
13870.0,95,8,3485.17,435.64625,113,2508,381,54.142857142857146,0,0,1
13871.0,14,9,3878.33,430.92555555555555,106,1748,512,63.5,0,0,1
13872.0,335,3,919.57,306.52333333333337,51,339,198,99.0,0,1,1
13873.0,26,7,879.72,125.67428571428572,47,398,427,70.5,0,0,1
13874.0,166,7,2049.15,292.7357142857143,46,864,314,52.0,0,1,1
13875.0,65,11,3711.2599999999998,337.3872727272727,126,2226,465,46.2,0,0,1
13877.0,278,2,332.44,166.22,20,370,219,219.0,0,0,1
13878.0,355,3,1191.53,397.1766666666667,59,484,56,27.5,0,1,1
13879.0,453,1,395.5,395.5,25,204,0,-1.0,1,1,1
13880.0,25,9,2198.52,244.28,85,1342,344,42.625,0,0,1
13881.0,21,27,31589.04,1169.9644444444446,161,22182,431,16.192307692307693,0,0,1
13883.0,26,14,5628.32,402.0228571428571,190,3052,512,39.0,0,1,1
13884.0,85,8,1297.13,162.14125,87,562,192,27.0,0,0,1
13885.0,8,1,399.15,399.15,23,159,0,-1.0,1,0,1
13887.0,12,1,349.55,349.55,19,147,0,-1.0,1,1,1
13888.0,26,6,1802.94,300.49,110,723,357,71.0,0,0,1
13889.0,190,5,1574.3300000000002,314.86600000000004,50,833,303,75.5,0,0,1
13890.0,166,5,1233.92,246.78400000000002,50,654,374,93.0,0,0,1
13891.0,186,3,863.5600000000001,287.85333333333335,97,479,203,101.5,0,1,1
13892.0,54,3,689.1999999999999,229.73333333333332,11,2282,329,164.0,0,1,1
13893.0,105,1,821.1,821.1,21,190,0,-1.0,1,1,1
13894.0,118,1,160.85,160.85,10,105,0,-1.0,1,1,1
13895.0,323,2,1415.45,707.725,67,695,220,220.0,0,0,1
13896.0,433,1,388.55,388.55,21,149,0,-1.0,1,1,1
13897.0,246,2,849.56,424.78,42,620,238,238.0,0,1,1
13898.0,133,2,686.4,343.2,43,544,85,85.0,0,1,1
13899.0,82,1,298.5,298.5,15,122,0,-1.0,1,1,1
13900.0,0,5,1602.09,320.418,79,937,431,107.75,0,0,1
13901.0,64,12,3457.44,288.12,178,1913,447,40.45454545454545,0,0,1
13902.0,440,5,34095.26,6819.052000000001,58,220600,92,22.5,0,1,0
13903.0,208,1,165.45000000000002,165.45000000000002,10,103,0,-1.0,1,1,1
13904.0,102,1,201.12,201.12,17,223,0,-1.0,1,1,1
13905.0,540,1,312.65,312.65,12,135,0,-1.0,1,1,1
13906.0,217,1,42.0,42.0,1,100,0,-1.0,1,1,1
13907.0,499,1,136.8,136.8,4,68,0,-1.0,1,1,1
13908.0,22,2,831.11,415.555,49,558,61,61.0,0,0,1
13909.0,231,2,286.6,143.3,35,302,98,98.0,0,1,1
13911.0,5,17,3357.99,197.52882352941174,152,3221,451,27.625,0,0,1
13912.0,231,1,124.95,124.95,7,29,0,-1.0,1,1,1
13913.0,314,1,42.22,42.22,3,10,0,-1.0,1,1,1
13915.0,202,1,70.80000000000001,70.80000000000001,2,24,0,-1.0,1,1,1
13916.0,271,4,1275.81,318.9525,72,673,211,70.33333333333333,0,1,1
13918.0,61,1,198.2,198.2,8,100,0,-1.0,1,1,1
13919.0,232,2,975.87,487.935,45,659,116,116.0,0,0,0
13920.0,239,4,1774.68,443.67,81,1772,130,43.0,0,1,1
13921.0,210,4,730.7,182.675,36,210,319,105.66666666666667,0,1,1
13922.0,159,3,865.2,288.40000000000003,30,467,115,57.5,0,1,1
13927.0,245,1,359.27,359.27,20,249,0,-1.0,1,0,1
13929.0,134,10,3064.2999999999997,306.42999999999995,38,1466,368,40.666666666666664,0,0,1
13931.0,88,10,4398.06,439.80600000000004,177,2974,455,50.22222222222222,0,0,1
13932.0,102,1,307.4,307.4,16,72,0,-1.0,1,1,1
13934.0,71,1,922.1,922.1,31,390,0,-1.0,1,1,1
13935.0,404,3,6116.92,2038.9733333333334,67,2252,55,27.5,0,1,1
13936.0,190,2,563.08,281.54,31,331,31,31.0,0,0,1
13937.0,210,1,721.28,721.28,45,464,0,-1.0,1,0,1
13939.0,119,5,1176.91,235.382,62,963,300,74.75,0,0,1
13941.0,105,12,8128.3,677.3583333333333,36,4042,425,38.18181818181818,0,0,1
13942.0,342,1,320.0,320.0,1,1000,0,-1.0,1,1,1
13943.0,385,1,246.54,246.54,15,94,0,-1.0,1,1,1
13944.0,461,1,200.43,200.43,35,153,0,-1.0,1,1,1
13945.0,202,2,854.15,427.075,49,413,85,85.0,0,1,1
13946.0,9,5,1800.63,360.12600000000003,48,2667,534,133.0,0,0,1
13948.0,168,4,548.76,137.19,23,248,374,124.66666666666667,0,1,1
13950.0,54,1,179.30999999999997,179.30999999999997,7,81,0,-1.0,1,0,1
13951.0,44,2,516.05,258.025,32,315,57,57.0,0,0,1
13952.0,25,14,12823.521,915.9657857142857,238,5947,505,38.38461538461539,0,1,1
13953.0,18,8,4875.0,609.375,1,3900,517,73.42857142857143,0,0,1
13955.0,113,2,427.31,213.655,63,230,69,69.0,0,0,1
13956.0,51,2,293.67,146.835,49,135,28,28.0,0,0,1
13957.0,225,3,458.25,152.75,21,157,240,120.0,0,1,1
13958.0,187,8,4709.2300000000005,588.6537500000001,172,2264,354,50.285714285714285,0,1,1
13959.0,89,5,815.42,163.084,75,541,230,57.0,0,0,1
13961.0,200,1,538.4,538.4,19,226,0,-1.0,1,1,1
13962.0,53,2,310.85,155.425,19,103,190,190.0,0,1,1
13963.0,116,17,3011.87,177.16882352941175,129,2061,288,17.5625,0,1,1
13964.0,195,2,438.9,219.45,22,228,43,43.0,0,1,1
13965.0,284,3,996.61,332.2033333333333,23,425,226,113.0,0,1,1
13966.0,243,1,390.86,390.86,21,772,0,-1.0,1,1,1
13967.0,204,1,85.6,85.6,4,24,0,-1.0,1,0,1
13968.0,231,1,123.66,123.66,8,174,0,-1.0,1,1,1
13969.0,26,23,5819.01,253.0004347826087,304,3118,406,18.0,0,0,1
13970.0,194,2,846.55,423.275,10,469,51,51.0,0,1,1
13971.0,22,9,2883.83,320.42555555555555,129,1980,468,58.125,0,0,1
13972.0,9,1,145.9,145.9,9,42,0,-1.0,1,1,1
13973.0,95,1,264.7,264.7,11,109,0,-1.0,1,1,1
13974.0,390,1,264.13,264.13,15,107,0,-1.0,1,1,1
13975.0,23,8,3794.17,474.27125,345,2773,459,65.14285714285714,0,0,1
13976.0,14,4,1192.36,298.09,49,452,461,153.33333333333334,0,1,1
13977.0,219,1,519.8100000000001,519.8100000000001,13,303,0,-1.0,1,1,1
13979.0,201,6,2546.36,424.3933333333334,309,1657,343,68.2,0,0,1
13980.0,247,4,599.78,149.945,47,305,216,71.66666666666667,0,1,1
13981.0,223,1,331.14,331.14,22,234,0,-1.0,1,1,1
13982.0,134,7,3477.58,496.79714285714283,96,2112,361,59.666666666666664,0,0,1
13983.0,40,15,6050.39,403.3593333333334,212,3648,498,35.07142857142857,0,0,1
13984.0,57,10,1845.3200000000002,184.532,50,1331,482,53.111111111111114,0,0,1
13985.0,22,9,3601.53,400.17,85,1805,453,56.25,0,0,1
13987.0,187,2,682.54,341.27,46,492,21,21.0,0,1,1
13988.0,8,4,1965.92,491.48,110,1110,424,141.0,0,0,1
13989.0,47,4,1656.65,414.1625,53,1763,324,108.0,0,1,1
13990.0,21,1,311.3,311.3,16,190,0,-1.0,1,1,1
13992.0,188,2,142.7,71.35,5,90,82,82.0,0,1,1
13993.0,13,14,4802.17,343.01214285714286,102,1640,531,40.46153846153846,0,0,1
13995.0,53,10,2818.77,281.877,117,1663,475,52.333333333333336,0,0,1
13996.0,194,2,895.76,447.88,29,613,13,13.0,0,1,1
13997.0,327,3,382.31,127.43666666666667,36,146,31,15.5,0,1,1
13998.0,254,3,566.7,188.9,30,204,129,64.5,0,1,1
13999.0,22,21,6847.27,326.0604761904762,147,3701,520,25.55,0,0,1
14000.0,19,5,2046.3400000000001,409.26800000000003,28,1838,526,131.25,0,1,1
14001.0,40,8,3796.15,474.51875,48,1543,260,36.857142857142854,0,1,1
14003.0,540,1,209.41,209.41,16,149,0,-1.0,1,1,1
14004.0,96,5,2575.83,515.1659999999999,69,1139,146,36.5,0,0,1
14005.0,23,1,187.16,187.16,14,240,0,-1.0,1,0,1
14006.0,49,6,1896.57,316.09499999999997,53,1987,411,82.0,0,0,1
14007.0,320,1,79.48,79.48,5,16,0,-1.0,1,1,1
14008.0,240,1,509.04,509.04,32,326,0,-1.0,1,1,1
14009.0,6,3,1099.91,366.6366666666667,71,951,264,132.0,0,1,1
14010.0,373,2,445.15,222.575,20,177,0,0.0,0,1,1
14011.0,288,2,457.82,228.91,32,644,127,127.0,0,1,1
14012.0,85,1,328.8,328.8,11,160,0,-1.0,1,1,1
14013.0,83,3,730.05,243.35,35,403,347,173.5,0,0,1
14014.0,184,2,1443.03,721.515,37,928,200,200.0,0,0,1
14016.0,15,10,10426.83,1042.683,324,5025,492,54.22222222222222,0,0,0
14017.0,379,1,229.75,229.75,14,73,0,-1.0,1,1,1
14018.0,453,1,367.15000000000003,367.15000000000003,13,224,0,-1.0,1,1,1
14020.0,284,2,606.21,303.105,29,207,52,52.0,0,0,1
14021.0,19,6,1586.38,264.3966666666667,80,838,381,75.6,0,0,1
14022.0,33,2,792.15,396.075,45,681,261,261.0,0,1,1
14023.0,58,1,273.14,273.14,16,162,0,-1.0,1,1,1
14024.0,198,1,318.04,318.04,18,88,0,-1.0,1,0,1
14025.0,272,8,4057.9,507.2375,60,1914,119,16.571428571428573,0,1,1
14026.0,278,2,713.11,356.555,43,427,154,154.0,0,1,1
14028.0,358,3,10396.5,3465.5,3,7170,0,0.0,0,1,1
14030.0,51,17,7337.22,431.60117647058826,522,3521,485,29.875,0,0,1
14031.0,4,36,31616.87,878.2463888888889,244,11745,540,15.0,0,0,1
14032.0,14,10,3410.25,341.025,68,2973,519,57.22222222222222,0,0,1
14033.0,363,1,109.44,109.44,1,576,0,-1.0,1,1,1
14035.0,75,6,2129.28,354.88000000000005,47,1054,344,68.2,0,0,1
14036.0,92,1,626.65,626.65,38,268,0,-1.0,1,1,1
14037.0,172,5,801.55,160.31,95,578,368,91.25,0,0,1
14038.0,15,3,2225.82,741.94,87,1244,466,232.5,0,0,1
14039.0,383,1,115.08000000000001,115.08000000000001,4,100,0,-1.0,1,1,1
14040.0,23,28,10480.03,374.2867857142857,298,4061,523,18.925925925925927,0,0,1
14041.0,74,1,141.41,141.41,21,94,0,-1.0,1,1,1
14042.0,533,1,431.98,431.98,21,180,0,-1.0,1,1,1
14043.0,299,2,304.25,152.125,37,153,238,238.0,0,1,1
14044.0,117,7,2644.02,377.71714285714285,465,1893,374,61.833333333333336,0,0,1
14045.0,145,15,10905.029999999999,727.002,16,4539,362,25.357142857142858,0,0,1
14046.0,92,1,154.99,154.99,14,460,0,-1.0,1,1,1
14047.0,7,12,3582.34,298.52833333333336,88,1478,477,39.416666666666664,0,0,1
14048.0,113,3,748.69,249.56333333333336,126,467,77,38.5,0,1,1
14049.0,8,11,10615.77,965.07,465,6775,416,41.2,0,0,1
14051.0,21,25,12657.09,506.2836,74,3791,523,21.291666666666668,0,0,1
14052.0,198,1,255.45,255.45,65,98,0,-1.0,1,1,1
14053.0,205,2,312.05,156.025,3,275,89,89.0,0,0,1
14055.0,385,2,795.3199999999999,397.65999999999997,23,504,145,145.0,0,0,1
14056.0,5,10,3301.98,330.198,221,1865,87,9.222222222222221,0,0,1
14057.0,7,13,4867.41,374.41615384615386,194,4150,537,44.25,0,0,1
14058.0,270,2,469.19,234.595,23,211,67,67.0,0,1,1
14059.0,74,1,183.6,183.6,8,128,0,-1.0,1,1,1
14060.0,13,21,6335.76,301.70285714285717,72,5681,433,21.2,0,0,1
14061.0,315,3,917.4300000000001,305.81,17,133,230,114.5,0,1,1
14062.0,47,18,19973.98,1109.6655555555556,136,9925,490,28.470588235294116,0,0,1
14063.0,246,9,22710.2,2523.355555555556,30,3850,293,36.25,0,1,1
14064.0,19,13,2820.84,216.98769230769233,100,3484,475,39.25,0,0,1
14065.0,197,3,891.02,297.00666666666666,42,582,42,21.0,0,1,1
14066.0,74,1,152.55,152.55,7,45,0,-1.0,1,1,1
14068.0,128,4,1528.3700000000001,382.09250000000003,93,513,357,118.66666666666667,0,1,1
14069.0,322,2,230.06,115.03,37,59,46,46.0,0,1,1
14070.0,492,1,326.55,326.55,40,86,0,-1.0,1,1,1
14071.0,68,2,356.81,178.405,22,295,4,4.0,0,1,1
14072.0,474,1,390.85,390.85,19,65,0,-1.0,1,1,1
14074.0,431,1,219.39999999999998,219.39999999999998,6,228,0,-1.0,1,1,1
14075.0,69,4,1100.53,275.1325,48,1010,280,92.66666666666667,0,1,1
14077.0,33,3,315.27,105.08999999999999,35,191,169,84.0,0,0,1
14078.0,21,7,1227.24,175.32,89,472,407,67.66666666666667,0,0,1
14079.0,490,1,243.63,243.63,1,1,0,-1.0,1,0,1
14080.0,221,4,1070.08,267.52,70,220,323,80.5,0,1,1
14081.0,110,10,5370.1,537.01,465,3712,426,47.22222222222222,0,1,1
14082.0,172,2,413.36,206.68,48,246,27,27.0,0,1,1
14083.0,7,7,878.3,125.47142857142856,96,624,522,86.66666666666667,0,0,1
14084.0,320,1,150.5,150.5,7,306,0,-1.0,1,1,1
14085.0,6,25,8468.84,338.7536,431,5048,533,21.833333333333332,0,0,1
14086.0,270,1,39.95,39.95,1,1,0,-1.0,1,1,1
14087.0,212,2,651.8,325.9,126,476,330,330.0,0,1,1
14088.0,130,4,21089.9,5272.475,170,4538,98,32.666666666666664,0,0,1
14090.0,132,1,76.32000000000001,76.32000000000001,1,72,0,-1.0,1,1,1
14091.0,462,2,9530.08,4765.04,13,3316,44,44.0,0,1,1
14092.0,4,16,4950.01,309.375625,134,2439,526,34.666666666666664,0,0,1
14094.0,247,1,335.22,335.22,41,177,0,-1.0,1,1,1
14095.0,530,1,2.95,2.95,1,1,0,-1.0,1,1,1
14097.0,289,2,422.85999999999996,211.42999999999998,39,352,164,164.0,0,1,1
14099.0,26,14,3983.0,284.5,224,2731,511,38.76923076923077,0,0,1
14101.0,5,11,8144.53,740.4118181818181,19,9450,423,41.7,0,0,1
14104.0,197,3,555.37,185.12333333333333,100,437,170,84.5,0,0,1
14105.0,47,5,5988.83,1197.766,200,3534,482,120.0,0,1,1
14106.0,545,1,214.79999999999998,214.79999999999998,1,24,0,-1.0,1,1,1
14107.0,28,8,3649.15,456.14375,89,2772,509,72.42857142857143,0,0,1
14108.0,539,2,447.05,223.525,18,279,6,6.0,0,0,1
14110.0,28,23,9006.32,391.5791304347826,148,4170,518,23.136363636363637,0,0,1
14111.0,49,1,94.2,94.2,2,148,0,-1.0,1,0,1
14112.0,11,9,4071.94,452.4377777777778,160,2560,450,56.0,0,0,1
14113.0,162,13,5685.6900000000005,437.3607692307693,58,2796,377,30.916666666666668,0,0,1
14114.0,81,7,1364.09,194.86999999999998,72,650,332,54.833333333333336,0,1,1
14115.0,309,2,622.6700000000001,311.33500000000004,22,509,165,165.0,0,1,1
14118.0,236,1,458.45,458.45,15,97,0,-1.0,1,1,1
14119.0,183,2,183.37,91.685,11,177,342,342.0,0,1,1
14122.0,214,3,362.42,120.80666666666667,12,114,331,165.0,0,1,1
14123.0,541,1,436.18,436.18,24,234,0,-1.0,1,1,1
14126.0,252,1,466.33000000000004,466.33000000000004,28,379,0,-1.0,1,1,1
14127.0,64,5,1642.6000000000001,328.52000000000004,88,704,169,41.5,0,0,1
14128.0,63,2,592.25,296.125,34,519,295,295.0,0,1,1
14129.0,68,5,1826.3799999999999,365.27599999999995,37,986,318,79.0,0,0,1
14130.0,127,4,1882.67,470.6675,189,1239,408,135.66666666666666,0,1,1
14131.0,456,1,187.87,187.87,45,118,0,-1.0,1,1,1
14133.0,123,2,623.5,311.75,24,202,417,417.0,0,0,1
14134.0,190,15,11123.35,741.5566666666667,130,5814,347,24.428571428571427,0,1,1
14135.0,28,17,7074.87,416.1688235294118,111,8020,517,31.9375,0,0,1
14136.0,208,5,1570.81,314.162,86,1148,331,82.5,0,1,1
14137.0,503,1,332.7,332.7,11,462,0,-1.0,1,1,1
14139.0,298,3,670.98,223.66,29,539,52,26.0,0,1,1
14142.0,181,2,983.15,491.575,42,831,273,273.0,0,1,1
14144.0,294,1,30.599999999999998,30.599999999999998,1,12,0,-1.0,1,1,1
14145.0,25,4,4986.45,1246.6125,11,1127,393,130.66666666666666,0,0,1
14146.0,62,9,7163.03,795.8922222222222,248,4154,440,54.75,0,0,1
14147.0,93,8,2289.6,286.2,23,927,354,50.285714285714285,0,0,1
14148.0,41,2,466.29,233.145,15,223,180,180.0,0,1,1
14149.0,28,1,446.62,446.62,28,218,0,-1.0,1,1,1
14150.0,167,1,306.18,306.18,12,262,0,-1.0,1,1,1
14151.0,481,2,679.45,339.725,44,405,43,43.0,0,1,1
14152.0,42,6,1690.56,281.76,90,1502,425,70.5,0,0,1
14153.0,291,1,233.4,233.4,17,312,0,-1.0,1,1,1
14154.0,47,8,6460.7,807.5875,236,3222,456,64.85714285714286,0,1,1
14155.0,74,1,118.75,118.75,6,25,0,-1.0,1,1,1
14156.0,15,119,240473.97,2020.7896638655461,1218,128319,530,4.067796610169491,0,0,0
14157.0,93,4,847.07,211.7675,68,455,360,119.33333333333333,0,1,1
14159.0,64,11,3897.09,354.2809090909091,428,2701,479,47.5,0,0,1
14160.0,418,7,8421.47,1203.0671428571427,80,4661,88,14.5,0,1,1
14161.0,23,7,3318.88,474.1257142857143,202,1623,510,84.5,0,1,1
14162.0,100,1,177.68,177.68,13,110,0,-1.0,1,0,1
14163.0,7,3,898.5,299.5,26,338,262,131.0,0,0,1
14165.0,83,1,122.53999999999999,122.53999999999999,23,54,0,-1.0,1,1,1
14166.0,313,2,256.85,128.425,39,84,121,121.0,0,1,1
14167.0,71,6,980.65,163.44166666666666,41,272,417,82.8,0,0,1
14168.0,228,2,370.45,185.225,11,147,143,143.0,0,1,1
14169.0,238,2,624.4300000000001,312.21500000000003,50,208,13,13.0,0,1,1
14170.0,183,3,597.33,199.11,123,290,19,9.0,0,1,1
14171.0,538,1,135.0,135.0,6,44,0,-1.0,1,0,1
14172.0,413,3,402.72,134.24,38,88,37,18.5,0,1,1
14173.0,27,3,249.2,83.06666666666666,13,84,511,255.5,0,1,1
14175.0,137,6,4779.16,796.5266666666666,136,1640,298,59.0,0,0,1
14176.0,105,5,916.01,183.202,33,326,83,20.5,0,1,1
14177.0,189,9,1669.93,185.54777777777778,118,843,270,33.625,0,0,1
14180.0,13,23,4855.2,211.09565217391304,108,643,342,15.136363636363637,0,0,1
14181.0,218,2,310.55,155.275,48,122,151,151.0,0,1,1
14182.0,251,4,678.77,169.6925,42,174,152,50.666666666666664,0,1,1
14183.0,219,2,286.29,143.145,27,61,69,69.0,0,1,1
14185.0,139,1,197.65,197.65,3,6,0,-1.0,1,1,1
14186.0,235,5,1550.63,310.12600000000003,75,1550,217,53.75,0,1,1
14187.0,281,1,123.5,123.5,8,50,0,-1.0,1,1,1
14188.0,22,2,760.9,380.45,17,413,95,95.0,0,0,1
14189.0,8,9,3316.38,368.4866666666667,118,2578,188,23.0,0,0,1
14190.0,474,1,79.9,79.9,1,2,0,-1.0,1,1,1
14191.0,7,4,562.0,140.5,29,371,528,175.66666666666666,0,0,1
14192.0,196,1,293.74,293.74,14,218,0,-1.0,1,1,1
14193.0,77,2,779.34,389.67,39,458,126,126.0,0,1,1
14194.0,4,22,10728.94,487.6790909090909,344,5939,505,22.772727272727273,0,0,1
14195.0,9,6,2615.6,435.93333333333334,10,2144,432,86.2,0,1,1
14197.0,218,1,390.05,390.05,20,143,0,-1.0,1,1,1
14198.0,47,6,1051.63,175.27166666666668,41,437,464,92.6,0,0,1
14199.0,26,4,1091.7,272.925,15,254,312,103.66666666666667,0,1,1
14200.0,425,1,379.2,379.2,21,140,0,-1.0,1,1,1
14201.0,23,6,810.36,135.06,30,490,372,74.0,0,0,1
14202.0,189,3,847.76,282.58666666666664,27,166,243,121.5,0,1,1
14203.0,205,1,339.34,339.34,16,80,0,-1.0,1,1,1
14204.0,230,3,901.9300000000001,300.6433333333334,158,410,315,157.0,0,1,1
14205.0,72,8,2170.4,271.3,70,1264,378,53.57142857142857,0,1,1
14206.0,47,3,1185.01,395.00333333333333,62,930,163,81.0,0,1,1
14207.0,495,1,157.8,157.8,2,36,0,-1.0,1,1,1
14208.0,359,1,415.31,415.31,25,415,0,-1.0,1,0,1
14209.0,21,12,4002.9900000000002,333.58250000000004,125,1383,472,42.36363636363637,0,0,1
14210.0,5,15,5555.33,370.3553333333333,141,2485,505,35.642857142857146,0,0,1
14211.0,15,14,3071.08,219.36285714285714,117,1830,522,39.76923076923077,0,0,1
14212.0,253,1,1119.6599999999999,1119.6599999999999,12,894,0,-1.0,1,0,1
14213.0,212,1,1192.2,1192.2,5,244,0,-1.0,1,1,1
14214.0,85,1,638.65,638.65,37,313,0,-1.0,1,0,1
14215.0,123,6,2548.7200000000003,424.7866666666667,123,1384,416,82.8,0,0,1
14216.0,222,1,310.74,310.74,18,118,0,-1.0,1,1,1
14217.0,15,13,2235.8,171.9846153846154,89,822,320,26.083333333333332,0,0,1
14219.0,217,2,543.89,271.945,32,285,83,83.0,0,1,1
14220.0,55,4,1515.0,378.75,26,468,321,107.0,0,1,1
14221.0,14,10,3948.67,394.867,92,1995,405,44.666666666666664,0,0,1
14223.0,72,1,304.9,304.9,18,130,0,-1.0,1,0,1
14224.0,23,7,1343.1,191.87142857142857,167,579,329,54.5,0,0,1
14225.0,242,4,2037.02,509.255,70,1168,261,87.0,0,1,1
14226.0,18,3,2479.74,826.5799999999999,66,1505,230,115.0,0,1,1
14227.0,4,12,5417.27,451.4391666666667,237,3507,473,42.81818181818182,0,0,1
14228.0,245,3,745.5,248.5,38,260,108,53.5,0,1,1
14229.0,99,6,1808.97,301.495,37,627,179,35.4,0,1,1
14230.0,243,3,979.8000000000001,326.6,27,246,112,56.0,0,1,1
14231.0,40,3,927.86,309.2866666666667,56,494,218,109.0,0,0,1
14232.0,72,1,693.1800000000001,693.1800000000001,47,568,0,-1.0,1,0,1
14233.0,19,6,2400.65,400.10833333333335,30,991,432,86.0,0,1,1
14235.0,34,6,2837.68,472.94666666666666,89,1911,392,78.0,0,0,1
14236.0,180,4,1443.08,360.77,29,540,133,44.0,0,0,1
14237.0,181,2,632.14,316.07,26,276,217,217.0,0,1,1
14238.0,134,3,434.23,144.74333333333334,13,189,408,204.0,0,1,1
14239.0,8,16,3177.36,198.585,80,1330,533,35.06666666666667,0,0,1
14240.0,33,2,584.0,292.0,26,316,197,197.0,0,1,1
14241.0,504,1,120.0,120.0,2,96,0,-1.0,1,0,1
14242.0,42,2,280.55,140.275,13,123,91,91.0,0,1,1
14243.0,53,12,6355.35,529.6125000000001,214,3123,230,20.454545454545453,0,0,1
14244.0,468,1,366.41999999999996,366.41999999999996,16,814,0,-1.0,1,1,1
14245.0,27,2,1693.45,846.725,107,976,43,43.0,0,1,1
14246.0,53,1,449.64,449.64,24,216,0,-1.0,1,0,1
14247.0,86,5,772.66,154.53199999999998,82,382,273,67.75,0,1,1
14248.0,126,3,1032.95,344.31666666666666,41,692,197,98.0,0,1,1
14249.0,218,12,5625.461,468.7884166666667,178,2487,268,24.181818181818183,0,1,1
14252.0,189,1,350.99,350.99,10,111,0,-1.0,1,1,1
14253.0,301,2,363.40000000000003,181.70000000000002,11,88,129,129.0,0,1,1
14254.0,240,1,601.03,601.03,23,263,0,-1.0,1,1,1
14255.0,354,1,1000.63,1000.63,1,1,0,-1.0,1,1,1
14256.0,68,5,2473.9900000000002,494.79800000000006,100,1171,434,108.25,0,1,1
14257.0,126,5,3474.87,694.9739999999999,127,2074,329,81.75,0,0,1
14258.0,7,22,26989.18,1226.780909090909,87,15026,536,25.0,0,0,1
14260.0,279,3,824.28,274.76,50,544,77,38.5,0,1,1
14262.0,48,1,240.0,240.0,16,196,0,-1.0,1,0,1
14263.0,231,1,322.93,322.93,16,171,0,-1.0,1,1,1
14264.0,53,5,1299.09,259.818,52,501,365,91.25,0,0,1
14265.0,272,2,843.17,421.585,47,385,147,147.0,0,0,0
14266.0,236,1,40.56,40.56,1,24,0,-1.0,1,1,1
14267.0,68,2,836.36,418.18,15,280,0,0.0,0,0,1
14268.0,278,1,354.85,354.85,19,147,0,-1.0,1,1,1
14269.0,247,1,295.73,295.73,16,123,0,-1.0,1,1,1
14270.0,139,1,492.65000000000003,492.65000000000003,29,197,0,-1.0,1,1,1
14271.0,33,2,219.13,109.565,38,149,183,183.0,0,1,1
14272.0,62,3,614.94,204.98000000000002,38,585,327,163.5,0,0,1
14273.0,25,2,218.7,109.35,10,109,24,24.0,0,0,1
14274.0,494,1,256.6,256.6,15,178,0,-1.0,1,1,1
14275.0,203,6,1189.3799999999999,198.23,14,538,211,42.0,0,1,1
14276.0,97,5,1324.14,264.82800000000003,50,878,370,92.25,0,0,1
14277.0,20,7,14647.04,2092.434285714286,218,88689,513,85.16666666666667,0,1,0
14278.0,217,1,205.83,205.83,13,131,0,-1.0,1,1,1
14279.0,328,2,191.86,95.93,3,46,160,160.0,0,1,1
14280.0,4,1,134.04,134.04,8,52,0,-1.0,1,1,1
14281.0,216,1,245.15,245.15,7,45,0,-1.0,1,1,1
14282.0,11,15,5929.5,395.3,80,4051,459,32.42857142857143,0,0,1
14283.0,271,4,628.4399999999999,157.10999999999999,36,550,106,35.333333333333336,0,1,1
14284.0,461,1,704.4,704.4,35,349,0,-1.0,1,0,1
14285.0,321,4,1374.41,343.6025,33,413,217,72.0,0,0,1
14286.0,50,5,5901.09,1180.218,218,6455,492,123.0,0,1,1
14287.0,6,2,83.28,41.64,4,216,0,0.0,0,1,1
14288.0,21,1,426.6,426.6,16,188,0,-1.0,1,1,1
14289.0,7,3,594.22,198.07333333333335,30,214,90,44.5,0,0,1
14290.0,169,4,2979.4700000000003,744.8675000000001,59,905,369,122.66666666666667,0,0,1
14291.0,18,15,5634.31,375.6206666666667,195,4271,519,36.857142857142854,0,0,1
14292.0,12,9,5479.53,608.8366666666666,98,2229,426,52.875,0,0,1
14293.0,113,7,2729.39,389.91285714285715,63,1283,424,70.16666666666667,0,0,1
14294.0,215,1,375.34,375.34,23,190,0,-1.0,1,1,1
14295.0,246,4,2196.71,549.1775,61,945,292,97.0,0,1,1
14296.0,229,2,456.40000000000003,228.20000000000002,27,314,152,152.0,0,1,1
14297.0,82,1,232.6,232.6,11,78,0,-1.0,1,1,1
14298.0,27,64,66475.82,1038.6846875,1022,74345,508,7.7936507936507935,0,0,1
14299.0,126,22,12099.81,549.9913636363636,99,6421,419,19.571428571428573,0,0,1
14301.0,224,3,1352.04,450.68,29,1080,250,125.0,0,0,1
14302.0,238,3,742.9000000000001,247.63333333333335,25,298,306,153.0,0,1,1
14303.0,215,2,277.94,138.97,21,218,27,27.0,0,1,1
14304.0,30,3,1725.01,575.0033333333333,69,775,348,173.5,0,1,1
14306.0,186,4,1058.0800000000002,264.52000000000004,12,990,298,99.0,0,0,1
14307.0,27,7,3770.29,538.6128571428571,150,2495,512,84.83333333333333,0,0,1
14308.0,357,2,1147.02,573.51,1,2,0,0.0,0,1,1
14309.0,42,6,2364.16,394.02666666666664,96,1574,316,62.6,0,0,1
14310.0,240,1,492.1,492.1,22,230,0,-1.0,1,1,1
14311.0,50,2,516.45,258.225,31,235,324,324.0,0,1,1
14312.0,81,8,2072.72,259.09,109,1132,230,32.42857142857143,0,0,1
14314.0,238,1,109.80000000000001,109.80000000000001,2,36,0,-1.0,1,0,1
14315.0,74,3,1247.09,415.69666666666666,46,579,368,183.5,0,0,1
14316.0,230,5,1370.34,274.068,21,4494,208,51.5,0,1,1
14318.0,268,1,158.02,158.02,9,152,0,-1.0,1,1,1
14319.0,232,1,494.85,494.85,26,329,0,-1.0,1,1,1
14320.0,14,5,1346.75,269.35,68,713,480,120.0,0,1,1
14321.0,141,3,1014.13,338.04333333333335,84,1514,139,69.0,0,0,1
14322.0,237,4,474.1,118.525,10,158,230,76.66666666666667,0,1,1
14323.0,46,1,299.82,299.82,19,222,0,-1.0,1,0,1
14324.0,217,2,701.61,350.805,41,402,283,283.0,0,1,1
14325.0,377,1,245.48000000000002,245.48000000000002,18,320,0,-1.0,1,1,1
14326.0,50,3,940.98,313.66,54,572,290,145.0,0,1,1
14327.0,190,5,1583.28,316.656,89,1157,318,79.0,0,0,1
14328.0,246,1,445.05,445.05,1,1,0,-1.0,1,1,1
14329.0,81,10,7037.9800000000005,703.798,265,3946,449,49.44444444444444,0,0,1
14330.0,431,1,200.63,200.63,13,103,0,-1.0,1,1,1
14332.0,189,2,1077.2,538.6,31,412,35,35.0,0,0,1
14334.0,11,9,3444.5,382.72222222222223,137,2402,365,45.0,0,0,1
14336.0,6,3,1114.39,371.46333333333337,53,989,77,38.0,0,1,1
14338.0,4,2,919.85,459.925,43,621,340,340.0,0,0,1
14339.0,50,2,620.27,310.135,21,456,186,186.0,0,1,1
14340.0,26,1,134.7,134.7,6,58,0,-1.0,1,1,1
14341.0,23,14,2988.19,213.44214285714287,126,1834,523,39.92307692307692,0,0,1
14342.0,18,3,559.48,186.49333333333334,18,276,262,130.5,0,0,1
14343.0,229,4,1088.91,272.2275,193,631,268,89.0,0,1,1
14344.0,14,18,3089.65,171.64722222222224,124,1525,419,24.11764705882353,0,0,1
14346.0,105,4,1556.61,389.1525,88,1377,200,66.33333333333333,0,0,1
14347.0,544,1,82.6,82.6,6,48,0,-1.0,1,1,1
14348.0,68,1,409.57,409.57,18,183,0,-1.0,1,1,1
14350.0,82,3,972.03,324.01,55,543,155,77.5,0,1,1
14352.0,42,2,845.32,422.66,35,410,38,38.0,0,0,1
14353.0,23,3,376.5,125.5,18,344,216,108.0,0,1,1
14355.0,173,3,1014.45,338.15000000000003,57,709,261,130.5,0,1,1
14358.0,197,2,400.06,200.03,21,338,38,38.0,0,1,1
14361.0,386,1,214.70999999999998,214.70999999999998,14,251,0,-1.0,1,1,1
14363.0,210,2,227.47000000000003,113.73500000000001,8,105,49,49.0,0,1,1
14364.0,8,2,1117.2,558.6,11,600,10,10.0,0,0,1
14365.0,202,2,634.68,317.34,50,557,287,287.0,0,1,1
14366.0,333,1,136.0,136.0,1,16,0,-1.0,1,1,1
14367.0,20,6,2829.11,471.5183333333334,134,1344,64,12.6,0,0,1
14368.0,127,1,155.0,155.0,8,36,0,-1.0,1,1,1
14369.0,450,2,469.13,234.565,24,255,19,19.0,0,1,1
14370.0,258,6,1175.78,195.96333333333334,37,266,226,44.8,0,1,1
14371.0,103,1,100.5,100.5,4,34,0,-1.0,1,1,1
14372.0,251,2,860.08,430.04,36,378,156,156.0,0,1,1
14373.0,166,1,76.55,76.55,4,17,0,-1.0,1,1,1
14374.0,349,1,108.0,108.0,7,20,0,-1.0,1,1,1
14375.0,258,2,875.31,437.655,128,465,91,91.0,0,0,1
14376.0,491,1,215.46,215.46,17,50,0,-1.0,1,1,1
14377.0,70,1,314.6,314.6,4,124,0,-1.0,1,0,1
14378.0,429,1,131.25,131.25,9,57,0,-1.0,1,1,1
14379.0,103,3,1031.79,343.93,75,549,184,92.0,0,1,1
14380.0,490,1,48.96,48.96,1,1,0,-1.0,1,1,1
14381.0,259,1,428.65999999999997,428.65999999999997,56,307,0,-1.0,1,1,1
14382.0,198,1,620.73,620.73,137,464,0,-1.0,1,1,1
14384.0,308,1,58.5,58.5,3,30,0,-1.0,1,1,1
14386.0,104,1,142.4,142.4,7,54,0,-1.0,1,1,1
14388.0,11,11,4661.35,423.75909090909096,130,3164,485,48.0,0,0,1
14389.0,232,3,854.55,284.84999999999997,29,659,165,82.0,0,0,1
14390.0,19,7,2783.09,397.5842857142857,150,1204,214,35.333333333333336,0,0,1
14391.0,384,1,135.6,135.6,14,168,0,-1.0,1,1,1
14392.0,240,1,266.4,266.4,14,114,0,-1.0,1,1,1
14393.0,26,1,67.95,67.95,5,13,0,-1.0,1,1,1
14394.0,372,1,93.8,93.8,6,58,0,-1.0,1,1,1
14395.0,30,16,6326.24,395.39,254,3205,377,24.8,0,0,1
14396.0,179,6,1744.29,290.715,167,836,366,72.8,0,1,1
14397.0,6,2,242.24,121.12,11,224,15,15.0,0,0,1
14398.0,209,2,707.79,353.895,50,267,126,126.0,0,1,1
14399.0,202,8,2113.16,264.145,119,968,280,39.57142857142857,0,1,1
14400.0,216,2,1157.77,578.885,47,1252,223,223.0,0,0,1
14401.0,123,11,3296.54,299.68545454545455,79,2362,410,40.6,0,0,1
14402.0,460,1,285.6,285.6,8,240,0,-1.0,1,1,1
14403.0,25,4,1380.71,345.1775,20,621,422,140.33333333333334,0,0,1
14404.0,67,10,2148.37,214.837,90,1122,459,50.666666666666664,0,0,1
14405.0,194,1,195.0,195.0,2,100,0,-1.0,1,1,1
14407.0,13,2,1002.6800000000001,501.34000000000003,33,416,71,71.0,0,0,1
14408.0,46,6,2208.88,368.1466666666667,13,1206,493,98.4,0,0,1
14409.0,126,6,2362.7400000000002,393.79,52,1592,248,49.2,0,0,1
14410.0,14,8,2324.87,290.60875,251,1156,230,32.42857142857143,0,0,1
14411.0,118,1,1063.0,1063.0,14,196,0,-1.0,1,1,1
14412.0,232,1,656.16,656.16,41,642,0,-1.0,1,0,1
14413.0,170,4,770.37,192.5925,93,280,326,108.33333333333333,0,1,1
14414.0,166,2,1119.55,559.775,28,511,16,16.0,0,0,1
14415.0,6,15,8590.57,572.7046666666666,345,4400,525,37.0,0,0,1
14417.0,195,1,604.2,604.2,106,567,0,-1.0,1,1,1
14419.0,60,3,510.41,170.13666666666668,53,231,130,64.5,0,0,1
14420.0,204,3,1251.65,417.2166666666667,58,786,294,147.0,0,0,1
14421.0,19,5,2111.44,422.288,67,1171,479,119.25,0,1,1
14422.0,75,14,6409.1900000000005,457.79928571428576,206,3336,455,34.53846153846154,0,0,1
14423.0,26,3,916.6099999999999,305.53666666666663,12,419,476,237.5,0,1,1
14425.0,242,3,661.39,220.46333333333334,35,325,302,151.0,0,1,1
14426.0,84,10,8741.85,874.1850000000001,384,5166,369,40.44444444444444,0,0,1
14427.0,302,2,900.1800000000001,450.09000000000003,27,310,137,137.0,0,1,1
14428.0,47,2,330.62,165.31,25,145,85,85.0,0,0,1
14429.0,211,1,516.28,516.28,22,286,0,-1.0,1,1,1
14430.0,319,3,1220.9,406.9666666666667,29,446,95,47.5,0,1,1
14431.0,110,4,2614.2,653.55,72,1202,384,127.66666666666667,0,1,1
14433.0,273,1,289.6,289.6,72,134,0,-1.0,1,1,1
14435.0,309,1,90.42,90.42,3,282,0,-1.0,1,1,1
14436.0,361,1,182.64000000000001,182.64000000000001,2,168,0,-1.0,1,0,1
14437.0,173,5,958.84,191.768,34,486,217,54.0,0,1,1
14438.0,114,1,131.9,131.9,9,82,0,-1.0,1,1,1
14439.0,127,5,9443.04,1888.6080000000002,105,2244,367,91.5,0,1,0
14440.0,124,10,5466.76,546.676,55,1508,420,46.22222222222222,0,0,1
14441.0,63,8,3255.64,406.955,76,922,435,61.57142857142857,0,0,1
14442.0,12,7,5367.0199999999995,766.7171428571428,128,1431,485,80.66666666666667,0,1,0
14443.0,118,3,1574.67,524.89,72,929,69,34.0,0,0,1
14444.0,264,1,132.04,132.04,11,180,0,-1.0,1,1,1
14445.0,263,1,221.65,221.65,32,83,0,-1.0,1,1,1
14446.0,54,2,504.77,252.385,113,501,140,140.0,0,0,1
14447.0,4,3,1149.53,383.1766666666667,63,655,204,101.5,0,1,1
14448.0,172,1,102.35000000000001,102.35000000000001,18,44,0,-1.0,1,1,1
14449.0,54,6,1977.0,329.5,211,1357,189,37.4,0,1,1
14450.0,51,6,914.64,152.44,37,433,367,73.0,0,0,1
14451.0,2,11,3006.18,273.2890909090909,218,1572,497,49.3,0,1,1
14452.0,203,2,401.15,200.575,62,170,126,126.0,0,0,1
14454.0,184,5,977.3,195.45999999999998,93,400,357,88.75,0,1,1
14455.0,240,4,628.21,157.0525,65,719,63,20.666666666666668,0,1,1
14457.0,118,1,113.64,113.64,4,88,0,-1.0,1,1,1
14458.0,188,1,237.42,237.42,46,328,0,-1.0,1,1,1
14459.0,459,1,3537.821,3537.821,76,1543,0,-1.0,1,0,1
14460.0,118,7,689.16,98.45142857142856,23,1022,413,68.33333333333333,0,0,1
14461.0,69,11,5386.67,489.6972727272727,424,2538,428,42.4,0,0,1
14462.0,21,7,1222.19,174.59857142857143,136,547,219,36.166666666666664,0,0,1
14463.0,13,2,372.87,186.435,4,127,294,294.0,0,0,1
14464.0,376,2,111.0,55.5,4,62,59,59.0,0,1,1
14465.0,54,11,3946.03,358.73,128,2546,454,45.0,0,1,1
14466.0,88,9,3410.15,378.90555555555557,73,1953,445,55.125,0,0,1
14467.0,120,9,1753.93,194.88111111111112,120,955,424,52.625,0,1,1
14468.0,541,1,204.24,204.24,12,164,0,-1.0,1,1,1
14469.0,224,4,2112.21,528.0525,120,980,263,87.0,0,1,1
14470.0,95,2,548.49,274.245,48,227,142,142.0,0,1,1
14471.0,399,2,400.95,200.475,38,187,141,141.0,0,1,1
14472.0,65,5,1619.56,323.912,150,941,431,107.5,0,0,1
14473.0,90,1,85.0,85.0,1,10,0,-1.0,1,0,1
14474.0,387,1,730.42,730.42,97,313,0,-1.0,1,1,1
14475.0,112,2,531.85,265.925,21,225,104,104.0,0,0,1
14476.0,65,1,215.7,215.7,17,132,0,-1.0,1,1,1
14477.0,105,4,825.0,206.25,3,500,407,135.33333333333334,0,0,1
14478.0,190,4,1276.66,319.165,59,1226,356,118.33333333333333,0,1,1
14479.0,61,4,1299.11,324.7775,127,620,479,159.33333333333334,0,1,1
14480.0,210,3,1020.47,340.1566666666667,43,527,315,157.5,0,1,1
14481.0,95,4,1977.84,494.46,106,1329,390,129.33333333333334,0,0,1
14482.0,47,7,2527.86,361.1228571428572,99,1356,231,38.333333333333336,0,0,1
14483.0,89,2,257.1,128.55,13,193,455,455.0,0,1,1
14484.0,209,3,749.0600000000001,249.6866666666667,37,534,321,160.0,0,1,1
14486.0,319,2,175.5,87.75,4,90,41,41.0,0,1,1
14487.0,176,2,382.38,191.19,32,139,10,10.0,0,0,1
14489.0,15,4,1574.93,393.7325,65,1011,405,134.66666666666666,0,1,1
14490.0,214,2,1273.47,636.735,72,933,22,22.0,0,1,1
14491.0,180,1,254.4,254.4,4,80,0,-1.0,1,0,1
14492.0,238,7,1921.91,274.55857142857144,70,751,188,31.166666666666668,0,1,1
14493.0,198,5,2746.91,549.382,204,1898,251,62.5,0,0,1
14494.0,209,2,261.9,130.95,10,118,329,329.0,0,1,1
14495.0,467,1,51.0,51.0,1,6,0,-1.0,1,0,1
14496.0,119,7,2668.23,381.17571428571426,64,991,321,53.0,0,1,1
14497.0,117,2,697.0600000000001,348.53000000000003,40,332,364,364.0,0,1,1
14498.0,169,6,2120.17,353.3616666666667,154,1094,188,37.0,0,0,1
14499.0,86,5,1449.67,289.934,119,822,190,47.25,0,0,1
14501.0,127,1,66.93,66.93,4,45,0,-1.0,1,0,1
14502.0,42,6,1070.23,178.37166666666667,176,443,78,15.2,0,0,1
14504.0,51,3,542.71,180.90333333333334,81,263,35,17.0,0,1,1
14505.0,12,16,9288.960000000001,580.5600000000001,737,3971,525,34.6,0,0,1
14506.0,91,4,1845.3600000000001,461.34000000000003,133,567,316,104.66666666666667,0,0,1
14507.0,23,8,2516.56,314.57,169,1272,513,73.0,0,0,1
14508.0,184,3,598.52,199.50666666666666,100,228,164,82.0,0,0,1
14509.0,342,1,110.95,110.95,25,38,0,-1.0,1,1,1
14510.0,183,3,1007.28,335.76,67,821,60,30.0,0,1,1
14512.0,40,6,1074.51,179.085,53,670,500,99.6,0,0,1
14513.0,14,5,649.77,129.954,15,401,361,89.75,0,0,1
14514.0,9,8,3946.7400000000002,493.34250000000003,197,2080,525,65.375,0,1,1
14515.0,26,7,2072.57,296.0814285714286,67,960,331,55.0,0,0,1
14516.0,324,1,163.92,163.92,35,68,0,-1.0,1,1,1
14519.0,491,2,206.09,103.045,38,82,45,45.0,0,1,1
14520.0,98,1,165.0,165.0,1,100,0,-1.0,1,1,1
14521.0,299,1,199.45000000000002,199.45000000000002,17,211,0,-1.0,1,1,1
14522.0,6,5,1062.71,212.542,27,611,486,121.0,0,0,1
14524.0,44,8,1843.6100000000001,230.45125000000002,193,816,180,25.285714285714285,0,0,1
14525.0,43,12,5158.3099999999995,429.8591666666666,184,3344,490,44.0,0,0,1
14526.0,197,1,262.4,262.4,41,179,0,-1.0,1,1,1
14527.0,7,93,22636.56,243.40387096774194,522,5508,538,5.247311827956989,0,0,1
14530.0,70,12,4418.4,368.2,204,2123,424,38.18181818181818,0,0,1
14531.0,287,1,376.34,376.34,29,260,0,-1.0,1,1,1
14532.0,44,11,3859.1800000000003,350.8345454545455,209,1115,462,45.8,0,1,1
14533.0,160,5,1950.15,390.03000000000003,32,2559,257,64.0,0,0,1
14534.0,7,16,3541.29,221.330625,282,1612,434,28.466666666666665,0,0,1
14535.0,56,7,4020.51,574.3585714285715,437,1871,404,66.66666666666667,0,0,1
14536.0,67,1,171.8,171.8,18,40,0,-1.0,1,1,1
14537.0,431,1,285.84000000000003,285.84000000000003,13,108,0,-1.0,1,1,1
14538.0,64,4,1089.0900000000001,272.27250000000004,30,159,426,141.66666666666666,0,1,1
14540.0,117,9,2994.98,332.77555555555557,149,1320,423,52.375,0,0,1
14541.0,22,12,2051.78,170.98166666666668,99,985,487,43.81818181818182,0,0,1
14543.0,22,31,13498.24,435.42709677419356,94,2467,524,17.0,0,0,1
14544.0,169,2,2079.9,1039.95,111,1738,108,108.0,0,1,1
14545.0,482,1,349.25,349.25,23,236,0,-1.0,1,1,1
14546.0,9,8,3494.69,436.83625,314,1880,531,75.28571428571429,0,0,1
14548.0,125,8,2301.09,287.63625,66,893,415,59.142857142857146,0,0,1
14549.0,119,4,916.5500000000001,229.13750000000002,117,395,425,141.33333333333334,0,1,1
14550.0,196,2,587.69,293.845,46,382,95,95.0,0,1,1
14551.0,12,6,819.24,136.54,68,447,477,95.2,0,1,1
14552.0,188,2,346.21,173.105,80,170,211,211.0,0,0,1
14553.0,26,6,1294.59,215.765,169,829,290,57.8,0,1,1
14555.0,110,5,2189.43,437.88599999999997,93,818,419,104.25,0,1,1
14556.0,404,3,835.34,278.44666666666666,158,331,92,45.5,0,1,1
14558.0,462,3,655.5,218.5,13,162,77,38.0,0,1,1
14559.0,198,1,75.6,75.6,2,72,0,-1.0,1,1,1
14560.0,4,31,5108.26,164.7825806451613,51,3555,541,17.666666666666668,0,0,1
14562.0,40,11,2570.73,233.7027272727273,157,1208,438,43.3,0,0,1
14563.0,317,2,679.44,339.72,95,335,82,82.0,0,1,1
14564.0,242,2,2605.62,1302.81,107,1295,300,300.0,0,1,0
14565.0,13,3,2637.65,879.2166666666667,104,1299,268,133.5,0,0,1
14566.0,225,3,2660.0,886.6666666666666,8,1600,116,58.0,0,0,0
14568.0,243,1,919.7,919.7,47,645,0,-1.0,1,1,0
14569.0,260,3,371.59,123.86333333333333,21,179,150,75.0,0,1,1
14570.0,88,3,613.75,204.58333333333334,64,431,162,81.0,0,1,1
14571.0,233,1,161.65,161.65,30,57,0,-1.0,1,1,1
14572.0,62,7,3860.27,551.4671428571429,251,1969,367,60.833333333333336,0,0,1
14573.0,8,11,2346.9,213.35454545454547,177,747,499,49.5,0,0,1
14574.0,540,1,143.70000000000002,143.70000000000002,11,63,0,-1.0,1,1,1
14575.0,296,1,460.71,460.71,71,176,0,-1.0,1,1,1
14576.0,180,1,70.80000000000001,70.80000000000001,1,24,0,-1.0,1,1,1
14577.0,40,5,982.5500000000001,196.51000000000002,80,411,495,123.75,0,0,1
14579.0,240,1,105.56,105.56,24,56,0,-1.0,1,1,1
14580.0,326,1,14.850000000000001,14.850000000000001,1,3,0,-1.0,1,1,1
14581.0,352,1,295.2,295.2,43,92,0,-1.0,1,1,1
14583.0,13,4,902.99,225.7475,177,461,415,138.0,0,0,1
14584.0,5,6,1180.45,196.74166666666667,114,763,463,92.2,0,0,1
14585.0,190,4,986.22,246.555,64,539,34,10.666666666666666,0,1,1
14586.0,84,1,237.36,237.36,19,444,0,-1.0,1,1,1
14587.0,21,7,1280.33,182.9042857142857,156,646,118,19.333333333333332,0,0,1
14588.0,386,1,135.39,135.39,16,62,0,-1.0,1,1,1
14589.0,179,1,79.5,79.5,3,10,0,-1.0,1,1,1
14590.0,232,20,3006.62,150.331,124,904,307,15.631578947368421,0,1,1
14591.0,21,1,250.22,250.22,33,105,0,-1.0,1,1,1
14593.0,6,11,3433.61,312.1463636363637,369,1661,531,52.9,0,1,1
14594.0,181,1,510.0,510.0,31,292,0,-1.0,1,1,1
14595.0,121,3,587.6500000000001,195.88333333333335,30,326,374,187.0,0,0,1
14596.0,434,1,229.47,229.47,50,79,0,-1.0,1,1,1
14597.0,187,4,1318.3899999999999,329.59749999999997,41,870,58,19.0,0,0,1
14598.0,377,1,162.07,162.07,40,165,0,-1.0,1,1,1
14599.0,198,2,474.54,237.27,77,295,118,118.0,0,1,1
14600.0,113,2,865.1700000000001,432.58500000000004,53,487,87,87.0,0,1,1
14602.0,464,1,205.35999999999999,205.35999999999999,31,80,0,-1.0,1,1,1
14603.0,82,1,660.0,660.0,2,400,0,-1.0,1,1,1
14604.0,441,1,143.85999999999999,143.85999999999999,20,88,0,-1.0,1,1,1
14605.0,182,4,937.16,234.29,88,424,357,118.66666666666667,0,1,1
14606.0,2,147,25486.17,173.37530612244896,1176,12837,542,3.222972972972973,0,0,1
14607.0,69,9,8063.13,895.9033333333333,76,4119,463,57.625,0,1,1
14608.0,170,8,1771.79,221.47375,10,538,371,52.57142857142857,0,0,1
14609.0,104,7,1028.6399999999999,146.9485714285714,6,8094,372,61.5,0,0,1
14610.0,203,2,24.35,12.175,10,15,118,118.0,0,1,1
14611.0,251,2,604.3299999999999,302.16499999999996,37,582,154,154.0,0,1,1
14612.0,223,1,877.7,877.7,14,134,0,-1.0,1,1,1
14613.0,488,1,76.32000000000001,76.32000000000001,1,72,0,-1.0,1,1,1
14614.0,194,1,295.13,295.13,19,189,0,-1.0,1,1,1
14615.0,202,5,951.76,190.352,40,495,153,38.0,0,1,1
14616.0,50,5,527.78,105.556,3,170,306,75.75,0,1,1
14617.0,210,2,190.47000000000003,95.23500000000001,7,81,13,13.0,0,1,1
14618.0,145,5,1000.6800000000001,200.13600000000002,35,532,209,52.0,0,1,1
14619.0,53,2,1291.24,645.62,58,594,295,295.0,0,1,1
14620.0,13,2,412.78000000000003,206.39000000000001,26,214,78,78.0,0,1,1
14621.0,166,5,1517.91,303.582,74,843,325,80.75,0,0,1
14623.0,43,6,1363.01,227.16833333333332,134,744,366,72.8,0,0,1
14624.0,223,4,588.22,147.055,30,483,189,62.666666666666664,0,1,1
14625.0,4,11,4497.88,408.89818181818185,167,2155,527,52.3,0,1,1
14626.0,41,8,3206.55,400.81875,112,2164,495,70.42857142857143,0,0,1
14627.0,187,1,462.75,462.75,29,284,0,-1.0,1,1,1
14628.0,50,4,1657.6200000000001,414.40500000000003,60,981,441,146.33333333333334,0,0,1
14630.0,292,1,338.65,338.65,21,111,0,-1.0,1,1,1
14631.0,43,5,1648.79,329.758,55,1137,252,62.25,0,1,1
14632.0,70,1,114.56,114.56,8,96,0,-1.0,1,1,1
14633.0,74,1,344.90000000000003,344.90000000000003,20,96,0,-1.0,1,1,1
14634.0,245,4,2124.46,531.115,105,1906,104,34.0,0,1,1
14635.0,261,1,215.22,215.22,15,118,0,-1.0,1,1,1
14636.0,76,1,300.19,300.19,16,117,0,-1.0,1,1,1
14637.0,485,1,106.67999999999999,106.67999999999999,7,100,0,-1.0,1,1,1
14639.0,99,5,3229.6,645.92,133,1490,370,92.0,0,0,1
14640.0,35,5,1955.43,391.086,105,944,458,114.25,0,0,1
14643.0,166,4,1344.02,336.005,42,948,370,123.0,0,0,1
14644.0,106,6,1604.46,267.41,37,578,437,87.2,0,1,1
14645.0,83,2,519.9,259.95,26,284,358,358.0,0,0,1
14646.0,5,103,359109.62,3486.5011650485435,728,249036,539,4.96078431372549,0,0,0
14647.0,9,2,519.97,259.985,42,180,322,322.0,0,1,1
14648.0,224,15,4546.86,303.12399999999997,286,3326,312,21.928571428571427,0,1,1
14649.0,20,7,2942.24,420.32,301,1796,476,79.16666666666667,0,0,1
14650.0,397,1,62.5,62.5,4,22,0,-1.0,1,1,1
14651.0,19,8,1795.84,224.48,185,728,420,59.714285714285715,0,1,1
14653.0,146,6,2011.8,335.3,150,1331,399,66.16666666666667,0,1,1
14654.0,546,1,246.86,246.86,27,273,0,-1.0,1,1,1
14655.0,30,4,2756.84,689.21,55,1774,374,124.33333333333333,0,1,1
14656.0,91,4,656.71,164.1775,112,238,320,106.33333333333333,0,0,1
14657.0,90,4,1137.05,284.2625,120,690,152,50.333333333333336,0,0,1
14659.0,25,4,1165.13,291.2825,78,559,97,32.0,0,0,1
14662.0,42,6,1170.02,195.00333333333333,139,673,501,100.0,0,1,1
14663.0,238,2,490.6,245.3,60,397,0,0.0,0,1,1
14665.0,104,5,1645.6100000000001,329.122,78,672,295,73.75,0,0,1
14667.0,22,40,16639.75,415.99375,473,10067,523,12.897435897435898,0,0,1
14668.0,253,1,111.63,111.63,10,49,0,-1.0,1,1,1
14669.0,49,7,3243.93,463.4185714285714,334,2054,495,82.16666666666667,0,1,1
14670.0,88,3,602.0,200.66666666666666,159,434,452,225.5,0,1,1
14671.0,357,2,1127.45,563.725,48,571,18,18.0,0,1,1
14672.0,42,4,1113.14,278.285,93,646,445,148.0,0,1,1
14673.0,175,3,2047.9,682.6333333333333,65,1244,42,21.0,0,1,1
14674.0,317,1,173.66,173.66,14,103,0,-1.0,1,1,1
14675.0,196,1,462.15,462.15,114,385,0,-1.0,1,1,1
14676.0,15,9,6957.07,773.0077777777777,66,7372,432,53.625,0,0,1
14677.0,400,1,184.91,184.91,14,139,0,-1.0,1,1,1
14678.0,387,1,403.39,403.39,24,179,0,-1.0,1,1,1
14679.0,189,3,1289.44,429.81333333333333,49,794,349,174.5,0,1,1
14680.0,6,51,43192.54,846.9125490196078,215,20488,536,10.18,0,0,1
14681.0,19,4,770.1500000000001,192.53750000000002,18,144,442,147.0,0,1,1
14682.0,9,5,1483.6100000000001,296.72200000000004,79,901,470,117.5,0,0,1
14683.0,396,1,146.56,146.56,21,386,0,-1.0,1,1,1
14684.0,23,3,751.53,250.51,195,481,174,87.0,0,0,1
14685.0,384,8,4619.79,577.47375,109,2012,150,21.0,0,1,1
14686.0,222,5,885.83,177.166,185,475,245,61.0,0,1,1
14687.0,208,2,773.6800000000001,386.84000000000003,23,380,151,151.0,0,0,1
14688.0,6,17,4870.38,286.4929411764706,152,4026,257,14.823529411764707,0,0,1
14689.0,16,1,112.8,112.8,13,76,0,-1.0,1,1,1
14690.0,200,2,422.63,211.315,43,174,18,18.0,0,0,1
14691.0,20,1,439.6,439.6,17,162,0,-1.0,1,0,1
14692.0,43,11,1633.84,148.5309090909091,95,869,382,37.8,0,0,1
14693.0,72,7,1165.36,166.48,43,388,261,43.0,0,1,1
14694.0,425,1,244.31,244.31,15,193,0,-1.0,1,1,1
14695.0,327,3,1620.07,540.0233333333333,76,678,213,106.5,0,1,1
14696.0,50,4,1561.55,390.3875,73,1087,179,59.333333333333336,0,0,1
14697.0,26,2,188.60999999999999,94.30499999999999,22,181,0,0.0,0,1,1
14699.0,22,4,702.6,175.65,45,484,311,103.33333333333333,0,1,1
14700.0,46,3,1602.51,534.17,76,613,247,123.5,0,0,1
14701.0,55,11,3763.47,342.13363636363636,363,1425,437,43.2,0,0,1
14702.0,89,18,4684.2300000000005,260.235,240,2015,447,25.764705882352942,0,0,1
14704.0,232,2,266.66,133.33,53,127,199,199.0,0,0,1
14705.0,6,1,179.0,179.0,1,100,0,-1.0,1,1,1
14706.0,426,1,390.69,390.69,25,263,0,-1.0,1,1,1
14707.0,243,2,139.2,69.6,1,96,141,141.0,0,1,1
14708.0,176,3,1504.97,501.6566666666667,14,1238,87,43.5,0,0,1
14709.0,23,16,5575.43,348.464375,83,2441,518,34.06666666666667,0,0,1
14710.0,187,9,1316.46,146.27333333333334,203,773,356,44.125,0,1,1
14711.0,9,5,1443.84,288.768,115,609,61,14.5,0,0,1
14712.0,226,1,411.0,411.0,7,96,0,-1.0,1,0,1
14713.0,26,16,3954.54,247.15875,179,2562,517,34.0,0,0,1
14714.0,215,3,746.05,248.6833333333333,59,413,280,140.0,0,1,1
14715.0,106,6,1220.52,203.42,69,641,391,77.8,0,0,1
14716.0,252,1,235.77,235.77,44,148,0,-1.0,1,0,1
14717.0,541,1,81.3,81.3,11,32,0,-1.0,1,1,1
14718.0,218,1,226.42,226.42,11,202,0,-1.0,1,1,1
14719.0,57,1,223.46,223.46,40,188,0,-1.0,1,0,1
14721.0,187,1,115.77,115.77,24,59,0,-1.0,1,1,1
14722.0,285,2,325.45,162.725,53,102,9,9.0,0,0,1
14723.0,166,8,1405.76,175.72,180,819,377,53.57142857142857,0,1,1
14724.0,398,1,345.25,345.25,40,187,0,-1.0,1,1,1
14725.0,202,3,597.16,199.0533333333333,41,747,140,70.0,0,1,1
14726.0,462,1,124.75,124.75,15,91,0,-1.0,1,1,1
14727.0,82,3,467.92999999999995,155.97666666666666,43,468,272,136.0,0,1,1
14728.0,221,1,190.58,190.58,14,68,0,-1.0,1,1,1
14729.0,181,3,907.38,302.46,126,574,251,125.5,0,1,1
14730.0,40,3,555.6,185.20000000000002,80,328,43,21.5,0,0,1
14731.0,13,2,251.01999999999998,125.50999999999999,23,182,6,6.0,0,1,1
14732.0,28,14,3795.06,271.0757142857143,112,1324,509,38.69230769230769,0,0,1
14733.0,12,11,14506.64,1318.7854545454545,133,5990,197,19.4,0,0,1
14734.0,233,4,1056.42,264.105,48,378,125,41.666666666666664,0,1,1
14735.0,4,41,8729.880000000001,212.9239024390244,158,3112,539,13.15,0,0,1
14736.0,293,2,401.08,200.54,70,164,0,0.0,0,1,1
14737.0,161,2,2823.62,1411.81,28,876,47,47.0,0,0,1
14738.0,7,6,1033.14,172.19000000000003,41,375,533,106.0,0,0,1
14739.0,27,21,9692.84,461.56380952380954,116,7426,517,25.35,0,0,1
14740.0,5,11,4161.06,378.27818181818185,173,2081,455,45.0,0,1,1
14741.0,169,3,992.55,330.84999999999997,26,689,56,27.5,0,0,1
14742.0,243,1,579.85,579.85,34,374,0,-1.0,1,1,1
14743.0,400,1,50.48,50.48,3,40,0,-1.0,1,1,1
14744.0,105,12,3713.13,309.4275,53,2439,272,24.363636363636363,0,1,1
14745.0,93,8,1592.15,199.01875,43,1127,352,49.857142857142854,0,0,1
14746.0,214,4,593.5,148.375,7,398,17,5.666666666666667,0,1,1
14747.0,57,1,328.2,328.2,18,84,0,-1.0,1,1,1
14748.0,20,8,2507.7,313.4625,94,2138,432,61.42857142857143,0,0,1
14749.0,287,1,310.15,310.15,18,403,0,-1.0,1,1,1
14750.0,544,1,112.03,112.03,32,65,0,-1.0,1,1,1
14751.0,492,2,126.45,63.225,7,65,41,41.0,0,1,1
14753.0,268,1,306.36,306.36,18,201,0,-1.0,1,0,1
14754.0,103,5,1140.7,228.14000000000001,90,698,395,98.25,0,1,1
14755.0,15,18,6824.78,379.15444444444444,184,2941,528,30.647058823529413,0,0,1
14756.0,190,2,1914.8,957.4,68,1007,41,41.0,0,1,1
14758.0,13,6,2587.85,431.30833333333334,84,740,405,80.6,0,0,1
14759.0,40,1,572.25,572.25,35,119,0,-1.0,1,0,1
14760.0,105,1,89.2,89.2,5,40,0,-1.0,1,1,1
14761.0,142,2,289.52,144.76,20,146,109,109.0,0,1,1
14762.0,71,2,417.57,208.785,28,428,362,362.0,0,1,1
14766.0,21,8,5248.97,656.12125,203,3447,338,47.714285714285715,0,0,1
14767.0,282,1,382.81,382.81,18,117,0,-1.0,1,1,1
14769.0,9,13,10934.48,841.1138461538461,616,7741,522,43.0,0,0,1
14770.0,40,8,3637.64,454.705,152,1598,419,59.42857142857143,0,1,1
14771.0,429,2,594.62,297.31,46,622,115,115.0,0,1,1
14773.0,400,1,140.55,140.55,10,53,0,-1.0,1,1,1
14774.0,336,1,241.45,241.45,13,99,0,-1.0,1,1,1
14775.0,180,1,813.12,813.12,20,768,0,-1.0,1,0,1
14776.0,26,7,2244.6,320.65714285714284,62,2828,228,37.5,0,0,1
14777.0,211,1,307.56,307.56,16,212,0,-1.0,1,1,1
14778.0,116,1,334.05,334.05,18,141,0,-1.0,1,0,1
14779.0,88,3,386.15,128.71666666666667,40,84,43,21.5,0,1,1
14782.0,127,1,200.10000000000002,200.10000000000002,6,114,0,-1.0,1,1,1
14783.0,467,1,307.3,307.3,17,262,0,-1.0,1,1,1
14784.0,131,2,274.62,137.31,14,182,65,65.0,0,1,1
14786.0,358,1,90.96,90.96,7,112,0,-1.0,1,1,1
14787.0,279,1,110.65,110.65,14,59,0,-1.0,1,1,1
14788.0,404,1,476.88,476.88,28,298,0,-1.0,1,1,1
14790.0,61,7,1933.72,276.2457142857143,54,2079,474,78.66666666666667,0,0,1
14791.0,414,1,303.63,303.63,19,127,0,-1.0,1,1,1
14793.0,343,1,396.91,396.91,25,270,0,-1.0,1,1,1
14794.0,11,7,1313.53,187.64714285714285,57,421,283,46.666666666666664,0,1,1
14796.0,25,19,6345.9,333.9947368421052,313,3982,507,27.666666666666668,0,0,1
14797.0,315,1,300.31,300.31,16,99,0,-1.0,1,1,1
14798.0,118,6,626.25,104.375,26,527,338,67.0,0,0,1
14799.0,545,1,180.45,180.45,10,349,0,-1.0,1,1,1
14800.0,28,11,6630.18,602.7436363636364,276,5804,214,21.0,0,0,1
14802.0,246,2,1502.98,751.49,1,2,0,0.0,0,1,1
14803.0,83,2,730.79,365.395,15,264,16,16.0,0,0,1
14805.0,121,4,659.24,164.81,82,335,307,102.33333333333333,0,1,1
14806.0,247,1,110.03999999999999,110.03999999999999,9,93,0,-1.0,1,0,1
14807.0,198,2,519.29,259.645,37,247,259,259.0,0,1,1
14809.0,429,2,686.76,343.38,18,232,0,0.0,0,1,1
14810.0,6,10,1727.84,172.784,100,842,230,25.11111111111111,0,0,1
14811.0,195,1,170.5,170.5,28,74,0,-1.0,1,1,1
14812.0,406,1,185.8,185.8,36,136,0,-1.0,1,1,1
14813.0,177,4,1090.87,272.7175,110,474,241,80.0,0,1,1
14814.0,389,1,160.46,160.46,28,96,0,-1.0,1,1,1
14816.0,5,1,271.85,271.85,4,5,0,-1.0,1,1,1
14817.0,8,7,3959.86,565.6942857142857,142,2462,427,70.66666666666667,0,1,1
14818.0,61,4,630.86,157.715,62,253,393,130.66666666666666,0,0,1
14819.0,0,3,282.81,94.27,43,112,525,262.5,0,1,1
14820.0,188,5,767.47,153.494,31,471,297,74.0,0,0,1
14821.0,174,7,1286.45,183.77857142857144,65,485,309,51.166666666666664,0,1,1
14822.0,293,1,157.70000000000002,157.70000000000002,9,94,0,-1.0,1,1,1
14823.0,2,2,210.65,105.325,38,48,0,0.0,0,0,1
14824.0,187,6,2895.2000000000003,482.53333333333336,76,1429,257,51.0,0,0,1
14825.0,12,17,3724.04,219.06117647058824,170,2269,408,25.0,0,0,1
14826.0,389,2,385.2,192.6,10,152,113,113.0,0,1,1
14828.0,4,13,9839.460000000001,756.8815384615385,72,9718,535,44.166666666666664,0,1,1
14829.0,168,5,1380.6200000000001,276.124,66,985,75,18.5,0,0,1
14831.0,488,3,1676.57,558.8566666666667,67,885,57,28.5,0,1,1
14832.0,438,1,322.69,322.69,1,1,0,-1.0,1,1,1
14833.0,306,1,94.8,94.8,7,58,0,-1.0,1,1,1
14834.0,48,2,729.55,364.775,28,219,166,166.0,0,0,1
14835.0,336,2,297.0,148.5,1,180,88,88.0,0,1,1
14837.0,9,6,2303.08,383.84666666666664,114,1932,483,96.2,0,0,1
14838.0,231,2,773.6700000000001,386.83500000000004,69,362,313,313.0,0,1,1
14839.0,226,3,915.28,305.0933333333333,61,927,285,142.5,0,1,1
14840.0,75,2,362.71,181.355,20,179,271,271.0,0,1,1
14841.0,82,11,5649.09,513.5536363636364,166,3337,462,45.8,0,0,1
14842.0,116,1,310.0,310.0,2,5,0,-1.0,1,0,1
14843.0,244,1,211.79999999999998,211.79999999999998,9,132,0,-1.0,1,1,1
14844.0,49,7,4387.17,626.7385714285714,122,3118,365,60.666666666666664,0,0,1
14845.0,407,1,150.0,150.0,1,600,0,-1.0,1,1,1
14846.0,235,1,437.4,437.4,12,193,0,-1.0,1,1,1
14847.0,215,2,1039.55,519.775,47,413,156,156.0,0,0,1
14848.0,212,1,310.56,310.56,11,260,0,-1.0,1,1,1
14849.0,21,28,10245.82,365.92214285714283,194,7871,485,17.703703703703702,0,0,1
14850.0,119,7,1794.01,256.28714285714284,129,1408,256,42.5,0,1,1
14851.0,64,2,524.19,262.095,24,445,374,374.0,0,1,1
14852.0,60,13,3800.89,292.37615384615384,92,2992,391,32.333333333333336,0,0,1
14853.0,19,4,1115.57,278.8925,21,297,394,131.0,0,1,1
14854.0,35,7,2754.36,393.48,110,1850,459,76.0,0,0,1
14855.0,282,5,5874.65,1174.9299999999998,156,3243,136,34.0,0,0,1
14857.0,250,5,2478.731,495.74620000000004,125,1617,192,47.75,0,0,1
14858.0,313,1,180.75,180.75,11,105,0,-1.0,1,1,1
14859.0,12,2,648.76,324.38,17,426,350,350.0,0,0,1
14861.0,188,9,1254.94,139.4377777777778,58,959,350,43.5,0,1,1
14865.0,180,3,114.72,38.24,3,288,366,182.5,0,1,1
14866.0,174,8,6564.0,820.5,13,2625,104,14.428571428571429,0,0,1
14867.0,26,15,2855.92,190.39466666666667,66,922,515,36.42857142857143,0,0,1
14868.0,41,5,1669.75,333.95,80,1056,186,46.25,0,0,1
14869.0,196,4,2078.54,519.635,136,1588,335,111.33333333333333,0,0,1
14870.0,69,6,1838.95,306.4916666666667,43,483,422,84.2,0,1,1
14871.0,63,7,985.19,140.74142857142857,89,345,483,80.0,0,0,1
14872.0,291,3,816.6,272.2,34,662,149,74.5,0,1,1
14873.0,18,2,854.13,427.065,48,311,423,423.0,0,1,1
14874.0,343,1,116.18,116.18,6,148,0,-1.0,1,1,1
14875.0,70,2,1759.08,879.54,47,874,179,89.5,0,0,1
14876.0,329,2,256.7,128.35,12,162,40,40.0,0,1,1
14877.0,226,2,437.0,218.5,57,171,224,224.0,0,1,1
14878.0,9,20,3471.44,173.572,149,2155,455,23.42105263157895,0,0,1
14879.0,492,1,185.06,185.06,27,104,0,-1.0,1,1,1
14880.0,96,1,129.2,129.2,8,66,0,-1.0,1,0,1
14882.0,198,12,3038.4500000000003,253.20416666666668,31,1482,228,20.454545454545453,0,1,1
14883.0,19,1,310.56,310.56,19,234,0,-1.0,1,0,1
14884.0,477,1,120.6,120.6,8,72,0,-1.0,1,1,1
14885.0,235,2,832.8,416.4,16,584,38,38.0,0,0,1
14886.0,60,1,364.8,364.8,18,160,0,-1.0,1,1,1
14888.0,15,1,369.2,369.2,20,184,0,-1.0,1,1,1
14889.0,144,1,135.9,135.9,10,90,0,-1.0,1,1,1
14890.0,61,3,817.25,272.4166666666667,55,636,406,203.0,0,1,1
14891.0,224,2,552.35,276.175,29,283,19,19.0,0,0,1
14892.0,498,1,202.35000000000002,202.35000000000002,13,79,0,-1.0,1,1,1
14893.0,425,1,571.76,571.76,33,248,0,-1.0,1,1,1
14894.0,251,2,837.0600000000001,418.53000000000003,23,338,294,294.0,0,0,1
14895.0,12,21,17900.61,852.4100000000001,341,7369,524,25.75,0,0,1
14896.0,12,8,2092.42,261.5525,150,1117,528,75.0,0,1,1
14897.0,104,5,1949.66,389.932,65,816,427,106.25,0,0,1
14898.0,48,12,2815.22,234.60166666666666,135,1648,495,44.45454545454545,0,0,1
14899.0,203,1,1384.88,1384.88,126,586,0,-1.0,1,1,1
14900.0,330,1,13.919999999999998,13.919999999999998,1,48,0,-1.0,1,1,1
14901.0,168,6,1365.41,227.56833333333336,61,598,138,27.2,0,0,1
14902.0,203,2,702.96,351.48,34,498,157,157.0,0,1,1
14903.0,8,3,1800.23,600.0766666666667,156,924,78,39.0,0,0,1
14904.0,216,2,615.2,307.6,62,564,19,19.0,0,1,1
14905.0,41,7,1663.79,237.68428571428572,43,863,502,83.33333333333333,0,0,1
14906.0,253,1,68.44,68.44,1,1,0,-1.0,1,1,1
14907.0,168,12,3625.38,302.115,82,1490,241,21.636363636363637,0,0,1
14908.0,271,1,104.10000000000001,104.10000000000001,5,50,0,-1.0,1,0,1
14909.0,245,3,1404.68,468.2266666666667,61,888,226,112.5,0,1,1
14911.0,5,258,190947.35,740.106007751938,1978,87716,541,1.7104247104247103,0,0,0
14912.0,54,5,1504.1899999999998,300.83799999999997,37,1293,435,108.5,0,1,0
14913.0,81,6,3461.53,576.9216666666667,149,3119,212,41.8,0,0,1
14915.0,85,10,1646.05,164.605,63,671,458,50.666666666666664,0,0,1
14916.0,132,5,2069.02,413.804,62,1522,293,73.0,0,0,1
14917.0,404,2,1123.75,561.875,29,891,0,0.0,0,1,1
14918.0,212,7,4345.66,620.8085714285714,64,1876,206,34.166666666666664,0,0,1
14919.0,347,1,359.35,359.35,13,129,0,-1.0,1,1,1
14920.0,20,3,1607.17,535.7233333333334,90,886,352,176.0,0,1,1
14921.0,9,1,903.01,903.01,53,631,0,-1.0,1,1,1
14922.0,201,2,843.74,421.87,49,376,114,114.0,0,1,1
14924.0,53,3,931.01,310.33666666666664,30,312,393,196.5,0,1,1
14926.0,189,2,359.4,179.7,2,204,216,216.0,0,1,1
14927.0,204,1,308.2,308.2,20,196,0,-1.0,1,1,1
14928.0,435,1,223.91000000000003,223.91000000000003,21,268,0,-1.0,1,1,1
14929.0,229,1,612.8100000000001,612.8100000000001,23,351,0,-1.0,1,1,1
14930.0,82,4,3977.9,994.475,166,1734,332,110.33333333333333,0,0,0
14931.0,14,2,586.0,293.0,10,98,34,34.0,0,0,0
14932.0,173,2,1029.66,514.83,29,337,20,20.0,0,1,0
14933.0,251,4,1770.0,442.5,1,600,0,0.0,0,1,0
14934.0,90,4,2441.4,610.35,89,1517,158,52.666666666666664,0,0,0
14935.0,105,2,2849.83,1424.915,25,1931,322,322.0,0,1,0
14936.0,83,5,5850.15,1170.03,186,3133,307,76.75,0,0,0
14938.0,370,2,2322.43,1161.215,71,1369,0,0.0,0,1,0
14940.0,225,2,531.49,265.745,32,384,315,315.0,0,1,1
14941.0,386,1,182.1,182.1,7,80,0,-1.0,1,1,1
14942.0,209,4,746.56,186.64,12,354,328,109.0,0,1,1
14943.0,471,1,107.62,107.62,5,46,0,-1.0,1,1,1
14944.0,25,11,5208.75,473.52272727272725,130,2693,443,44.1,0,0,1
14945.0,221,1,179.4,179.4,11,156,0,-1.0,1,1,1
14947.0,196,4,758.97,189.7425,37,237,236,78.33333333333333,0,0,1
14948.0,27,1,278.4,278.4,13,72,0,-1.0,1,0,1
14949.0,277,4,515.0,128.75,16,250,252,83.33333333333333,0,1,1
14952.0,14,28,13064.47,466.5882142857143,209,5409,529,19.296296296296298,0,0,1
14953.0,226,3,723.95,241.3166666666667,153,803,17,8.5,0,1,1
14954.0,511,1,167.27,167.27,41,92,0,-1.0,1,1,1
14955.0,540,1,163.77,163.77,30,74,0,-1.0,1,1,1
14956.0,229,1,1325.0,1325.0,4,2500,0,-1.0,1,1,1
14957.0,61,2,333.29,166.645,27,105,391,391.0,0,1,1
14958.0,53,4,668.91,167.2275,37,190,490,163.0,0,0,1
14959.0,23,2,422.38,211.19,31,342,80,80.0,0,0,1
14961.0,40,18,12545.130000000001,696.9516666666667,266,6360,503,29.176470588235293,0,0,1
14962.0,78,4,366.91,91.7275,14,123,313,104.0,0,1,1
14963.0,187,7,1676.68,239.5257142857143,193,1141,145,24.0,0,0,1
14964.0,55,1,206.21,206.21,13,143,0,-1.0,1,1,1
14966.0,195,5,924.5200000000001,184.90400000000002,93,911,336,84.0,0,1,1
14967.0,249,5,1518.81,303.762,19,512,294,73.25,0,1,1
14968.0,266,1,357.4,357.4,47,131,0,-1.0,1,1,1
14969.0,511,1,906.23,906.23,13,665,0,-1.0,1,1,1
14970.0,60,10,4109.54,410.954,56,847,410,40.7,0,0,1
14972.0,189,1,30.300000000000004,30.300000000000004,2,12,0,-1.0,1,0,1
14973.0,33,1,654.6,654.6,5,51,0,-1.0,1,0,1
14975.0,229,1,192.45,192.45,15,127,0,-1.0,1,1,1
14976.0,4,3,450.26,150.08666666666667,35,115,130,65.0,0,0,1
14977.0,533,1,31.929999999999996,31.929999999999996,4,17,0,-1.0,1,1,1
14978.0,43,9,2748.0,305.3333333333333,159,632,355,43.875,0,0,1
14979.0,543,1,439.46,439.46,42,213,0,-1.0,1,1,1
14980.0,545,1,150.68,150.68,24,79,0,-1.0,1,1,1
14981.0,54,2,372.92,186.46,20,241,177,177.0,0,1,1
14982.0,380,1,237.78,237.78,39,125,0,-1.0,1,1,1
14983.0,497,1,183.20000000000002,183.20000000000002,30,90,0,-1.0,1,1,1
14984.0,196,4,1058.1399999999999,264.53499999999997,11,290,308,102.33333333333333,0,0,1
14985.0,6,2,296.75,148.375,78,260,159,159.0,0,1,1
14986.0,184,2,566.9,283.45,87,342,307,307.0,0,1,1
14987.0,173,7,1550.6499999999999,221.52142857142854,4,607,371,61.333333333333336,0,1,1
14988.0,19,7,2066.6,295.2285714285714,171,1276,390,64.5,0,1,1
14989.0,469,1,342.4,342.4,18,200,0,-1.0,1,1,1
14990.0,420,2,305.42,152.71,41,130,118,118.0,0,1,1
14991.0,238,1,314.67,314.67,21,191,0,-1.0,1,1,1
14992.0,250,1,210.5,210.5,27,145,0,-1.0,1,1,1
14993.0,371,1,36.13,36.13,9,21,0,-1.0,1,1,1
14994.0,190,5,960.63,192.126,233,577,240,59.75,0,1,1
14995.0,88,1,119.31,119.31,37,51,0,-1.0,1,1,1
14996.0,289,2,442.28999999999996,221.14499999999998,37,404,0,0.0,0,1,1
14997.0,463,1,230.4,230.4,12,288,0,-1.0,1,0,1
14998.0,49,3,524.5,174.83333333333334,85,202,364,181.5,0,0,1
14999.0,400,1,129.48000000000002,129.48000000000002,9,88,0,-1.0,1,1,1
15001.0,202,2,230.85999999999999,115.42999999999999,44,81,0,0.0,0,1,1
15002.0,104,8,4323.11,540.38875,194,2181,399,56.714285714285715,0,0,1
15003.0,281,6,1060.7,176.78333333333333,253,547,209,41.2,0,1,1
15005.0,5,40,10444.43,261.11075,488,6135,540,13.025,0,0,1
15006.0,261,1,323.05,323.05,47,114,0,-1.0,1,1,1
15008.0,288,2,360.0,180.0,6,1500,157,157.0,0,1,1
15011.0,203,2,416.6,208.3,17,289,20,20.0,0,1,1
15012.0,181,2,628.64,314.32,107,334,203,203.0,0,1,1
15013.0,295,10,1641.3,164.13,177,1747,189,20.666666666666668,0,1,1
15015.0,309,13,2365.02,181.92461538461538,158,1593,223,18.166666666666668,0,1,1
15016.0,201,4,460.26,115.065,77,171,150,50.0,0,0,1
15018.0,60,2,402.59000000000003,201.29500000000002,17,115,114,114.0,0,1,1
15019.0,74,1,266.0,266.0,64,159,0,-1.0,1,1,1
15020.0,187,1,203.42,203.42,27,112,0,-1.0,1,1,1
15021.0,26,6,1554.1,259.01666666666665,231,700,279,55.4,0,0,1
15022.0,485,1,281.05,281.05,19,113,0,-1.0,1,1,1
15023.0,26,13,8225.65,632.7423076923077,386,3819,455,37.583333333333336,0,0,1
15024.0,104,9,3102.27,344.69666666666666,124,1620,127,15.5,0,0,1
15025.0,376,1,636.08,636.08,72,326,0,-1.0,1,1,1
15026.0,48,4,823.39,205.8475,83,469,208,68.66666666666667,0,0,1
15027.0,27,8,2783.57,347.94625,52,2621,405,57.42857142857143,0,0,1
15028.0,176,3,716.55,238.85,45,456,25,12.0,0,1,1
15029.0,427,1,365.1,365.1,10,234,0,-1.0,1,1,1
15030.0,76,7,1614.39,230.62714285714287,21,1009,376,62.333333333333336,0,1,1
15031.0,90,11,2639.27,239.93363636363637,205,1281,449,44.5,0,0,1
15032.0,64,8,13780.65,1722.58125,39,8259,472,67.14285714285714,0,1,1
15033.0,16,3,1169.14,389.71333333333337,151,667,120,60.0,0,0,1
15034.0,40,11,6669.62,606.329090909091,308,3699,344,34.0,0,1,1
15037.0,184,2,402.51,201.255,40,301,0,0.0,0,1,1
15038.0,23,6,1005.73,167.62166666666667,155,320,209,41.4,0,0,1
15039.0,6,71,33104.5,466.26056338028167,476,14795,530,7.128571428571429,0,0,1
15040.0,349,1,7.49,7.49,1,1,0,-1.0,1,1,1
15041.0,252,1,113.67,113.67,35,93,0,-1.0,1,0,1
15042.0,7,2,315.45,157.725,9,238,396,396.0,0,1,1
15043.0,271,5,2336.7999999999997,467.35999999999996,39,731,69,16.75,0,1,1
15044.0,15,29,13009.43,448.6010344827586,256,3846,515,18.142857142857142,0,0,1
15045.0,65,1,388.9,388.9,4,38,0,-1.0,1,0,1
15046.0,2,18,4916.08,273.11555555555555,198,2477,499,28.88235294117647,0,0,1
15047.0,77,1,343.62,343.62,22,222,0,-1.0,1,1,1
15048.0,28,2,355.15,177.575,58,154,147,147.0,0,0,1
15049.0,81,1,121.17000000000002,121.17000000000002,3,63,0,-1.0,1,1,1
15050.0,229,2,2411.7,1205.85,58,1404,59,59.0,0,1,1
15051.0,187,6,2543.55,423.925,113,2042,359,71.4,0,0,1
15052.0,127,1,215.78,215.78,27,82,0,-1.0,1,1,1
15053.0,89,1,222.65,222.65,19,257,0,-1.0,1,0,1
15055.0,282,3,560.07,186.69000000000003,77,230,248,123.5,0,1,1
15056.0,328,1,133.45,133.45,6,81,0,-1.0,1,1,1
15057.0,83,5,3255.96,651.192,62,1394,458,114.25,0,1,1
15058.0,51,10,2025.8,202.57999999999998,157,937,409,45.22222222222222,0,0,1
15059.0,23,14,2754.87,196.77642857142857,249,1241,518,39.38461538461539,0,0,1
15061.0,19,108,114007.3,1055.6231481481482,116,67620,526,4.644859813084112,0,0,1
15062.0,25,7,2411.8,344.54285714285714,95,1650,392,64.66666666666667,0,1,1
15063.0,21,1,370.79999999999995,370.79999999999995,5,56,0,-1.0,1,1,1
15064.0,218,4,1254.41,313.6025,75,810,306,101.66666666666667,0,1,1
15065.0,35,3,1575.13,525.0433333333334,79,784,183,91.0,0,0,1
15067.0,90,3,2981.17,993.7233333333334,125,1544,324,161.5,0,0,1
15068.0,64,3,863.4499999999999,287.81666666666666,139,601,365,182.0,0,1,1
15070.0,180,3,843.25,281.0833333333333,26,375,351,175.5,0,1,1
15071.0,83,3,1062.16,354.05333333333334,31,312,294,147.0,0,0,1
15072.0,287,1,187.51999999999998,187.51999999999998,13,164,0,-1.0,1,1,1
15073.0,208,5,1744.61,348.92199999999997,89,919,281,69.75,0,0,1
15074.0,237,2,817.46,408.73,31,608,38,38.0,0,0,1
15076.0,300,2,566.89,283.445,30,295,29,29.0,0,0,1
15077.0,302,2,2428.08,1214.04,28,528,235,235.0,0,1,1
15078.0,11,34,11857.23,348.7420588235294,99,5821,531,15.757575757575758,0,0,1
15079.0,20,11,3767.35,342.48636363636365,119,1504,519,51.6,0,1,1
15080.0,235,2,546.25,273.125,31,287,74,74.0,0,1,1
15081.0,16,9,1708.97,189.88555555555556,65,729,327,40.5,0,0,1
15082.0,476,1,93.35000000000001,93.35000000000001,6,43,0,-1.0,1,1,1
15083.0,64,1,88.2,88.2,5,38,0,-1.0,1,1,1
15084.0,187,2,965.2,482.6,31,600,266,266.0,0,1,1
15085.0,537,1,347.54,347.54,9,169,0,-1.0,1,1,1
15086.0,372,2,218.53,109.265,10,95,60,60.0,0,1,1
15087.0,89,1,306.94,306.94,15,470,0,-1.0,1,1,1
15090.0,116,1,381.32,381.32,23,208,0,-1.0,1,1,1
15091.0,482,2,565.9,282.95,27,236,0,0.0,0,1,1
15092.0,23,3,776.46,258.82,39,230,247,123.0,0,1,1
15093.0,14,21,13125.77,625.0366666666666,104,10834,524,25.9,0,0,1
15094.0,271,2,83.0,41.5,4,28,181,181.0,0,1,1
15095.0,11,7,2541.54,363.07714285714286,89,1859,484,80.33333333333333,0,0,1
15097.0,391,2,660.27,330.135,39,254,0,0.0,0,1,1
15100.0,141,7,2894.7,413.5285714285714,11,334,367,60.666666666666664,0,1,1
15101.0,167,5,1262.69,252.538,48,469,230,57.25,0,1,1
15102.0,338,2,554.67,277.335,26,339,16,16.0,0,1,1
15104.0,4,2,1027.44,513.72,66,637,85,85.0,0,1,1
15105.0,238,2,795.98,397.99,50,536,196,196.0,0,0,1
15106.0,19,2,778.45,389.225,51,560,57,57.0,0,0,1
15107.0,119,9,940.35,104.48333333333333,32,356,140,17.0,0,1,1
15108.0,35,1,191.4,191.4,11,34,0,-1.0,1,0,0
15109.0,53,3,983.1,327.7,46,258,489,244.5,0,1,1
15110.0,126,3,679.4,226.46666666666667,17,160,166,83.0,0,0,1
15111.0,180,3,1451.89,483.96333333333337,60,560,219,109.5,0,1,1
15112.0,419,1,209.4,209.4,7,72,0,-1.0,1,1,1
15114.0,25,5,1357.47,271.494,67,1089,203,50.5,0,0,1
15115.0,540,1,191.74,191.74,14,88,0,-1.0,1,1,1
15116.0,12,1,479.65,479.65,15,147,0,-1.0,1,0,1
15117.0,23,4,1246.5900000000001,311.64750000000004,51,1815,418,139.33333333333334,0,0,1
15119.0,53,1,266.4,266.4,14,88,0,-1.0,1,1,1
15121.0,96,1,295.15,295.15,18,125,0,-1.0,1,1,1
15122.0,12,10,3794.3,379.43,139,1742,415,45.888888888888886,0,0,1
15123.0,14,4,3526.33,881.5825,113,1838,427,142.0,0,1,1
15124.0,284,2,266.63,133.315,16,229,175,175.0,0,0,1
15125.0,15,13,12807.11,985.1623076923078,127,6204,410,34.0,0,0,1
15126.0,344,2,449.49,224.745,25,273,150,150.0,0,1,1
15127.0,327,1,304.97,304.97,12,213,0,-1.0,1,1,1
15128.0,27,2,796.38,398.19,47,600,210,210.0,0,0,1
15129.0,18,16,4533.16,283.3225,68,3067,399,26.2,0,0,1
15131.0,202,1,80.28,80.28,7,88,0,-1.0,1,1,1
15132.0,7,2,489.87,244.935,24,377,62,62.0,0,0,1
15133.0,65,4,1482.38,370.595,34,592,262,87.33333333333333,0,0,1
15134.0,21,4,447.75,111.9375,20,333,209,69.33333333333333,0,0,1
15135.0,47,2,305.68,152.84,17,84,317,317.0,0,1,1
15137.0,328,2,823.4,411.7,34,596,159,159.0,0,1,1
15138.0,201,1,502.52,502.52,31,300,0,-1.0,1,1,1
15139.0,47,2,178.96,89.48,13,208,96,96.0,0,1,1
15140.0,6,4,2016.8899999999999,504.22249999999997,67,1339,243,80.66666666666667,0,0,1
15141.0,265,7,1388.47,198.35285714285715,44,1197,163,26.833333333333332,0,1,1
15142.0,218,5,2121.18,424.236,97,1790,90,22.5,0,1,1
15143.0,33,2,563.63,281.815,27,320,206,206.0,0,1,1
15144.0,25,17,7274.89,427.93470588235294,121,2999,509,31.5,0,0,1
15145.0,35,2,724.03,362.015,35,438,21,21.0,0,1,1
15146.0,99,1,834.22,834.22,63,914,0,-1.0,1,0,1
15147.0,48,1,623.5,623.5,28,366,0,-1.0,1,1,1
15149.0,384,4,1033.81,258.4525,44,252,73,24.333333333333332,0,0,1
15150.0,77,4,4187.86,1046.965,261,2856,274,91.0,0,0,1
15151.0,231,2,2085.61,1042.805,56,795,86,86.0,0,1,1
15152.0,509,1,518.14,518.14,29,290,0,-1.0,1,0,1
15154.0,286,2,1091.99,545.995,101,245,0,0.0,0,0,1
15155.0,191,1,383.96999999999997,383.96999999999997,24,192,0,-1.0,1,1,1
15157.0,166,3,1803.5,601.1666666666666,81,2152,370,185.0,0,0,1
15158.0,209,1,204.62,204.62,4,21,0,-1.0,1,1,1
15159.0,18,15,8502.09,566.806,188,4373,221,15.428571428571429,0,0,1
15160.0,165,4,589.27,147.3175,17,307,63,20.666666666666668,0,1,1
15161.0,196,1,119.92,119.92,33,144,0,-1.0,1,1,1
15162.0,539,1,312.9,312.9,12,74,0,-1.0,1,1,1
15163.0,0,1,155.0,155.0,10,48,0,-1.0,1,1,1
15164.0,16,8,1594.05,199.25625,223,714,481,68.28571428571429,0,1,1
15165.0,181,1,975.5,975.5,27,320,0,-1.0,1,1,1
15166.0,275,1,167.16,167.16,12,140,0,-1.0,1,1,1
15167.0,128,5,1659.67,331.934,262,872,352,87.75,0,1,1
15169.0,190,2,569.22,284.61,58,356,344,344.0,0,1,1
15170.0,214,1,81.15,81.15,4,33,0,-1.0,1,1,1
15171.0,139,1,1289.5,1289.5,5,290,0,-1.0,1,1,1
15172.0,4,2,526.2,263.1,38,480,39,39.0,0,0,1
15173.0,188,7,1494.6,213.5142857142857,68,840,236,38.833333333333336,0,1,1
15174.0,130,2,481.46,240.73,34,382,87,87.0,0,1,1
15176.0,475,1,988.04,988.04,52,448,0,-1.0,1,1,1
15177.0,233,1,948.93,948.93,26,485,0,-1.0,1,1,1
15178.0,68,1,40.5,40.5,3,30,0,-1.0,1,1,1
15179.0,41,11,6740.09,612.7354545454546,190,4772,502,49.8,0,1,1
15180.0,175,3,904.4300000000001,301.4766666666667,46,690,221,110.5,0,1,1
15181.0,77,3,810.72,270.24,6,192,461,230.5,0,0,1
15182.0,76,10,2746.582,274.65819999999997,75,1077,388,42.888888888888886,0,0,1
15183.0,355,3,639.93,213.30999999999997,33,297,36,18.0,0,1,1
15184.0,195,2,283.19,141.595,19,263,336,336.0,0,0,1
15186.0,282,3,991.7900000000001,330.5966666666667,22,501,222,111.0,0,0,1
15187.0,20,1,431.6,431.6,9,172,0,-1.0,1,0,1
15188.0,533,1,310.43,310.43,23,233,0,-1.0,1,1,1
15189.0,5,20,6220.44,311.022,54,2440,311,15.894736842105264,0,0,1
15190.0,242,1,834.4399999999999,834.4399999999999,40,790,0,-1.0,1,1,1
15191.0,271,3,588.05,196.01666666666665,33,287,225,112.5,0,1,1
15192.0,173,3,1252.07,417.3566666666666,40,922,314,157.0,0,0,1
15194.0,6,22,8472.34,385.10636363636365,203,6059,537,25.142857142857142,0,0,1
15196.0,240,2,316.25,158.125,34,131,293,293.0,0,1,1
15197.0,60,5,1571.15,314.23,35,791,475,118.5,0,1,1
15198.0,216,3,377.71,125.90333333333332,20,207,281,140.0,0,0,1
15199.0,43,8,2510.85,313.85625,17,725,340,48.0,0,0,1
15200.0,302,1,549.05,549.05,30,195,0,-1.0,1,1,1
15201.0,12,4,1208.68,302.17,36,1109,407,135.33333333333334,0,0,1
15202.0,228,3,6001.49,2000.4966666666667,1,3,0,0.0,0,1,1
15203.0,6,11,3265.28,296.8436363636364,126,3102,532,52.8,0,0,1
15204.0,165,1,316.58,316.58,9,258,0,-1.0,1,1,1
15206.0,83,1,17.700000000000003,17.700000000000003,1,6,0,-1.0,1,0,1
15207.0,224,3,683.9200000000001,227.97333333333336,19,428,130,65.0,0,1,1
15208.0,161,2,165.8,82.9,8,60,70,70.0,0,0,1
15209.0,538,1,178.98000000000002,178.98000000000002,13,94,0,-1.0,1,1,1
15210.0,33,3,1176.19,392.06333333333333,66,841,350,174.5,0,1,1
15211.0,173,1,766.14,766.14,23,234,0,-1.0,1,1,1
15212.0,49,2,208.28,104.14,7,84,135,135.0,0,1,1
15213.0,126,2,328.35,164.175,22,272,11,11.0,0,1,1
15214.0,50,1,514.9300000000001,514.9300000000001,35,402,0,-1.0,1,0,1
15215.0,201,4,1687.49,421.8725,59,551,218,72.66666666666667,0,0,1
15216.0,426,1,389.49,389.49,22,189,0,-1.0,1,0,1
15217.0,371,1,426.24,426.24,28,190,0,-1.0,1,1,1
15218.0,25,14,7516.94,536.9242857142857,113,4191,464,35.23076923076923,0,0,1
15219.0,456,1,379.7,379.7,17,226,0,-1.0,1,0,1
15220.0,11,3,858.1899999999999,286.06333333333333,53,783,77,38.0,0,0,1
15221.0,174,4,2465.4500000000003,616.3625000000001,21,287,271,90.0,0,1,1
15222.0,126,11,3550.91,322.81,98,4458,404,39.8,0,1,1
15223.0,33,5,1417.95,283.59000000000003,26,385,509,126.75,0,1,1
15224.0,166,5,871.36,174.272,24,443,334,83.25,0,1,1
15225.0,42,1,409.40000000000003,409.40000000000003,23,226,0,-1.0,1,1,1
15226.0,118,1,154.41,154.41,8,71,0,-1.0,1,1,1
15227.0,23,7,2145.91,306.5585714285714,79,1056,418,69.16666666666667,0,1,1
15228.0,102,3,3098.41,1032.8033333333333,119,1871,204,102.0,0,0,1
15229.0,394,1,160.5,160.5,9,114,0,-1.0,1,1,1
15230.0,47,2,429.6,214.8,23,351,1,1.0,0,1,1
15231.0,429,1,250.26,250.26,14,190,0,-1.0,1,1,1
15233.0,209,1,59.400000000000006,59.400000000000006,1,12,0,-1.0,1,1,1
15234.0,84,1,197.0,197.0,14,196,0,-1.0,1,1,1
15235.0,25,16,2937.81,183.613125,161,1735,170,11.0,0,1,1
15236.0,106,1,321.05,321.05,15,269,0,-1.0,1,1,1
15237.0,11,2,1093.65,546.825,74,798,23,23.0,0,0,1
15240.0,49,9,3382.51,375.83444444444444,100,2355,492,61.0,0,0,1
15241.0,0,6,2259.12,376.52,95,2410,462,91.8,0,0,1
15242.0,230,1,302.04,302.04,4,196,0,-1.0,1,1,1
15243.0,243,1,610.6,610.6,39,358,0,-1.0,1,0,1
15244.0,56,2,578.45,289.225,28,307,418,418.0,0,1,1
15245.0,69,6,3346.48,557.7466666666667,71,2063,333,66.4,0,0,1
15246.0,46,3,780.4,260.1333333333333,45,359,317,158.0,0,1,1
15247.0,285,2,620.06,310.03,10,354,59,59.0,0,0,1
15248.0,219,3,1893.93,631.3100000000001,103,1065,122,60.5,0,1,1
15249.0,4,10,5418.91,541.891,214,2838,426,47.0,0,0,1
15250.0,448,1,60.0,60.0,3,48,0,-1.0,1,1,1
15251.0,18,12,13935.27,1161.2725,137,8585,468,42.09090909090909,0,0,1
15252.0,229,3,1362.63,454.21000000000004,73,908,190,95.0,0,0,1
15253.0,211,3,1136.89,378.96333333333337,58,722,183,91.0,0,0,1
15254.0,354,2,787.99,393.995,46,436,14,14.0,0,0,1
15255.0,204,8,2838.57,354.82125,101,1737,340,48.142857142857146,0,1,1
15256.0,369,1,71.95,71.95,4,37,0,-1.0,1,0,1
15257.0,91,2,685.9,342.95,11,71,130,130.0,0,1,1
15258.0,25,1,315.66,315.66,16,78,0,-1.0,1,0,1
15259.0,320,4,1182.3799999999999,295.59499999999997,50,631,169,56.333333333333336,0,1,1
15260.0,11,22,8260.06,375.4572727272727,170,4311,530,24.857142857142858,0,0,1
15261.0,189,3,1253.18,417.7266666666667,70,536,52,25.5,0,0,1
15262.0,131,3,418.82,139.60666666666665,22,218,164,81.5,0,1,1
15264.0,338,1,454.66,454.66,32,178,0,-1.0,1,1,1
15265.0,43,3,2551.76,850.5866666666667,146,1198,502,251.0,0,0,1
15266.0,146,5,852.21,170.442,38,236,363,90.25,0,1,1
15268.0,286,3,961.9000000000001,320.6333333333334,21,428,126,63.0,0,1,1
15269.0,188,2,816.56,408.28,32,346,10,5.0,0,1,1
15270.0,46,18,7459.12,414.3955555555556,65,3166,483,28.11764705882353,0,0,1
15271.0,12,14,2938.08,209.86285714285714,274,1618,287,21.53846153846154,0,0,1
15272.0,258,4,1363.54,340.885,209,377,213,70.66666666666667,0,0,1
15273.0,407,1,228.96,228.96,1,216,0,-1.0,1,1,1
15276.0,202,3,514.22,171.40666666666667,115,267,40,20.0,0,1,1
15277.0,233,1,220.44,220.44,14,168,0,-1.0,1,1,1
15278.0,369,4,496.15999999999997,124.03999999999999,29,458,103,34.333333333333336,0,1,1
15279.0,162,5,1580.54,316.108,74,802,321,79.75,0,1,1
15280.0,296,2,293.09999999999997,146.54999999999998,39,359,82,82.0,0,0,1
15281.0,5,13,8138.83,626.0638461538462,414,5027,229,18.666666666666668,0,0,1
15282.0,378,1,348.59,348.59,27,395,0,-1.0,1,1,1
15283.0,198,3,148.33,49.443333333333335,9,27,127,63.5,0,1,1
15284.0,308,1,24.75,24.75,1,5,0,-1.0,1,1,1
15285.0,215,1,94.92,94.92,6,120,0,-1.0,1,1,1
15287.0,187,3,369.34000000000003,123.11333333333334,13,577,357,178.5,0,1,1
15288.0,8,8,3200.61,400.07625,114,1202,464,65.85714285714286,0,0,1
15289.0,57,3,1028.76,342.92,45,952,372,186.0,0,0,1
15290.0,11,16,4585.63,286.601875,62,3199,450,29.666666666666668,0,0,1
15291.0,55,34,11857.85,348.76029411764705,103,3746,488,14.333333333333334,0,0,1
15292.0,9,1,180.94,180.94,24,56,0,-1.0,1,1,1
15293.0,473,1,247.5,247.5,19,178,0,-1.0,1,1,1
15294.0,218,1,233.35,233.35,15,97,0,-1.0,1,1,1
15295.0,462,1,217.23999999999998,217.23999999999998,50,151,0,-1.0,1,1,1
15296.0,20,8,8447.78,1055.9725,321,4739,474,67.57142857142857,0,0,1
15298.0,70,15,5897.91,393.194,152,4141,468,32.92857142857143,0,0,1
15299.0,71,7,5919.54,845.6485714285715,6,5082,433,72.0,0,0,1
15301.0,13,9,4637.09,515.2322222222223,158,2737,244,30.0,0,0,1
15302.0,538,1,308.0,308.0,15,102,0,-1.0,1,1,1
15303.0,98,3,1224.18,408.06,63,514,393,196.5,0,1,1
15304.0,26,6,606.75,101.125,5,77,202,40.2,0,0,1
15305.0,363,1,93.6,93.6,5,40,0,-1.0,1,1,1
15306.0,308,6,2310.38,385.06333333333333,80,2264,158,31.2,0,0,1
15308.0,82,1,310.47,310.47,19,175,0,-1.0,1,1,1
15309.0,418,4,797.96,199.49,49,440,124,41.333333333333336,0,1,1
15310.0,286,1,1634.64,1634.64,45,1476,0,-1.0,1,1,1
15311.0,4,160,85669.95,535.4371874999999,698,51806,542,2.8867924528301887,0,0,1
15312.0,23,10,2613.2400000000002,261.324,111,1517,508,56.111111111111114,0,0,1
15314.0,7,3,820.4499999999999,273.4833333333333,49,750,228,114.0,0,1,1
15316.0,134,1,165.0,165.0,1,100,0,-1.0,1,1,1
15317.0,485,1,129.75,129.75,5,45,0,-1.0,1,1,1
15319.0,91,1,204.5,204.5,16,175,0,-1.0,1,1,1
15321.0,99,10,5120.89,512.089,206,3017,383,42.22222222222222,0,1,1
15322.0,284,1,711.18,711.18,41,555,0,-1.0,1,0,1
15323.0,370,3,434.6,144.86666666666667,29,188,99,49.0,0,1,1
15324.0,509,1,140.22000000000003,140.22000000000003,8,74,0,-1.0,1,1,1
15325.0,203,7,1439.72,205.67428571428573,141,1151,265,43.833333333333336,0,0,1
15326.0,141,5,1700.52,340.104,94,1351,404,100.75,0,1,1
15328.0,215,1,107.24,107.24,8,88,0,-1.0,1,1,1
15329.0,182,8,1934.63,241.82875,60,733,350,49.714285714285715,0,0,1
15331.0,307,3,767.91,255.97,41,701,109,54.5,0,1,1
15332.0,174,6,6553.74,1092.29,113,2958,147,29.0,0,1,0
15333.0,16,1,1028.56,1028.56,16,344,0,-1.0,1,1,1
15336.0,209,1,240.5,240.5,15,84,0,-1.0,1,1,1
15337.0,219,1,373.02,373.02,21,200,0,-1.0,1,1,1
15338.0,485,1,283.43,283.43,56,150,0,-1.0,1,1,1
15339.0,126,6,1511.67,251.94500000000002,134,886,350,69.6,0,1,1
15340.0,369,1,105.5,105.5,7,76,0,-1.0,1,1,1
15341.0,257,1,382.2,382.2,7,196,0,-1.0,1,0,1
15346.0,140,3,596.12,198.70666666666668,36,260,98,48.5,0,1,1
15347.0,174,4,1363.6,340.9,29,672,71,23.333333333333332,0,1,1
15350.0,181,2,663.25,331.625,26,323,9,9.0,0,1,1
15351.0,177,4,2052.85,513.2125,103,867,62,20.666666666666668,0,0,1
15352.0,356,1,114.95,114.95,34,43,0,-1.0,1,1,1
15353.0,62,7,3175.95,453.70714285714286,274,1551,483,80.0,0,1,1
15354.0,411,3,284.4,94.8,1,3,0,0.0,0,1,1
15356.0,26,8,1900.26,237.5325,232,1006,204,28.571428571428573,0,0,1
15358.0,15,31,13066.28,421.49290322580646,307,12106,524,17.133333333333333,0,0,1
15359.0,470,8,181.35,22.66875,10,145,30,4.142857142857143,0,1,1
15361.0,169,4,689.07,172.2675,10,373,181,60.0,0,1,1
15362.0,256,2,613.08,306.54,38,368,290,290.0,0,1,1
15363.0,180,2,1004.11,502.055,32,527,120,120.0,0,1,1
15364.0,62,1,331.80000000000007,331.80000000000007,3,84,0,-1.0,1,0,1
15365.0,123,7,2451.42,350.20285714285717,87,1132,357,59.333333333333336,0,0,1
15366.0,166,6,1892.11,315.35166666666663,68,1887,293,58.0,0,0,1
15367.0,53,9,4619.92,513.3244444444445,191,2637,483,60.0,0,1,1
15368.0,202,1,275.8,275.8,4,176,0,-1.0,1,1,1
15369.0,300,11,6251.26,568.2963636363637,44,3288,239,23.5,0,1,1
15370.0,11,4,2480.9,620.225,77,1029,206,68.33333333333333,0,0,1
15371.0,470,1,59.400000000000006,59.400000000000006,1,12,0,-1.0,1,1,1
15372.0,258,7,4009.66,572.8085714285714,19,3486,213,35.333333333333336,0,0,1
15373.0,18,11,2197.23,199.74818181818182,91,512,376,37.2,0,0,1
15374.0,432,1,139.32,139.32,6,164,0,-1.0,1,0,1
15375.0,498,1,60.959999999999994,60.959999999999994,6,84,0,-1.0,1,1,1
15376.0,30,1,654.17,654.17,57,375,0,-1.0,1,0,1
15377.0,190,4,1211.75,302.9375,15,253,32,10.666666666666666,0,1,1
15378.0,270,2,246.5,123.25,8,130,39,39.0,0,1,1
15379.0,16,6,4437.66,739.61,169,2671,192,37.8,0,0,1
15380.0,173,7,2018.9,288.4142857142857,6,734,373,61.833333333333336,0,0,1
15381.0,21,5,1890.5700000000002,378.11400000000003,20,802,369,92.0,0,1,1
15382.0,18,8,9365.86,1170.7325,241,6340,524,74.71428571428571,0,0,1
15384.0,167,3,1688.95,562.9833333333333,77,1419,232,115.5,0,0,1
15385.0,200,2,625.2,312.6,8,267,284,284.0,0,1,1
15387.0,300,1,468.65,468.65,20,335,0,-1.0,1,1,1
15388.0,78,1,140.54,140.54,10,88,0,-1.0,1,1,0
15389.0,208,4,2233.8,558.45,2,3540,281,93.33333333333333,0,0,1
15390.0,204,2,1216.66,608.33,77,894,12,12.0,0,1,0
15391.0,392,1,289.87,289.87,12,109,0,-1.0,1,1,1
15392.0,168,4,1715.07,428.7675,54,1269,71,23.333333333333332,0,0,1
15393.0,89,4,783.58,195.895,35,322,442,147.0,0,1,1
15394.0,12,9,4539.7,504.4111111111111,119,2008,519,64.625,0,0,1
15395.0,133,1,107.45,107.45,7,17,0,-1.0,1,1,1
15396.0,391,1,508.20000000000005,508.20000000000005,2,156,0,-1.0,1,0,1
15397.0,97,1,94.0,94.0,6,20,0,-1.0,1,1,1
15400.0,86,4,932.2,233.05,13,462,282,93.33333333333333,0,0,1
15401.0,260,2,216.95000000000002,108.47500000000001,14,93,116,116.0,0,1,1
15402.0,4,5,1644.76,328.952,72,1771,395,98.25,0,0,1
15403.0,299,2,170.88,85.44,6,492,238,238.0,0,1,1
15404.0,183,1,257.06,257.06,16,334,0,-1.0,1,1,1
15405.0,384,1,310.74,310.74,22,155,0,-1.0,1,0,1
15406.0,109,3,717.45,239.15,101,423,152,50.666666666666664,0,1,1
15407.0,30,2,329.86,164.93,49,209,83,83.0,0,0,1
15408.0,72,1,267.18,267.18,34,106,0,-1.0,1,1,1
15409.0,529,1,131.25,131.25,9,59,0,-1.0,1,1,1
15410.0,11,6,3035.77,505.96166666666664,71,1267,396,65.83333333333333,0,0,1
15413.0,499,5,6798.72,1359.7440000000001,20,2694,47,11.0,0,1,1
15414.0,50,1,36.2,36.2,5,12,0,-1.0,1,1,1
15415.0,121,1,572.8100000000001,572.8100000000001,46,575,0,-1.0,1,1,1
15416.0,47,5,2862.93,572.586,123,1638,436,108.75,0,0,1
15418.0,233,2,452.32,226.16,64,266,161,161.0,0,1,1
15420.0,242,6,743.0,123.83333333333333,52,844,300,59.6,0,1,1
15421.0,23,9,3594.34,399.37111111111113,170,1806,516,64.125,0,1,1
15422.0,131,7,1619.97,231.42428571428573,80,710,347,57.333333333333336,0,1,1
15423.0,389,2,223.39,111.695,12,97,39,39.0,0,1,1
15424.0,62,3,597.78,199.26,33,873,208,104.0,0,1,1
15425.0,208,4,1944.57,486.1425,114,1042,263,87.33333333333333,0,1,1
15426.0,65,6,1830.98,305.16333333333336,218,811,329,65.4,0,1,1
15428.0,195,3,668.97,222.99,35,245,334,166.5,0,1,1
15430.0,275,2,954.75,477.375,36,309,60,60.0,0,1,1
15431.0,310,1,153.24,153.24,2,84,0,-1.0,1,1,1
15432.0,349,1,149.57,149.57,6,27,0,-1.0,1,1,1
15433.0,21,2,533.3,266.65,40,534,53,53.0,0,1,1
15434.0,8,7,1832.54,261.7914285714286,70,975,483,80.33333333333333,0,0,1
15436.0,42,1,489.05,489.05,124,251,0,-1.0,1,1,1
15437.0,70,2,393.45,196.725,56,177,378,378.0,0,1,1
15439.0,212,4,1269.05,317.2625,49,572,248,82.66666666666667,0,1,1
15440.0,16,1,125.8,125.8,20,78,0,-1.0,1,0,1
15441.0,204,3,1254.21,418.07,45,587,334,166.5,0,1,1
15442.0,56,1,594.0,594.0,2,120,0,-1.0,1,1,1
15443.0,128,8,2376.73,297.09125,249,1254,322,45.57142857142857,0,0,1
15445.0,72,2,284.5,142.25,12,118,326,326.0,0,1,1
15446.0,184,3,406.95,135.65,90,267,349,174.5,0,1,1
15447.0,138,5,492.88,98.576,27,228,294,73.25,0,1,1
15448.0,120,2,788.81,394.405,49,487,361,361.0,0,1,1
15449.0,69,1,345.92,345.92,23,248,0,-1.0,1,0,1
15451.0,242,2,233.21,116.605,56,79,164,164.0,0,1,1
15452.0,72,4,1507.63,376.9075,148,945,247,82.0,0,1,1
15454.0,170,2,307.69,153.845,35,148,256,256.0,0,1,1
15455.0,405,1,38.25,38.25,2,3,0,-1.0,1,1,1
15456.0,91,10,2119.27,211.927,128,2826,448,49.22222222222222,0,1,1
15457.0,70,1,237.07,237.07,56,132,0,-1.0,1,1,1
15458.0,210,1,208.79999999999998,208.79999999999998,6,144,0,-1.0,1,1,1
15459.0,225,2,202.82999999999998,101.41499999999999,6,121,80,80.0,0,1,1
15460.0,162,1,216.76,216.76,53,109,0,-1.0,1,1,1
15461.0,268,2,429.7,214.85,1,230,170,170.0,0,1,1
15462.0,253,1,502.45,502.45,30,323,0,-1.0,1,0,1
15464.0,146,1,1048.85,1048.85,155,350,0,-1.0,1,1,1
15465.0,41,26,10464.49,402.4803846153846,89,2273,496,19.36,0,0,1
15466.0,197,3,1236.48,412.16,172,698,347,173.0,0,0,1
15468.0,200,1,962.97,962.97,56,1245,0,-1.0,1,1,1
15469.0,246,1,335.7,335.7,19,134,0,-1.0,1,0,1
15470.0,383,1,63.419999999999995,63.419999999999995,4,232,0,-1.0,1,1,1
15471.0,188,2,847.0799999999999,423.53999999999996,67,417,170,170.0,0,1,1
15473.0,252,1,274.8,274.8,3,104,0,-1.0,1,1,1
15474.0,403,1,163.1,163.1,19,56,0,-1.0,1,1,1
15476.0,188,4,2209.98,552.495,67,1174,62,20.333333333333332,0,1,1
15477.0,457,1,368.4,368.4,2,216,0,-1.0,1,1,1
15478.0,383,1,583.56,583.56,24,319,0,-1.0,1,1,1
15479.0,541,1,147.4,147.4,9,38,0,-1.0,1,1,1
15480.0,273,4,5373.5,1343.375,162,1549,210,69.66666666666667,0,0,0
15481.0,209,1,1993.34,1993.34,38,1450,0,-1.0,1,1,0
15482.0,58,10,4975.04,497.504,43,1952,486,53.666666666666664,0,0,1
15483.0,74,7,743.24,106.17714285714285,191,794,417,69.16666666666667,0,0,1
15484.0,348,2,1061.69,530.845,53,924,194,194.0,0,0,1
15485.0,144,6,4475.14,745.8566666666667,56,1891,401,80.0,0,1,1
15486.0,335,1,102.0,102.0,1,40,0,-1.0,1,1,1
15487.0,487,1,231.32,231.32,14,144,0,-1.0,1,1,1
15488.0,264,4,340.6,85.15,8,178,126,42.0,0,0,1
15489.0,19,6,1633.5900000000001,272.26500000000004,66,876,481,96.0,0,1,1
15490.0,238,1,217.6,217.6,22,85,0,-1.0,1,1,1
15491.0,26,3,1644.92,548.3066666666667,80,894,17,8.5,0,0,1
15493.0,57,6,3264.43,544.0716666666666,234,961,405,80.4,0,0,1
15494.0,286,3,2480.82,826.94,219,1949,250,125.0,0,0,1
15495.0,187,1,246.5,246.5,20,194,0,-1.0,1,1,1
15496.0,439,1,146.14000000000001,146.14000000000001,22,98,0,-1.0,1,1,1
15497.0,127,8,8365.789999999999,1045.7237499999999,65,2841,401,56.57142857142857,0,1,1
15498.0,18,28,18549.99,662.4996428571429,484,9636,512,18.555555555555557,0,0,1
15499.0,531,1,161.6,161.6,40,60,0,-1.0,1,1,1
15501.0,212,2,402.5,201.25,64,206,10,10.0,0,1,1
15502.0,83,6,6249.0,1041.5,154,3481,279,55.4,0,0,1
15503.0,170,2,267.15,133.575,112,136,363,363.0,0,1,1
15504.0,328,3,371.02,123.67333333333333,33,115,144,72.0,0,0,1
15506.0,189,3,1060.77,353.59,82,799,96,47.5,0,0,1
15508.0,27,3,629.11,209.70333333333335,47,297,16,7.5,0,0,1
15509.0,188,1,166.51,166.51,26,72,0,-1.0,1,1,1
15510.0,138,1,250.0,250.0,1,2,0,-1.0,1,1,1
15512.0,167,3,311.78,103.92666666666666,28,223,316,157.5,0,0,1
15513.0,7,28,19061.79,680.7782142857143,219,7552,496,17.962962962962962,0,0,1
15514.0,33,13,5021.03,386.2330769230769,129,3302,509,41.833333333333336,0,1,1
15515.0,195,1,171.81,171.81,7,131,0,-1.0,1,1,1
15517.0,41,1,267.03,267.03,27,293,0,-1.0,1,1,1
15518.0,23,11,3264.06,296.7327272727273,213,2253,504,50.1,0,0,1
15519.0,191,2,344.61,172.305,34,116,63,63.0,0,1,1
15521.0,20,12,5774.2699999999995,481.1891666666666,177,3581,491,44.27272727272727,0,0,1
15523.0,196,15,16947.98,1129.8653333333334,63,15741,349,24.428571428571427,0,0,1
15524.0,414,1,151.4,151.4,8,24,0,-1.0,1,1,1
15525.0,181,2,783.71,391.855,66,388,9,9.0,0,1,1
15527.0,27,18,4045.9,224.77222222222224,151,1591,504,29.235294117647058,0,0,1
15528.0,62,1,229.33,229.33,26,123,0,-1.0,1,1,1
15529.0,18,8,3048.93,381.11625,296,2601,183,25.714285714285715,0,0,1
15530.0,54,2,864.5,432.25,71,714,266,266.0,0,0,1
15532.0,166,7,2547.32,363.90285714285716,297,920,191,31.333333333333332,0,0,1
15534.0,533,1,162.25,162.25,8,63,0,-1.0,1,1,1
15535.0,44,5,962.8100000000001,192.562,75,285,212,52.75,0,0,1
15536.0,217,1,259.09,259.09,16,242,0,-1.0,1,1,1
15538.0,345,6,3358.3999999999996,559.7333333333332,3,1016,125,24.8,0,1,1
15540.0,183,1,247.38,247.38,16,244,0,-1.0,1,1,1
15542.0,320,3,918.45,306.15000000000003,212,469,225,112.5,0,1,1
15543.0,96,2,242.84,121.42,50,169,171,171.0,0,1,1
15544.0,19,15,6375.19,425.01266666666663,147,5286,469,33.0,0,0,1
15545.0,179,1,270.65999999999997,270.65999999999997,31,150,0,-1.0,1,1,1
15546.0,414,2,1079.1000000000001,539.5500000000001,6,198,0,0.0,0,1,1
15547.0,2,19,7604.08,400.21473684210525,449,4935,539,29.5,0,0,1
15548.0,403,1,158.09,158.09,23,64,0,-1.0,1,1,1
15549.0,124,6,1594.8,265.8,94,640,381,75.8,0,0,1
15550.0,109,9,1781.07,197.89666666666665,141,945,434,53.875,0,0,1
15551.0,202,6,1274.02,212.33666666666667,95,596,155,30.8,0,1,1
15552.0,25,2,252.52,126.26,29,166,405,405.0,0,1,1
15554.0,85,1,217.2,217.2,14,74,0,-1.0,1,1,1
15555.0,9,25,8966.93,358.6772,501,5911,532,21.791666666666668,0,0,1
15558.0,447,1,214.13,214.13,23,86,0,-1.0,1,1,1
15559.0,376,1,1109.4,1109.4,62,526,0,-1.0,1,1,1
15560.0,205,2,153.52,76.76,10,72,0,0.0,0,1,1
15561.0,23,5,1399.55,279.90999999999997,49,1118,447,111.5,0,0,1
15562.0,159,3,673.3800000000001,224.46000000000004,32,561,374,186.5,0,1,1
15563.0,8,5,2202.18,440.436,151,2260,480,119.75,0,1,1
15564.0,271,2,70.74000000000001,35.370000000000005,4,42,212,212.0,0,1,1
15566.0,200,2,227.87,113.935,9,153,331,331.0,0,1,1
15569.0,140,6,2499.14,416.5233333333333,108,1252,317,63.0,0,0,1
15570.0,14,21,7670.9400000000005,365.28285714285715,392,3149,415,20.25,0,0,1
15571.0,194,10,3401.2,340.12,410,2242,347,38.111111111111114,0,0,1
15572.0,56,6,2391.85,398.64166666666665,174,1341,355,70.6,0,0,1
15573.0,426,3,599.73,199.91,104,417,110,55.0,0,0,1
15574.0,166,5,1406.6,281.32,186,903,105,26.0,0,0,1
15575.0,427,1,30.1,30.1,3,6,0,-1.0,1,1,1
15577.0,113,3,168.75,56.25,24,39,420,209.5,0,0,1
15579.0,121,4,1153.5,288.375,125,659,118,39.0,0,1,1
15580.0,184,8,1381.19,172.64875,150,959,293,41.57142857142857,0,1,1
15581.0,34,33,4749.58,143.92666666666668,523,3110,511,15.5625,0,0,1
15582.0,28,1,303.61,303.61,22,255,0,-1.0,1,0,1
15583.0,184,1,107.86,107.86,37,63,0,-1.0,1,1,1
15584.0,207,2,552.39,276.195,93,173,270,270.0,0,0,1
15586.0,400,3,1139.1,379.7,30,1338,108,54.0,0,1,1
15587.0,159,4,953.28,238.32,3,336,140,46.0,0,0,1
15588.0,485,1,579.6,579.6,4,96,0,-1.0,1,1,1
15589.0,63,3,478.53000000000003,159.51000000000002,28,243,54,27.0,0,1,1
15590.0,190,5,1496.6,299.32,75,832,224,55.75,0,1,1
15591.0,390,3,217.9,72.63333333333334,6,58,91,45.0,0,1,1
15594.0,42,1,267.91,267.91,15,145,0,-1.0,1,0,1
15595.0,295,1,357.6,357.6,4,144,0,-1.0,1,1,1
15596.0,22,8,3113.14,389.1425,82,1374,284,40.285714285714285,0,0,1
15597.0,383,1,238.8,238.8,15,114,0,-1.0,1,1,1
15598.0,235,1,307.34,307.34,22,244,0,-1.0,1,1,1
15599.0,12,2,937.15,468.575,58,741,241,241.0,0,1,1
15600.0,236,4,1199.31,299.8275,55,657,165,54.666666666666664,0,1,1
15601.0,11,25,12932.15,517.286,246,9678,534,21.791666666666668,0,0,1
15602.0,8,12,2475.59,206.29916666666668,53,1557,537,48.18181818181818,0,1,1
15603.0,456,1,40.0,40.0,2,32,0,-1.0,1,0,1
15605.0,60,7,1428.75,204.10714285714286,59,537,441,73.16666666666667,0,0,1
15606.0,30,14,4137.18,295.5128571428572,73,1276,424,32.23076923076923,0,0,1
15607.0,144,9,1708.97,189.88555555555556,95,1470,364,45.125,0,1,1
15608.0,223,1,692.3,692.3,45,548,0,-1.0,1,0,1
15611.0,64,16,1737.33,108.583125,26,281,426,27.866666666666667,0,0,1
15613.0,418,1,433.71999999999997,433.71999999999997,27,700,0,-1.0,1,1,1
15614.0,245,4,3147.36,786.84,73,1632,188,62.666666666666664,0,1,1
15615.0,20,34,15713.29,462.15558823529415,236,8956,524,15.484848484848484,0,0,1
15616.0,246,1,317.11,317.11,13,137,0,-1.0,1,1,1
15617.0,204,3,828.5500000000001,276.18333333333334,41,485,111,55.0,0,1,1
15620.0,28,3,1264.19,421.3966666666667,84,934,188,94.0,0,1,1
15622.0,5,13,6745.05,518.85,296,3642,448,37.083333333333336,0,0,1
15623.0,201,7,2136.02,305.1457142857143,77,962,335,55.5,0,0,1
15624.0,14,2,311.4,155.7,18,120,49,49.0,0,0,1
15625.0,43,6,2397.47,399.5783333333333,101,2345,306,61.0,0,0,1
15626.0,137,2,673.6,336.8,50,684,91,91.0,0,0,1
15627.0,265,2,566.9,283.45,23,344,65,65.0,0,1,1
15628.0,63,10,3473.03,347.303,95,2348,471,51.77777777777778,0,0,1
15629.0,258,4,2240.9,560.225,39,1518,82,27.333333333333332,0,1,1
15630.0,12,2,691.91,345.955,41,467,439,439.0,0,1,1
15631.0,450,1,596.67,596.67,39,525,0,-1.0,1,1,1
15632.0,33,3,1242.5,414.1666666666667,51,688,49,24.5,0,0,1
15633.0,317,13,4352.46,334.8046153846154,77,2058,221,17.916666666666668,0,1,1
15634.0,191,1,311.1,311.1,19,128,0,-1.0,1,1,1
15635.0,203,1,100.35,100.35,2,5,0,-1.0,1,1,1
15636.0,90,3,1026.52,342.17333333333335,28,358,287,143.0,0,0,1
15637.0,221,4,574.23,143.5575,23,523,310,103.0,0,1,1
15638.0,186,6,2265.2,377.5333333333333,20,1134,231,46.0,0,1,1
15639.0,259,2,639.76,319.88,40,526,153,153.0,0,0,1
15640.0,34,21,17213.53,819.6919047619047,223,8660,498,24.65,0,0,1
15641.0,68,11,4763.7300000000005,433.0663636363637,228,3956,472,46.8,0,0,1
15642.0,537,1,105.78000000000002,105.78000000000002,6,270,0,-1.0,1,1,1
15643.0,90,1,337.1,337.1,23,176,0,-1.0,1,0,1
15644.0,64,3,423.19,141.06333333333333,85,279,4,2.0,0,0,1
15645.0,222,2,443.16,221.58,16,140,11,11.0,0,1,1
15646.0,54,4,867.01,216.7525,58,1027,163,54.333333333333336,0,0,1
15647.0,223,1,169.0,169.0,11,124,0,-1.0,1,1,1
15648.0,12,2,657.35,328.675,23,221,62,62.0,0,1,1
15649.0,144,4,2170.35,542.5875,8,485,50,16.666666666666668,0,1,1
15650.0,329,2,553.88,276.94,33,210,106,106.0,0,1,1
15651.0,68,3,840.08,280.0266666666667,44,630,335,167.5,0,1,1
15652.0,195,4,1082.6,270.65,76,451,97,32.0,0,0,1
15655.0,51,1,560.67,560.67,34,324,0,-1.0,1,1,1
15656.0,28,2,306.86,153.43,19,100,63,63.0,0,0,1
15658.0,5,7,2415.9700000000003,345.1385714285715,79,689,538,89.33333333333333,0,0,1
15659.0,194,2,226.04,113.02,8,50,266,266.0,0,1,1
15660.0,12,10,1951.15,195.115,53,1273,467,51.44444444444444,0,0,1
15661.0,125,8,1215.95,151.99375,27,779,261,36.857142857142854,0,1,1
15662.0,469,2,283.73,141.865,12,145,77,77.0,0,1,1
15664.0,257,3,867.6,289.2,46,373,200,99.5,0,1,1
15665.0,51,4,3249.33,812.3325,156,2302,392,130.33333333333334,0,0,1
15666.0,280,2,632.9399999999999,316.46999999999997,62,469,23,23.0,0,1,1
15668.0,25,1,76.32000000000001,76.32000000000001,1,72,0,-1.0,1,1,1
15669.0,71,1,198.8,198.8,11,64,0,-1.0,1,0,1
15670.0,104,2,325.2,162.6,19,132,259,259.0,0,1,1
15671.0,50,3,1033.13,344.3766666666667,41,561,28,13.5,0,0,1
15672.0,533,1,45.300000000000004,45.300000000000004,3,10,0,-1.0,1,1,1
15673.0,22,7,5319.5,759.9285714285714,147,2711,440,72.83333333333333,0,0,1
15674.0,21,12,5881.29,490.1075,219,2999,517,46.54545454545455,0,0,1
15675.0,88,2,263.35,131.675,16,133,124,124.0,0,0,1
15676.0,91,1,897.8,897.8,61,555,0,-1.0,1,1,1
15677.0,229,2,648.4,324.2,32,356,42,42.0,0,1,1
15678.0,203,2,1541.19,770.595,67,883,127,127.0,0,1,1
15680.0,174,8,3652.79,456.59875,128,2453,371,52.57142857142857,0,1,1
15681.0,88,10,1909.22,190.922,36,832,283,31.22222222222222,0,0,1
15682.0,407,2,318.24,159.12,25,222,88,88.0,0,1,1
15683.0,281,1,330.79,330.79,16,201,0,-1.0,1,0,1
15684.0,355,3,173.95,57.98333333333333,9,77,188,93.5,0,1,1
15685.0,258,1,55.980000000000004,55.980000000000004,17,36,0,-1.0,1,1,1
15686.0,228,1,90.0,90.0,1,72,0,-1.0,1,1,1
15687.0,76,4,1402.45,350.6125,58,529,61,20.0,0,0,1
15688.0,226,1,190.57,190.57,26,95,0,-1.0,1,1,1
15689.0,169,2,370.43,185.215,19,179,256,256.0,0,0,1
15691.0,60,4,571.3,142.825,12,212,480,160.0,0,1,1
15693.0,467,1,37.5,37.5,1,30,0,-1.0,1,1,1
15694.0,11,17,7008.39,412.25823529411764,46,1528,528,32.5,0,0,1
15695.0,74,4,1131.04,282.76,55,484,414,137.66666666666666,0,1,1
15696.0,28,11,2808.01,255.27363636363637,116,1089,463,45.9,0,0,1
15697.0,497,1,246.75,246.75,14,127,0,-1.0,1,1,1
15698.0,432,1,46.2,46.2,2,60,0,-1.0,1,1,1
15702.0,284,2,140.39000000000001,70.19500000000001,30,103,205,205.0,0,1,0
15703.0,72,1,211.5,211.5,5,66,0,-1.0,1,1,1
15704.0,23,3,2463.19,821.0633333333334,99,1102,367,183.5,0,0,1
15705.0,9,1,143.1,143.1,6,62,0,-1.0,1,1,1
15708.0,30,7,3082.78,440.3971428571429,98,1211,203,33.333333333333336,0,0,1
15709.0,91,2,327.85,163.925,26,169,305,305.0,0,1,1
15710.0,225,1,898.87,898.87,110,641,0,-1.0,1,1,1
15711.0,364,2,420.25,210.125,25,199,128,128.0,0,1,1
15712.0,95,8,2699.85,337.48125,71,900,451,63.857142857142854,0,0,1
15713.0,174,3,825.24,275.08,39,419,357,178.5,0,0,1
15714.0,261,3,453.93,151.31,14,175,102,50.5,0,0,1
15715.0,363,5,658.02,131.60399999999998,33,246,63,15.75,0,1,1
15716.0,9,10,2840.44,284.044,175,1725,531,58.44444444444444,0,0,1
15717.0,42,5,607.0,121.4,17,224,358,89.0,0,1,1
15718.0,348,1,293.79,293.79,18,95,0,-1.0,1,1,1
15719.0,7,25,7608.42,304.3368,366,3937,538,21.958333333333332,0,0,1
15720.0,358,1,143.19,143.19,25,48,0,-1.0,1,1,1
15722.0,98,7,3359.59,479.9414285714286,76,1369,349,57.833333333333336,0,0,1
15723.0,172,4,947.65,236.9125,108,444,209,69.33333333333333,0,1,1
15724.0,9,3,310.85,103.61666666666667,17,117,199,99.5,0,1,1
15726.0,198,1,321.91,321.91,23,123,0,-1.0,1,1,1
15727.0,6,12,7517.42,626.4516666666667,344,4294,486,43.72727272727273,0,0,1
15728.0,187,2,544.6,272.3,10,132,64,64.0,0,1,1
15729.0,20,3,192.55,64.18333333333334,10,47,190,95.0,0,1,1
15730.0,14,3,1073.13,357.71000000000004,65,686,224,112.0,0,0,1
15731.0,361,1,125.3,125.3,8,122,0,-1.0,1,1,1
15732.0,20,10,1682.07,168.207,53,1361,461,50.77777777777778,0,1,1
15733.0,90,1,162.3,162.3,10,62,0,-1.0,1,1,1
15734.0,8,3,1502.5,500.8333333333333,22,303,347,173.0,0,0,1
15735.0,229,1,327.68,327.68,19,206,0,-1.0,1,1,1
15736.0,243,2,1815.72,907.86,95,1268,0,0.0,0,1,1
15737.0,50,1,475.88,475.88,29,286,0,-1.0,1,0,1
15738.0,12,34,11173.59,328.635,66,7913,524,15.363636363636363,0,0,1
15741.0,266,2,208.62,104.31,11,70,160,160.0,0,1,1
15742.0,427,1,156.87,156.87,41,51,0,-1.0,1,1,1
15745.0,44,1,302.85,302.85,18,127,0,-1.0,1,0,1
15747.0,183,6,1588.57,264.76166666666666,78,890,314,62.4,0,0,1
15748.0,257,2,465.45000000000005,232.72500000000002,16,211,0,0.0,0,1,1
15749.0,43,3,44534.3,14844.766666666668,5,18028,97,48.5,0,1,1
15750.0,91,13,4944.281,380.3293076923077,280,3372,454,37.333333333333336,0,0,1
15751.0,268,11,1380.44,125.49454545454546,90,443,272,27.0,0,1,1
15752.0,57,5,2615.34,523.068,266,1766,208,51.5,0,0,1
15753.0,112,1,79.2,79.2,1,144,0,-1.0,1,1,1
15754.0,54,7,2670.84,381.54857142857145,96,1599,408,67.66666666666667,0,0,1
15755.0,43,13,4249.6,326.8923076923077,208,2962,500,41.25,0,0,1
15756.0,21,2,249.12,124.56,83,106,36,36.0,0,0,1
15757.0,25,5,2487.3,497.46000000000004,140,1433,329,82.0,0,1,1
15759.0,26,7,830.9300000000001,118.70428571428572,10,523,519,86.16666666666667,0,1,1
15760.0,438,2,13916.34,6958.17,1,2,0,0.0,0,1,0
15761.0,250,1,143.05,143.05,5,31,0,-1.0,1,1,1
15764.0,84,3,2344.04,781.3466666666667,115,1518,201,100.5,0,0,1
15765.0,474,1,370.63,370.63,25,335,0,-1.0,1,1,1
15766.0,264,2,516.0,258.0,15,164,225,225.0,0,1,1
15768.0,11,33,15458.41,468.43666666666667,432,4168,532,16.1875,0,0,1
15769.0,5,33,60341.32,1828.5248484848485,18,34444,531,16.15625,0,0,1
15770.0,420,1,321.45,321.45,18,67,0,-1.0,1,1,1
15771.0,412,3,1006.54,335.5133333333333,26,512,89,44.5,0,1,1
15772.0,226,1,280.88,280.88,16,110,0,-1.0,1,1,1
15773.0,217,1,138.84,138.84,37,99,0,-1.0,1,1,1
15774.0,226,5,1059.14,211.82800000000003,69,386,238,59.25,0,1,1
15775.0,53,2,150.5,75.25,9,260,386,386.0,0,1,1
15777.0,49,7,1762.61,251.80142857142854,29,599,327,54.166666666666664,0,1,1
15778.0,239,1,307.95,307.95,17,101,0,-1.0,1,1,1
15779.0,271,2,124.08000000000001,62.040000000000006,8,20,69,69.0,0,1,1
15780.0,50,2,402.76,201.38,24,192,114,114.0,0,0,1
15781.0,113,1,83.35,83.35,5,29,0,-1.0,1,0,1
15782.0,238,1,1399.36,1399.36,18,980,0,-1.0,1,0,1
15784.0,275,2,848.3299999999999,424.16499999999996,33,381,204,204.0,0,1,1
15785.0,5,13,4971.36,382.41230769230765,87,3621,526,43.583333333333336,0,0,1
15786.0,225,2,3582.62,1791.31,166,2617,118,118.0,0,0,1
15788.0,316,1,221.82999999999998,221.82999999999998,14,115,0,-1.0,1,1,1
15789.0,166,6,1962.01,327.00166666666667,110,2499,265,52.8,0,1,1
15791.0,12,4,3218.89,804.7225,112,1797,437,145.66666666666666,0,1,1
15792.0,207,2,933.84,466.92,57,606,218,218.0,0,1,1
15793.0,76,6,1740.6,290.09999999999997,9,1324,469,93.6,0,1,1
15794.0,544,2,777.0,388.5,15,288,0,0.0,0,1,1
15795.0,238,7,1369.8600000000001,195.69428571428574,74,830,260,43.166666666666664,0,0,1
15796.0,8,12,3441.06,286.755,124,1182,418,37.54545454545455,0,0,1
15797.0,22,5,2453.88,490.776,11,1137,467,116.5,0,0,1
15798.0,300,3,1535.37,511.78999999999996,73,915,188,94.0,0,1,1
15799.0,142,2,860.37,430.185,76,568,84,84.0,0,0,1
15800.0,54,6,788.0,131.33333333333334,110,361,371,74.2,0,0,1
15803.0,253,3,1513.84,504.6133333333333,42,740,230,115.0,0,1,1
15804.0,6,1,525.36,525.36,34,314,0,-1.0,1,0,1
15805.0,5,18,7164.53,398.02944444444444,245,4251,531,30.941176470588236,0,0,1
15806.0,84,1,300.36,300.36,16,274,0,-1.0,1,0,1
15807.0,216,2,913.62,456.81,40,1102,257,257.0,0,0,1
15808.0,114,21,18409.93,876.6633333333333,348,7229,431,21.05,0,1,1
15809.0,12,5,1141.98,228.39600000000002,45,648,331,82.25,0,0,1
15810.0,40,6,2461.18,410.19666666666666,76,1322,441,87.6,0,0,1
15811.0,13,5,2966.7400000000002,593.3480000000001,161,1319,182,45.0,0,0,1
15812.0,62,9,4165.09,462.7877777777778,57,2980,470,58.25,0,0,1
15813.0,15,2,1303.9099999999999,651.9549999999999,40,603,31,31.0,0,1,1
15814.0,201,2,689.11,344.555,23,457,210,210.0,0,1,1
15815.0,20,3,1394.08,464.6933333333333,12,1068,47,23.5,0,0,1
15816.0,350,2,144.14999999999998,72.07499999999999,11,54,0,0.0,0,1,1
15817.0,228,3,2766.4,922.1333333333333,133,1596,122,60.5,0,1,1
15818.0,396,1,340.5,340.5,11,284,0,-1.0,1,1,1
15819.0,7,8,3206.48,400.81,162,2485,432,53.75,0,0,1
15820.0,127,1,206.98,206.98,17,128,0,-1.0,1,1,1
15822.0,167,5,1394.79,278.95799999999997,34,735,373,93.0,0,1,1
15823.0,180,3,3897.17,1299.0566666666666,155,1775,358,179.0,0,1,1
15824.0,261,2,890.94,445.47,24,478,78,78.0,0,1,1
15826.0,18,2,1663.97,831.985,66,1349,357,357.0,0,1,1
15827.0,23,23,2869.67,124.76826086956522,90,1311,485,21.727272727272727,0,0,1
15828.0,183,1,1108.82,1108.82,74,367,0,-1.0,1,1,1
15831.0,132,1,309.94,309.94,17,308,0,-1.0,1,0,1
15832.0,62,1,836.79,836.79,54,465,0,-1.0,1,1,1
15833.0,545,1,80.4,80.4,5,24,0,-1.0,1,1,1
15834.0,85,5,2820.61,564.1220000000001,245,1264,147,36.5,0,0,1
15835.0,68,2,488.31,244.155,25,243,70,70.0,0,0,1
15837.0,293,1,385.03000000000003,385.03000000000003,28,216,0,-1.0,1,1,1
15838.0,26,21,46622.82,2220.134285714286,44,49534,506,24.85,0,0,1
15841.0,26,7,2131.61,304.5157142857143,47,1815,511,84.83333333333333,0,0,1
15842.0,201,2,548.8,274.4,24,296,134,134.0,0,1,1
15843.0,111,1,118.95000000000002,118.95000000000002,8,27,0,-1.0,1,1,1
15845.0,18,6,2251.67,375.27833333333336,77,896,471,93.8,0,0,1
15846.0,193,1,107.01,107.01,27,79,0,-1.0,1,1,1
15847.0,96,4,613.98,153.495,28,542,353,117.33333333333333,0,1,1
15848.0,429,1,139.94,139.94,34,46,0,-1.0,1,1,1
15850.0,184,4,819.87,204.9675,197,1077,349,116.0,0,0,1
15851.0,334,1,109.73,109.73,8,67,0,-1.0,1,1,1
15852.0,5,2,199.76,99.88,30,50,329,329.0,0,0,1
15854.0,12,15,4193.55,279.57,134,1345,525,36.92857142857143,0,0,1
15855.0,14,4,682.99,170.7475,51,493,269,89.66666666666667,0,0,1
15856.0,11,33,24772.24,750.6739393939395,231,13409,532,16.15625,0,0,1
15857.0,238,1,273.48,273.48,10,276,0,-1.0,1,1,1
15858.0,97,10,3337.7400000000002,333.774,231,2477,440,48.22222222222222,0,0,1
15859.0,240,1,438.46,438.46,22,174,0,-1.0,1,1,1
15860.0,40,12,1948.26,162.355,192,1080,500,44.90909090909091,0,0,1
15861.0,75,6,1958.91,326.485,266,1877,413,82.4,0,0,1
15862.0,12,11,2586.42,235.1290909090909,367,1454,518,51.6,0,0,1
15863.0,0,4,299.06,74.765,58,147,530,176.33333333333334,0,1,1
15864.0,124,2,486.86,243.43,9,404,65,65.0,0,0,1
15865.0,21,3,1667.72,555.9066666666666,99,957,489,244.5,0,0,1
15867.0,4,25,7006.36,280.2544,452,4047,529,21.541666666666668,0,0,1
15868.0,391,1,94.53,94.53,4,57,0,-1.0,1,1,1
15869.0,85,3,323.65999999999997,107.88666666666666,29,274,349,174.5,0,1,1
15870.0,204,3,508.52,169.50666666666666,61,173,49,24.5,0,1,1
15871.0,245,1,33.099999999999994,33.099999999999994,5,5,0,-1.0,1,1,1
15872.0,186,2,434.75,217.375,70,294,171,171.0,0,1,1
15873.0,307,4,313.91999999999996,78.47999999999999,3,1152,1,0.3333333333333333,0,1,1
15874.0,25,19,9041.68,475.8778947368421,233,3618,483,26.5,0,0,1
15875.0,454,1,111.72,111.72,18,76,0,-1.0,1,1,1
15876.0,217,2,1449.1399999999999,724.5699999999999,11,886,39,39.0,0,1,1
15878.0,369,2,330.77,165.385,47,243,171,171.0,0,1,1
15879.0,212,4,1157.3,289.325,171,643,317,105.0,0,1,1
15880.0,177,1,686.5600000000001,686.5600000000001,95,422,0,-1.0,1,1,1
15881.0,120,5,501.39000000000004,100.278,26,260,52,12.75,0,1,1
15882.0,6,8,1495.98,186.9975,49,814,530,75.42857142857143,0,1,1
15884.0,240,2,249.70000000000002,124.85000000000001,14,158,303,303.0,0,1,1
15885.0,117,13,1587.47,122.11307692307693,69,512,378,31.166666666666668,0,0,1
15886.0,224,3,871.78,290.5933333333333,47,520,181,90.5,0,1,1
15887.0,214,3,1027.15,342.3833333333334,27,605,148,74.0,0,1,1
15888.0,208,2,260.85,130.425,24,63,125,125.0,0,0,1
15889.0,177,7,1657.33,236.76142857142855,237,923,360,59.5,0,0,1
15890.0,202,5,535.65,107.13,10,119,210,52.25,0,1,1
15891.0,34,1,524.52,524.52,60,442,0,-1.0,1,1,1
15892.0,477,1,128.2,128.2,38,46,0,-1.0,1,1,1
15893.0,289,1,305.28000000000003,305.28000000000003,1,288,0,-1.0,1,1,1
15894.0,61,2,420.29,210.145,35,283,115,115.0,0,1,1
15897.0,2,2,222.05,111.025,17,261,0,0.0,0,1,1
15898.0,34,24,5210.42,217.10083333333333,280,2272,501,21.26086956521739,0,1,1
15899.0,176,1,112.5,112.5,4,78,0,-1.0,1,1,1
15900.0,221,3,549.29,183.09666666666666,68,440,148,73.5,0,1,1
15901.0,259,4,339.34,84.835,49,318,92,30.333333333333332,0,0,1
15902.0,188,1,145.01,145.01,18,124,0,-1.0,1,1,1
15903.0,35,7,4454.72,636.3885714285715,39,2192,467,77.33333333333333,0,0,1
15905.0,351,1,114.69,114.69,22,82,0,-1.0,1,1,1
15906.0,27,6,1671.1100000000001,278.5183333333334,84,432,230,45.8,0,0,1
15907.0,18,1,251.18,251.18,46,157,0,-1.0,1,0,1
15908.0,298,2,764.57,382.285,37,174,21,21.0,0,1,1
15910.0,15,11,2000.23,181.8390909090909,322,1587,480,47.6,0,0,1
15911.0,431,8,1702.34,212.7925,162,811,106,14.857142857142858,0,1,1
15912.0,41,8,951.57,118.94625,77,640,496,70.71428571428571,0,0,1
15913.0,342,1,6.300000000000001,6.300000000000001,1,3,0,-1.0,1,1,1
15914.0,186,2,205.99,102.995,13,149,0,0.0,0,1,1
15915.0,209,1,429.21,429.21,105,451,0,-1.0,1,1,1
15916.0,54,9,2634.26,292.6955555555556,172,1276,482,59.875,0,0,1
15917.0,55,5,560.63,112.126,127,263,489,122.0,0,1,1
15918.0,79,2,390.65,195.325,37,153,360,360.0,0,0,1
15919.0,176,1,541.44,541.44,38,484,0,-1.0,1,1,1
15920.0,232,5,404.14,80.828,42,141,301,75.0,0,0,1
15921.0,204,3,466.08,155.35999999999999,52,176,243,121.5,0,0,1
15922.0,181,1,739.0,739.0,11,276,0,-1.0,1,1,1
15923.0,180,1,254.16,254.16,21,244,0,-1.0,1,1,1
15924.0,539,1,102.82,102.82,14,103,0,-1.0,1,1,1
15925.0,2,1,207.15,207.15,12,93,0,-1.0,1,1,1
15926.0,350,1,134.44,134.44,7,155,0,-1.0,1,1,1
15927.0,455,1,123.39,123.39,13,69,0,-1.0,1,1,1
15928.0,464,1,293.53,293.53,11,164,0,-1.0,1,1,1
15929.0,452,1,594.0,594.0,1,120,0,-1.0,1,1,1
15931.0,236,1,239.9,239.9,14,118,0,-1.0,1,1,1
15932.0,22,4,1273.25,318.3125,44,879,74,24.333333333333332,0,0,1
15934.0,225,2,2190.66,1095.33,29,2166,11,11.0,0,1,1
15935.0,47,2,416.86,208.43,12,115,2,2.0,0,1,1
15936.0,187,2,282.79,141.395,16,211,88,88.0,0,1,1
15938.0,9,8,665.53,83.19125,24,401,355,50.42857142857143,0,0,1
15939.0,4,10,7577.7300000000005,757.773,52,5266,178,19.333333333333332,0,0,1
15940.0,119,1,35.8,35.8,1,4,0,-1.0,1,1,1
15941.0,445,1,405.0,405.0,6,60,0,-1.0,1,1,1
15943.0,457,2,271.28999999999996,135.64499999999998,12,183,28,28.0,0,1,1
15944.0,84,4,2164.24,541.06,25,859,449,149.66666666666666,0,1,1
15945.0,173,4,827.27,206.8175,24,397,372,124.0,0,1,1
15946.0,310,3,2304.18,768.06,25,1614,131,65.5,0,1,1
15948.0,232,1,553.85,553.85,35,285,0,-1.0,1,1,1
15950.0,167,7,5844.02,834.86,194,2790,323,53.5,0,0,1
15951.0,93,2,680.12,340.06,35,281,95,95.0,0,1,1
15952.0,33,1,232.65,232.65,14,123,0,-1.0,1,0,1
15953.0,19,14,2836.31,202.59357142857144,69,1411,524,40.0,0,1,1
15954.0,397,1,190.75,190.75,20,119,0,-1.0,1,1,1
15955.0,11,11,5687.72,517.0654545454546,130,2668,450,44.6,0,0,1
15956.0,359,2,617.6,308.8,18,278,175,175.0,0,1,1
15957.0,228,2,501.21,250.605,88,247,0,0.0,0,1,1
15958.0,211,3,388.64,129.54666666666665,45,131,147,73.0,0,0,1
15959.0,490,3,579.49,193.16333333333333,58,282,0,0.0,0,1,1
15960.0,182,4,410.95,102.7375,24,258,61,19.666666666666668,0,1,1
15961.0,187,1,451.28999999999996,451.28999999999996,42,154,0,-1.0,1,1,1
15962.0,257,1,295.83,295.83,43,235,0,-1.0,1,1,1
15964.0,471,1,272.96000000000004,272.96000000000004,20,94,0,-1.0,1,1,1
15965.0,175,10,2323.64,232.36399999999998,144,1054,369,40.55555555555556,0,1,1
15966.0,258,1,426.53000000000003,426.53000000000003,27,275,0,-1.0,1,1,1
15967.0,126,11,2796.57,254.23363636363638,290,1055,419,41.5,0,1,1
15968.0,196,1,418.05,418.05,70,253,0,-1.0,1,1,1
15969.0,233,2,460.95,230.475,15,99,96,96.0,0,0,1
15970.0,111,2,1017.32,508.66,19,498,295,295.0,0,1,1
15971.0,50,10,2789.13,278.913,9,1061,489,54.0,0,0,1
15972.0,264,5,1810.27,362.054,104,480,143,35.5,0,1,1
15973.0,174,3,988.44,329.48,8,301,62,31.0,0,1,1
15974.0,19,3,1573.49,524.4966666666667,69,803,77,38.0,0,0,1
15976.0,28,5,1525.69,305.13800000000003,240,926,331,82.25,0,0,1
15978.0,240,2,2180.64,1090.32,72,1556,211,211.0,0,0,1
15979.0,410,1,329.22,329.22,22,450,0,-1.0,1,1,1
15980.0,62,5,4955.0,991.0,83,3894,302,75.25,0,0,1
15981.0,18,17,7576.49,445.6758823529412,124,3817,409,25.1875,0,0,1
15982.0,413,1,324.51,324.51,45,131,0,-1.0,1,1,1
15983.0,168,7,3632.07,518.8671428571429,117,2258,372,61.666666666666664,0,1,1
15984.0,41,25,6703.73,268.1492,318,4600,504,20.708333333333332,0,0,1
15985.0,44,6,2472.44,412.0733333333333,48,2542,324,64.4,0,0,1
15986.0,189,1,186.3,186.3,11,100,0,-1.0,1,1,1
15987.0,7,5,746.9300000000001,149.38600000000002,50,1237,179,44.5,0,0,1
15988.0,359,2,612.0600000000001,306.03000000000003,93,305,105,105.0,0,1,1
15989.0,183,2,372.51,186.255,81,171,361,361.0,0,1,1
15990.0,95,6,1619.31,269.885,95,818,362,72.0,0,1,1
15991.0,342,1,150.55,150.55,6,41,0,-1.0,1,1,1
15992.0,204,2,854.61,427.305,51,497,57,57.0,0,1,1
15994.0,219,2,775.11,387.555,69,292,224,224.0,0,1,1
15995.0,222,1,696.19,696.19,108,353,0,-1.0,1,1,1
15996.0,71,4,1281.49,320.3725,104,623,133,44.333333333333336,0,0,1
15998.0,70,13,7000.59,538.506923076923,596,4440,476,39.083333333333336,0,0,1
15999.0,543,1,20.4,20.4,1,24,0,-1.0,1,1,1
16001.0,189,1,583.39,583.39,29,337,0,-1.0,1,1,1
16002.0,433,1,169.21,169.21,42,70,0,-1.0,1,1,1
16003.0,167,6,4059.46,676.5766666666667,102,1209,376,75.0,0,0,1
16004.0,282,5,2146.39,429.27799999999996,63,1076,208,52.0,0,1,1
16005.0,78,7,1998.42,285.48857142857145,212,1092,179,29.333333333333332,0,0,1
16006.0,19,2,347.17,173.585,75,211,176,176.0,0,1,1
16007.0,23,4,1742.95,435.7375,230,1670,328,108.66666666666667,0,0,1
16008.0,12,13,5044.5,388.03846153846155,58,3025,425,34.916666666666664,0,0,1
16010.0,53,11,1724.06,156.73272727272726,122,931,165,16.1,0,1,1
16011.0,41,19,3508.59,184.66263157894738,148,2075,505,27.61111111111111,0,0,1
16012.0,209,2,1574.5,787.25,138,967,128,128.0,0,0,1
16013.0,0,59,32734.46,554.8213559322033,35,15218,539,9.0,0,0,1
16014.0,99,3,730.82,243.60666666666668,168,319,386,193.0,0,0,1
16016.0,4,7,1842.75,263.25,127,750,206,34.0,0,0,1
16017.0,225,4,1341.95,335.4875,81,538,286,95.0,0,1,1
16018.0,204,2,289.23,144.615,26,313,336,336.0,0,0,1
16019.0,40,24,16169.11,673.7129166666667,192,6127,493,20.083333333333332,0,0,1
16021.0,203,2,532.25,266.125,117,297,149,149.0,0,1,1
16022.0,68,1,628.28,628.28,68,261,0,-1.0,1,1,1
16023.0,0,2,500.69,250.345,59,227,74,74.0,0,1,1
16024.0,219,2,232.96,116.48,21,107,0,0.0,0,1,1
16027.0,26,12,1630.41,135.8675,14,1462,481,43.18181818181818,0,0,1
16028.0,403,1,82.2,82.2,5,18,0,-1.0,1,1,1
16029.0,7,73,76960.56,1054.2542465753424,39,32860,531,6.986111111111111,0,0,1
16030.0,117,1,331.24,331.24,28,283,0,-1.0,1,1,1
16031.0,55,1,305.63,305.63,39,219,0,-1.0,1,0,1
16032.0,264,6,1970.45,328.40833333333336,130,1480,67,13.0,0,1,1
16033.0,8,18,5297.4,294.29999999999995,328,1888,284,16.235294117647058,0,0,1
16034.0,4,6,928.72,154.78666666666666,43,597,213,42.4,0,1,1
16035.0,368,1,217.73,217.73,21,33,0,-1.0,1,1,1
16036.0,71,3,1986.65,662.2166666666667,88,780,356,178.0,0,0,1
16037.0,77,5,1509.34,301.868,62,766,378,94.0,0,1,1
16038.0,9,1,316.95,316.95,19,187,0,-1.0,1,0,1
16039.0,231,2,456.4,228.2,27,409,204,204.0,0,1,1
16040.0,76,5,1525.78,305.156,69,786,340,84.75,0,0,1
16042.0,140,4,1092.8,273.2,50,692,121,40.0,0,0,1
16043.0,19,7,1759.0900000000001,251.29857142857145,48,850,270,44.666666666666664,0,1,1
16044.0,243,1,340.84000000000003,340.84000000000003,19,170,0,-1.0,1,1,1
16045.0,53,6,2955.48,492.58,103,1756,252,50.2,0,0,1
16046.0,370,1,235.78,235.78,22,248,0,-1.0,1,1,1
16047.0,490,1,107.14,107.14,1,1,0,-1.0,1,1,0
16048.0,181,4,1075.23,268.8075,30,569,176,58.333333333333336,0,1,1
16049.0,183,3,787.89,262.63,175,372,141,70.0,0,0,1
16050.0,191,2,162.8,81.4,9,110,17,17.0,0,0,1
16051.0,489,1,188.44,188.44,12,80,0,-1.0,1,1,1
16053.0,221,4,2122.89,530.7225,101,1274,197,65.33333333333333,0,0,1
16054.0,226,3,1327.98,442.66,49,411,198,99.0,0,0,1
16055.0,28,1,134.8,134.8,8,22,0,-1.0,1,1,1
16057.0,19,6,2651.27,441.87833333333333,128,1205,489,97.6,0,0,1
16058.0,214,1,62.7,62.7,2,18,0,-1.0,1,1,1
16059.0,62,9,2405.61,267.29,192,1135,314,38.75,0,0,1
16060.0,208,3,541.95,180.65,22,243,93,46.5,0,1,1
16061.0,239,1,89.65,89.65,3,19,0,-1.0,1,1,1
16062.0,49,6,2288.01,381.33500000000004,115,1568,295,58.6,0,0,1
16063.0,68,1,335.32,335.32,23,262,0,0.0,1,1,1
16064.0,533,1,111.0,111.0,17,56,0,-1.0,1,1,1
16065.0,173,8,2382.62,297.8275,214,1447,97,13.571428571428571,0,1,1
16067.0,370,3,3395.29,1131.7633333333333,60,1279,112,55.5,0,1,1
16068.0,401,1,122.93,122.93,34,52,0,-1.0,1,1,1
16069.0,225,1,457.7,457.7,25,138,0,-1.0,1,1,1
16071.0,335,3,750.5600000000001,250.1866666666667,47,517,127,63.5,0,1,1
16072.0,96,4,4328.89,1082.2225,414,1611,260,86.33333333333333,0,1,1
16073.0,105,1,122.39999999999999,122.39999999999999,1,48,0,-1.0,1,1,1
16074.0,198,1,265.25,265.25,23,39,0,-1.0,1,1,1
16075.0,310,2,736.9300000000001,368.46500000000003,41,271,61,61.0,0,1,1
16076.0,16,1,305.45000000000005,305.45000000000005,16,137,0,-1.0,1,0,1
16077.0,433,1,2300.4,2300.4,8,840,0,-1.0,1,1,1
16078.0,91,2,362.99,181.495,39,200,385,385.0,0,1,1
16080.0,82,3,515.66,171.88666666666666,24,236,176,87.5,0,0,1
16081.0,67,5,2221.41,444.282,146,1061,415,103.25,0,0,1
16082.0,478,1,106.75,106.75,16,39,0,-1.0,1,1,1
16083.0,168,3,1371.78,457.26,51,990,27,9.0,0,0,1
16084.0,107,1,436.18,436.18,38,216,0,-1.0,1,1,1
16085.0,44,9,1687.06,187.45111111111112,196,972,451,56.125,0,0,1
16086.0,8,8,2330.66,291.3325,63,1263,537,76.14285714285714,0,0,1
16087.0,197,5,1739.92,347.98400000000004,6,664,300,74.5,0,1,1
16088.0,383,2,1437.43,718.715,3,373,15,15.0,0,1,1
16089.0,194,2,271.44,135.72,42,122,122,122.0,0,1,1
16090.0,432,1,205.91,205.91,18,65,0,-1.0,1,1,1
16091.0,6,1,157.25,157.25,10,83,0,-1.0,1,0,1
16092.0,5,5,1363.81,272.762,55,1005,381,95.0,0,0,1
16094.0,27,8,2869.43,358.67875,81,1537,382,54.285714285714285,0,1,1
16095.0,264,1,447.05,447.05,30,265,0,-1.0,1,1,1
16096.0,72,4,1584.97,396.2425,58,700,380,126.33333333333333,0,1,1
16097.0,48,1,185.04999999999998,185.04999999999998,10,87,0,-1.0,1,1,1
16098.0,42,10,3452.77,345.277,72,1795,490,48.7,0,0,1
16099.0,33,5,1159.6,231.92,36,732,420,104.75,0,0,1
16100.0,270,1,582.64,582.64,37,438,0,-1.0,1,1,1
16101.0,242,3,1938.46,646.1533333333333,94,1087,126,63.0,0,1,1
16103.0,34,18,5296.53,294.25166666666667,101,2251,473,27.41176470588235,0,0,1
16104.0,226,8,2476.25,309.53125,162,925,314,44.714285714285715,0,1,1
16105.0,56,5,2386.19,477.238,92,2125,355,88.25,0,1,1
16108.0,242,3,1393.42,464.47333333333336,79,858,197,98.0,0,0,1
16109.0,26,3,939.48,313.16,30,1092,479,239.5,0,1,1
16110.0,70,3,1175.72,391.9066666666667,235,522,260,129.5,0,1,1
16111.0,236,1,562.48,562.48,72,236,0,-1.0,1,1,1
16112.0,141,2,136.14,68.07,10,342,5,5.0,0,0,1
16115.0,20,7,1418.07,202.58142857142857,158,920,362,60.0,0,0,1
16116.0,19,1,612.78,612.78,34,248,0,-1.0,1,1,1
16117.0,210,2,422.19,211.095,46,191,189,189.0,0,0,1
16118.0,460,1,4376.25,4376.25,41,2851,0,-1.0,1,1,1
16119.0,202,6,1297.45,216.24166666666667,31,571,329,65.6,0,0,1
16120.0,230,2,1747.77,873.885,60,1327,0,0.0,0,1,1
16121.0,23,4,897.87,224.4675,159,453,350,116.66666666666667,0,1,1
16122.0,140,4,566.76,141.69,20,716,92,30.333333333333332,0,0,1
16124.0,125,4,1772.49,443.1225,63,797,415,138.33333333333334,0,1,1
16125.0,175,14,4587.65,327.6892857142857,168,1944,358,26.923076923076923,0,1,1
16126.0,104,12,9250.380000000001,770.8650000000001,125,4292,440,39.45454545454545,0,0,1
16127.0,534,1,145.06,145.06,35,68,0,-1.0,1,1,1
16128.0,90,7,2309.13,329.8757142857143,102,1631,228,37.666666666666664,0,0,1
16129.0,215,3,1396.05,465.34999999999997,91,1261,100,49.5,0,1,1
16130.0,230,4,987.48,246.87,53,296,195,64.33333333333333,0,1,1
16131.0,15,8,8115.4,1014.425,117,3758,530,75.42857142857143,0,0,1
16132.0,352,2,664.1999999999999,332.09999999999997,14,280,83,83.0,0,1,1
16133.0,4,34,14889.87,437.93735294117647,187,8443,422,12.333333333333334,0,0,1
16134.0,167,4,1810.78,452.695,71,1424,181,60.0,0,1,1
16135.0,70,2,819.45,409.725,35,395,321,321.0,0,1,1
16136.0,85,2,396.72,198.36,17,300,385,385.0,0,0,1
16137.0,488,1,422.7,422.7,28,210,0,-1.0,1,1,1
16138.0,186,3,910.35,303.45,35,774,212,106.0,0,1,1
16139.0,14,3,615.54,205.17999999999998,29,356,529,264.0,0,0,1
16140.0,179,2,956.5600000000001,478.28000000000003,33,750,70,70.0,0,1,1
16141.0,225,1,335.54,335.54,20,172,0,-1.0,1,0,1
16142.0,57,1,535.34,535.34,37,422,0,-1.0,1,1,1
16143.0,20,10,4060.06,406.006,91,1629,516,57.22222222222222,0,0,1
16144.0,54,1,175.2,175.2,1,16,0,-1.0,1,1,1
16145.0,34,12,4322.2300000000005,360.1858333333334,154,3306,358,32.18181818181818,0,0,1
16146.0,11,3,871.38,290.46,34,484,244,122.0,0,0,1
16147.0,208,4,2023.91,505.9775,101,1149,272,90.33333333333333,0,0,1
16148.0,104,2,386.62,193.31,9,250,140,140.0,0,1,1
16149.0,237,1,141.70000000000002,141.70000000000002,12,290,0,-1.0,1,0,1
16150.0,78,7,3307.0499999999997,472.43571428571425,109,1617,451,74.66666666666667,0,0,1
16152.0,76,1,1829.04,1829.04,29,642,0,-1.0,1,1,1
16153.0,25,8,3711.17,463.89625,117,2791,344,48.714285714285715,0,0,1
16155.0,189,5,796.9,159.38,45,495,158,39.25,0,1,1
16156.0,14,14,4156.71,296.90785714285715,138,2395,530,40.46153846153846,0,0,1
16158.0,330,9,628.32,69.81333333333333,29,182,211,26.125,0,1,1
16159.0,89,4,1232.79,308.1975,31,635,455,151.0,0,1,1
16161.0,6,34,9544.34,280.7158823529412,348,4871,471,13.848484848484848,0,0,1
16162.0,60,1,37.4,37.4,2,4,0,-1.0,1,1,1
16163.0,40,6,2849.58,474.93,59,768,505,100.6,0,1,1
16165.0,313,1,79.9,79.9,1,2,0,-1.0,1,1,1
16166.0,236,2,435.83,217.915,18,173,263,263.0,0,1,1
16167.0,222,5,1386.1200000000001,277.22400000000005,51,1494,324,80.75,0,1,1
16168.0,0,48,8100.68,168.76416666666668,112,3816,543,11.148936170212766,0,0,1
16170.0,42,16,5609.53,350.595625,203,4720,424,27.8,0,0,1
16172.0,49,4,943.72,235.93,54,812,271,89.66666666666667,0,0,1
16174.0,299,4,1237.2,309.3,15,780,111,37.0,0,0,1
16175.0,12,5,1265.83,253.166,45,619,358,89.25,0,0,1
16176.0,229,4,2052.69,513.1725,53,952,198,65.66666666666667,0,1,1
16177.0,244,7,1915.36,273.62285714285713,66,926,210,34.5,0,1,1
16178.0,209,1,414.7,414.7,17,210,0,-1.0,1,0,1
16180.0,18,9,8741.12,971.2355555555556,162,5558,323,40.0,0,0,1
16182.0,11,7,5871.0,838.7142857142857,12,3596,437,72.5,0,0,1
16183.0,202,3,739.1,246.36666666666667,17,238,12,5.5,0,1,1
16184.0,19,1,148.22,148.22,9,26,0,-1.0,1,0,1
16185.0,40,2,450.31,225.155,28,214,332,332.0,0,1,1
16186.0,19,18,6066.38,337.0211111111111,138,4730,518,30.11764705882353,0,0,1
16187.0,11,7,2564.64,366.3771428571428,89,1545,81,13.166666666666666,0,0,1
16188.0,34,3,671.57,223.85666666666668,46,495,181,90.5,0,0,1
16190.0,202,7,2508.4700000000003,358.3528571428572,88,1143,330,54.5,0,1,1
16191.0,70,19,13123.18,690.6936842105264,76,7621,465,25.5,0,1,1
16192.0,543,1,351.3,351.3,11,208,0,-1.0,1,1,1
16193.0,44,2,630.43,315.215,38,379,174,174.0,0,1,1
16194.0,183,1,308.59999999999997,308.59999999999997,8,140,0,-1.0,1,1,1
16195.0,531,1,323.25,323.25,16,123,0,-1.0,1,1,1
16196.0,296,1,93.3,93.3,4,26,0,-1.0,1,1,1
16197.0,277,9,2016.71,224.07888888888888,52,1420,254,31.25,0,1,1
16198.0,245,1,629.36,629.36,18,255,0,-1.0,1,0,1
16199.0,200,7,942.75,134.67857142857142,2,321,238,39.166666666666664,0,1,1
16200.0,190,10,4562.83,456.283,241,2566,354,39.0,0,0,1
16201.0,223,1,248.65,248.65,13,135,0,-1.0,1,0,1
16202.0,168,9,2501.9900000000002,277.9988888888889,105,1307,376,46.75,0,1,1
16203.0,35,4,839.9399999999999,209.98499999999999,47,487,277,92.0,0,0,1
16204.0,188,2,538.53,269.265,47,455,350,350.0,0,1,1
16205.0,204,3,1069.23,356.41,89,938,146,72.5,0,0,1
16206.0,16,11,2354.01,214.00090909090912,174,1265,475,47.0,0,0,1
16208.0,97,9,3273.78,363.75333333333333,164,1451,363,45.125,0,1,1
16209.0,54,5,2190.11,438.02200000000005,26,961,300,74.75,0,0,1
16210.0,21,26,27996.420000000002,1076.7853846153846,117,10878,524,20.48,0,0,1
16211.0,229,2,543.5699999999999,271.78499999999997,12,365,16,16.0,0,0,1
16212.0,91,3,1101.52,367.17333333333335,61,478,386,193.0,0,1,1
16214.0,60,3,1725.17,575.0566666666667,78,1208,182,90.5,0,0,1
16216.0,75,1,914.9300000000001,914.9300000000001,37,254,0,-1.0,1,1,1
16217.0,43,2,304.25,152.125,13,91,46,46.0,0,1,1
16218.0,14,10,3084.05,308.40500000000003,68,2365,354,39.0,0,0,1
16219.0,308,1,40.8,40.8,1,48,0,-1.0,1,1,1
16221.0,83,8,1686.02,210.7525,117,1065,210,29.428571428571427,0,1,1
16222.0,126,2,1345.22,672.61,133,503,402,402.0,0,1,1
16223.0,182,2,1102.3500000000001,551.1750000000001,101,651,20,20.0,0,1,1
16224.0,48,3,864.45,288.15000000000003,62,924,147,73.0,0,0,1
16225.0,85,12,2187.7000000000003,182.30833333333337,149,992,393,35.18181818181818,0,0,1
16226.0,11,5,672.1700000000001,134.43400000000003,23,521,210,52.0,0,1,1
16227.0,33,3,1027.22,342.4066666666667,28,436,310,154.5,0,1,1
16228.0,193,3,890.8100000000001,296.93666666666667,45,561,14,7.0,0,1,1
16229.0,20,5,2215.46,443.092,120,1066,351,87.5,0,0,1
16230.0,28,1,275.93,275.93,19,195,0,-1.0,1,0,1
16231.0,187,4,1078.22,269.555,69,564,218,72.33333333333333,0,1,1
16232.0,23,5,2088.56,417.712,59,1530,335,83.25,0,0,1
16233.0,137,8,1755.53,219.44125,37,605,407,57.714285714285715,0,1,1
16234.0,284,3,333.18,111.06,13,170,85,42.5,0,1,1
16235.0,103,6,1530.8600000000001,255.14333333333335,62,564,174,34.6,0,0,1
16237.0,245,1,136.65,136.65,7,57,0,-1.0,1,1,1
16238.0,230,1,63.66,63.66,6,85,0,-1.0,1,1,1
16239.0,190,4,1078.0,269.5,9,464,80,26.666666666666668,0,0,1
16241.0,20,7,2555.4,365.0571428571429,318,1296,197,32.333333333333336,0,0,1
16242.0,22,9,4264.09,473.7877777777778,263,2147,419,52.0,0,0,1
16244.0,19,2,2579.38,1289.69,88,1474,160,160.0,0,1,1
16245.0,64,1,453.98,453.98,30,258,0,-1.0,1,0,1
16246.0,267,2,827.25,413.625,79,338,209,209.0,0,1,1
16249.0,9,2,1020.53,510.265,26,487,38,38.0,0,0,1
16250.0,69,3,791.38,263.79333333333335,29,376,125,62.0,0,1,1
16251.0,320,1,128.31,128.31,20,44,0,-1.0,1,1,1
16252.0,190,1,295.09000000000003,295.09000000000003,21,158,0,-1.0,1,1,1
16253.0,63,6,5326.69,887.7816666666666,170,4168,475,94.6,0,1,1
16254.0,186,3,985.14,328.38,65,549,253,126.0,0,1,1
16255.0,54,11,3348.56,304.4145454545455,163,1926,438,43.3,0,0,1
16256.0,74,3,1629.37,543.1233333333333,27,1590,331,165.0,0,1,1
16258.0,27,11,7771.47,706.4972727272727,192,4578,420,41.6,0,0,1
16259.0,218,3,361.94,120.64666666666666,75,162,194,97.0,0,1,1
16261.0,54,3,567.58,189.19333333333336,83,292,196,97.5,0,0,1
16262.0,186,1,755.15,755.15,46,446,0,-1.0,1,1,1
16263.0,231,1,351.01,351.01,19,200,0,-1.0,1,1,1
16264.0,246,2,837.53,418.765,62,632,7,7.0,0,1,1
16265.0,68,8,4363.31,545.41375,147,1887,146,20.571428571428573,0,0,1
16266.0,8,10,1267.9,126.79,58,543,472,52.0,0,0,1
16267.0,399,1,186.66,186.66,7,198,0,-1.0,1,1,1
16269.0,245,1,717.57,717.57,53,579,0,-1.0,1,1,1
16270.0,161,1,1141.24,1141.24,54,688,0,-1.0,1,1,1
16271.0,166,6,2167.0,361.1666666666667,122,1489,284,46.833333333333336,0,0,1
16273.0,456,2,336.03999999999996,168.01999999999998,15,46,7,7.0,0,1,1
16274.0,181,1,715.9,715.9,64,310,0,-1.0,1,1,1
16275.0,4,3,2151.11,717.0366666666667,105,1268,444,148.0,0,1,1
16276.0,287,2,1818.79,909.395,16,1047,128,128.0,0,0,1
16277.0,541,1,188.69,188.69,23,33,0,-1.0,1,1,1
16278.0,288,2,551.46,275.73,30,228,18,18.0,0,0,1
16279.0,193,6,4195.5,699.25,165,2637,210,41.6,0,0,1
16280.0,533,1,238.05,238.05,16,101,0,-1.0,1,1,1
16281.0,231,2,1361.96,680.98,19,636,258,258.0,0,0,1
16282.0,147,3,1307.58,435.85999999999996,31,790,378,189.0,0,1,1
16283.0,16,4,3110.82,777.705,312,1813,440,146.66666666666666,0,0,1
16284.0,201,1,205.8,205.8,30,139,0,-1.0,1,1,1
16285.0,454,1,176.9,176.9,31,60,0,-1.0,1,1,1
16286.0,285,2,328.95,164.475,17,101,146,146.0,0,1,1
16287.0,184,4,864.48,216.12,18,1128,313,104.0,0,0,1
16288.0,278,1,129.85,129.85,7,19,0,-1.0,1,1,1
16289.0,270,1,136.31,136.31,21,97,0,-1.0,1,1,1
16290.0,272,4,2069.3,517.325,85,1001,101,33.0,0,1,1
16291.0,490,1,117.72,117.72,1,1,0,-1.0,1,1,0
16292.0,188,4,951.51,237.8775,38,497,223,74.0,0,0,1
16293.0,15,9,3538.7000000000003,393.1888888888889,130,1553,521,64.875,0,0,1
16294.0,284,1,126.05000000000001,126.05000000000001,8,54,0,-1.0,1,1,1
16296.0,434,4,1313.67,328.4175,56,645,95,31.333333333333332,0,1,1
16297.0,76,1,301.9,301.9,20,206,0,-1.0,1,1,1
16298.0,205,4,487.5,121.875,16,110,44,14.333333333333334,0,0,1
16299.0,285,1,193.65,193.65,12,107,0,-1.0,1,1,1
16300.0,238,3,1392.43,464.1433333333334,190,658,245,122.5,0,1,1
16301.0,544,1,107.33,107.33,6,41,0,-1.0,1,1,1
16303.0,141,5,3394.82,678.964,82,1618,298,73.75,0,0,1
16304.0,502,1,381.66,381.66,25,228,0,-1.0,1,1,1
16306.0,21,7,1192.82,170.40285714285713,55,742,221,36.5,0,1,1
16307.0,237,3,1194.92,398.3066666666667,69,1123,147,73.5,0,1,1
16308.0,25,5,3520.0,704.0,1,11000,506,126.25,0,0,1
16309.0,48,1,334.2,334.2,21,304,0,-1.0,1,0,1
16310.0,222,2,460.08,230.04,26,270,227,227.0,0,1,1
16312.0,240,1,171.15,171.15,10,53,0,-1.0,1,1,1
16314.0,197,3,1491.4,497.1333333333334,58,636,83,41.0,0,1,1
16315.0,138,2,402.71,201.355,21,143,205,205.0,0,1,1
16316.0,14,10,4635.11,463.51099999999997,172,2477,286,31.22222222222222,0,0,1
16317.0,105,3,1421.6200000000001,473.8733333333334,69,728,287,143.5,0,0,1
16319.0,25,1,404.40000000000003,404.40000000000003,3,72,0,-1.0,1,1,1
16320.0,21,5,5443.21,1088.642,184,3241,468,116.75,0,0,0
16321.0,113,5,454.55,90.91,14,187,433,108.0,0,0,0
16323.0,4,2,353.66,176.83,4,146,381,381.0,0,1,1
16325.0,53,10,3194.08,319.408,100,2332,489,53.77777777777778,0,0,1
16326.0,22,13,2251.71,173.20846153846153,152,517,465,38.416666666666664,0,0,1
16327.0,7,14,9356.76,668.34,270,7587,526,39.92307692307692,0,0,1
16328.0,371,1,310.83,310.83,16,141,0,-1.0,1,1,1
16329.0,235,4,1703.07,425.7675,83,826,311,103.0,0,1,1
16330.0,232,4,382.42,95.605,71,180,238,79.0,0,0,1
16331.0,240,6,2037.7,339.6166666666667,33,756,210,41.6,0,1,1
16332.0,113,5,539.51,107.902,49,371,284,70.5,0,0,1
16333.0,0,16,13087.2,817.95,8,22092,117,7.533333333333333,0,0,1
16334.0,300,1,277.48,277.48,54,211,0,-1.0,1,1,1
16335.0,359,7,2774.0,396.2857142857143,193,1016,184,26.0,0,1,1
16336.0,228,4,3517.69,879.4225,64,1473,211,70.0,0,1,1
16339.0,92,1,109.95,109.95,17,23,0,-1.0,1,1,1
16340.0,247,2,976.99,488.495,170,844,111,111.0,0,0,1
16341.0,9,4,2676.57,669.1425,81,2158,408,135.66666666666666,0,0,1
16343.0,215,1,316.59,316.59,28,227,0,-1.0,1,1,1
16344.0,317,3,741.3199999999999,247.10666666666665,42,688,158,79.0,0,0,1
16345.0,291,1,623.33,623.33,68,331,0,-1.0,1,1,1
16346.0,193,1,224.51,224.51,15,289,0,-1.0,1,1,1
16347.0,196,9,2621.76,291.3066666666667,167,1397,249,30.625,0,1,1
16348.0,48,3,784.47,261.49,100,587,190,95.0,0,0,1
16349.0,98,1,53.5,53.5,9,9,0,-1.0,1,1,1
16350.0,141,6,1514.1200000000001,252.35333333333335,59,728,94,18.2,0,0,1
16351.0,140,13,3330.0299999999997,256.1561538461538,124,2165,402,33.0,0,1,1
16353.0,25,26,5479.03,210.73192307692307,63,2319,514,20.24,0,0,1
16354.0,187,3,733.71,244.57000000000002,87,449,211,105.5,0,0,1
16355.0,183,1,416.35,416.35,47,179,0,-1.0,1,1,1
16356.0,5,6,415.87,69.31166666666667,27,190,354,70.2,0,1,1
16357.0,21,2,347.39,173.695,20,165,167,167.0,0,0,1
16358.0,202,1,892.1500000000001,892.1500000000001,45,763,0,-1.0,1,0,1
16359.0,22,12,1963.09,163.59083333333334,72,1238,447,40.18181818181818,0,0,1
16362.0,245,1,212.17,212.17,13,127,0,-1.0,1,0,1
16365.0,61,9,2256.14,250.6822222222222,65,870,475,59.0,0,0,1
16366.0,390,3,1220.83,406.9433333333333,57,626,141,70.5,0,1,1
16367.0,170,2,728.82,364.41,119,561,20,20.0,0,1,1
16368.0,243,1,142.78,142.78,20,57,0,-1.0,1,1,1
16369.0,4,5,1465.6,293.12,42,758,414,103.0,0,0,1
16370.0,33,1,275.54,275.54,61,169,0,-1.0,1,0,1
16371.0,256,1,157.2,157.2,11,108,0,-1.0,1,1,1
16372.0,217,3,960.68,320.22666666666663,203,582,197,98.5,0,1,1
16373.0,190,2,309.49,154.745,25,119,29,29.0,0,1,1
16374.0,70,4,1454.72,363.68,227,612,326,108.33333333333333,0,1,1
16375.0,278,2,104.0,52.0,11,74,0,0.0,0,1,1
16377.0,75,2,1308.48,654.24,6,2928,350,350.0,0,1,1
16378.0,55,3,362.95,120.98333333333333,22,267,63,31.0,0,1,1
16381.0,203,2,258.7,129.35,60,112,22,22.0,0,1,1
16382.0,216,2,353.1,176.55,42,167,142,142.0,0,1,1
16383.0,76,6,2615.94,435.99,219,1443,404,80.4,0,0,1
16384.0,71,3,1183.55,394.51666666666665,71,801,326,162.5,0,0,1
16385.0,174,3,622.95,207.65,64,358,265,132.0,0,0,1
16386.0,61,2,846.49,423.245,55,525,134,134.0,0,1,1
16387.0,130,5,918.55,183.70999999999998,68,457,315,78.75,0,1,1
16388.0,461,1,186.05,186.05,13,83,0,-1.0,1,1,1
16389.0,13,2,670.17,335.085,16,307,77,77.0,0,0,1
16390.0,344,3,467.5,155.83333333333334,16,122,142,70.5,0,1,1
16391.0,208,4,1103.61,275.9025,261,748,161,53.333333333333336,0,1,1
16392.0,77,3,763.05,254.35,125,609,292,146.0,0,1,1
16393.0,23,15,3354.67,223.64466666666667,271,2015,523,36.92857142857143,0,0,1
16394.0,56,2,619.3,309.65,47,768,41,41.0,0,0,1
16395.0,131,11,2501.51,227.41000000000003,354,1821,409,40.5,0,0,1
16396.0,284,1,137.8,137.8,8,80,0,-1.0,1,1,1
16397.0,436,1,127.88,127.88,9,50,0,-1.0,1,1,1
16398.0,61,1,1169.95,1169.95,63,503,0,-1.0,1,0,1
16399.0,43,2,411.66,205.83,65,351,153,153.0,0,1,1
16400.0,203,8,2855.5099999999998,356.93874999999997,187,1987,336,47.57142857142857,0,0,1
16401.0,18,16,4412.72,275.795,87,3746,344,22.666666666666668,0,0,1
16402.0,72,2,511.4,255.7,55,254,104,104.0,0,1,1
16403.0,120,1,177.5,177.5,10,114,0,-1.0,1,1,1
16405.0,110,2,167.25,83.625,3,187,7,7.0,0,1,1
16406.0,258,2,389.61,194.805,85,149,203,203.0,0,1,1
16407.0,2,9,1489.46,165.49555555555557,71,747,238,29.375,0,0,1
16408.0,399,1,231.93,231.93,45,227,0,-1.0,1,1,1
16409.0,50,9,4483.72,498.1911111111111,312,2935,484,60.0,0,0,1
16410.0,542,1,130.32,130.32,5,348,0,-1.0,1,1,1
16411.0,177,3,827.04,275.68,119,481,58,29.0,0,1,1
16412.0,201,4,495.4,123.85,72,238,279,93.0,0,1,1
16413.0,183,1,266.78000000000003,266.78000000000003,32,136,0,-1.0,1,1,1
16414.0,88,4,484.26,121.065,56,191,414,138.0,0,1,1
16415.0,391,2,509.09000000000003,254.54500000000002,78,340,92,92.0,0,1,1
16416.0,198,6,1921.48,320.24666666666667,92,1538,264,52.4,0,1,1
16417.0,300,1,35.7,35.7,1,6,0,-1.0,1,1,1
16418.0,34,3,572.58,190.86,71,379,196,98.0,0,0,1
16419.0,83,4,1032.1200000000001,258.03000000000003,48,490,393,130.66666666666666,0,0,1
16420.0,204,1,75.0,75.0,2,120,0,-1.0,1,1,1
16421.0,184,3,526.27,175.42333333333332,35,123,93,46.0,0,1,1
16422.0,8,84,46550.43,554.1717857142858,108,50713,496,5.566265060240964,0,0,1
16424.0,190,1,309.5,309.5,8,124,0,-1.0,1,0,1
16425.0,110,1,302.7,302.7,21,199,0,-1.0,1,1,1
16426.0,84,1,328.37,328.37,11,157,0,-1.0,1,0,1
16427.0,71,2,241.06,120.53,8,156,21,21.0,0,1,1
16428.0,221,3,660.28,220.09333333333333,121,595,84,42.0,0,1,1
16430.0,189,6,817.09,136.18166666666667,17,204,300,59.4,0,1,1
16431.0,21,3,642.81,214.26999999999998,51,453,84,42.0,0,1,1
16433.0,216,1,200.26,200.26,17,108,0,-1.0,1,1,1
16434.0,0,8,1943.71,242.96375,79,962,498,70.57142857142857,0,0,1
16435.0,320,3,1011.5699999999999,337.19,119,609,2,0.5,0,1,1
16436.0,476,3,329.34,109.77999999999999,37,239,64,32.0,0,1,1
16437.0,189,2,301.25,150.625,17,197,48,48.0,0,1,1
16439.0,530,1,310.70000000000005,310.70000000000005,9,74,0,-1.0,1,1,1
16440.0,22,2,488.76,244.38,58,205,279,279.0,0,1,1
16441.0,99,4,864.23,216.0575,60,421,335,111.66666666666667,0,1,1
16442.0,35,4,719.71,179.9275,165,491,499,166.0,0,1,1
16443.0,328,1,162.24,162.24,1,96,0,-1.0,1,1,1
16444.0,2,15,3241.9900000000002,216.1326666666667,188,1686,430,30.285714285714285,0,0,1
16445.0,194,3,372.22,124.07333333333334,93,188,24,12.0,0,1,1
16446.0,13,1,2.9,2.9,2,2,0,-1.0,1,1,1
16447.0,398,2,516.13,258.065,27,100,69,69.0,0,0,1
16448.0,6,2,367.87,183.935,45,179,272,272.0,0,1,1
16449.0,5,2,707.69,353.845,40,367,82,82.0,0,1,1
16450.0,392,2,1193.81,596.905,27,481,71,71.0,0,0,1
16451.0,369,2,746.1800000000001,373.09000000000003,50,404,174,174.0,0,0,1
16452.0,438,2,332.17,166.085,14,199,63,63.0,0,1,1
16453.0,338,2,251.71,125.855,15,139,17,17.0,0,1,1
16454.0,414,2,24.05,12.025,2,6,4,4.0,0,1,1
16455.0,12,9,3676.97,408.5522222222222,92,2727,415,51.625,0,0,1
16456.0,35,11,6281.15,571.0136363636364,217,3434,392,38.8,0,0,1
16457.0,26,1,208.36,208.36,9,140,0,-1.0,1,1,1
16458.0,25,18,3372.0,187.33333333333334,74,1930,344,19.647058823529413,0,0,1
16459.0,537,1,71.78999999999999,71.78999999999999,5,59,0,-1.0,1,1,1
16461.0,398,2,1463.8,731.9,196,990,55,55.0,0,0,1
16462.0,91,1,34.0,34.0,1,4,0,-1.0,1,0,1
16463.0,12,1,319.37,319.37,19,179,0,-1.0,1,1,1
16465.0,228,2,746.24,373.12,45,504,23,23.0,0,1,1
16466.0,16,10,2559.2,255.92,149,1184,433,47.55555555555556,0,0,1
16467.0,316,7,2869.16,409.88,14,7384,228,37.666666666666664,0,1,1
16468.0,278,2,712.62,356.31,37,340,11,11.0,0,0,1
16469.0,54,3,455.36,151.78666666666666,73,186,267,133.5,0,0,1
16470.0,0,9,2041.8700000000001,226.87444444444446,240,996,535,66.5,0,0,1
16471.0,82,4,1189.98,297.495,48,670,377,125.66666666666667,0,1,1
16472.0,242,2,789.6,394.8,39,252,163,163.0,0,1,1
16473.0,95,3,372.53000000000003,124.17666666666668,21,246,86,43.0,0,0,1
16475.0,81,1,310.0,310.0,20,192,0,-1.0,1,0,1
16476.0,239,1,350.35,350.35,24,187,0,-1.0,1,1,1
16477.0,22,9,3378.07,375.3411111111111,152,2087,270,33.375,0,0,1
16481.0,490,1,453.38,453.38,16,201,0,-1.0,1,1,1
16483.0,0,1,139.35,139.35,19,44,0,-1.0,1,1,1
16485.0,240,4,1931.03,482.7575,93,919,301,100.0,0,0,1
16486.0,345,1,134.36,134.36,7,24,0,-1.0,1,1,1
16487.0,385,2,209.4,104.7,28,163,81,81.0,0,1,1
16489.0,188,2,303.7,151.85,4,38,55,55.0,0,1,1
16490.0,244,1,205.41000000000003,205.41000000000003,13,113,0,-1.0,1,1,1
16491.0,221,1,801.66,801.66,48,582,0,-1.0,1,1,1
16492.0,348,1,385.56,385.56,23,235,0,-1.0,1,1,1
16493.0,93,5,1148.26,229.652,54,1068,338,84.0,0,0,1
16494.0,104,1,826.53,826.53,47,675,0,-1.0,1,1,1
16495.0,84,2,246.51,123.255,32,166,0,0.0,0,1,1
16496.0,15,5,1916.29,383.258,101,1437,301,75.0,0,1,1
16497.0,11,22,5280.29,240.0131818181818,204,2443,532,25.095238095238095,0,1,1
16499.0,168,8,2578.34,322.2925,104,1364,186,26.142857142857142,0,1,1
16500.0,138,4,608.05,152.0125,20,264,212,70.33333333333333,0,1,1
16501.0,191,1,1237.23,1237.23,181,642,0,-1.0,1,1,1
16502.0,428,2,266.5,133.25,41,251,0,0.0,0,1,1
16503.0,22,10,3275.8,327.58000000000004,157,1411,322,35.333333333333336,0,0,1
16507.0,380,1,152.76,152.76,37,116,0,-1.0,1,1,1
16508.0,438,1,248.8,248.8,42,106,0,-1.0,1,1,1
16509.0,104,1,363.7,363.7,13,64,0,-1.0,1,1,1
16510.0,180,6,2100.0,350.0,94,1076,319,63.2,0,1,1
16511.0,74,4,1209.51,302.3775,166,494,381,127.0,0,0,1
16515.0,54,7,2211.5,315.92857142857144,150,1078,293,48.5,0,0,1
16517.0,85,1,162.7,162.7,17,96,0,-1.0,1,1,1
16518.0,92,3,665.75,221.91666666666666,39,321,272,135.5,0,1,1
16519.0,173,3,444.88,148.29333333333332,25,146,283,141.0,0,1,1
16520.0,47,5,2058.9700000000003,411.79400000000004,223,1064,407,101.5,0,0,1
16521.0,223,3,1148.01,382.67,212,1016,232,116.0,0,1,1
16522.0,243,2,433.36,216.68,16,212,14,14.0,0,1,1
16523.0,7,15,5333.46,355.564,107,1967,484,34.214285714285715,0,0,1
16524.0,254,2,308.14,154.07,50,260,245,245.0,0,1,1
16525.0,4,36,18643.48,517.8744444444444,105,11052,540,14.942857142857143,0,0,1
16526.0,392,1,426.85,426.85,20,173,0,-1.0,1,0,1
16527.0,232,1,1044.38,1044.38,58,620,0,-1.0,1,0,1
16529.0,285,3,1556.75,518.9166666666666,72,553,52,26.0,0,0,1
16530.0,476,1,48.349999999999994,48.349999999999994,3,17,0,-1.0,1,1,1
16531.0,102,7,1538.57,219.79571428571427,80,1301,147,24.0,0,0,1
16532.0,146,3,3918.24,1306.08,1,1008,282,141.0,0,0,1
16534.0,450,1,635.9,635.9,36,168,0,-1.0,1,1,1
16535.0,193,2,407.84,203.92,36,329,294,294.0,0,1,1
16537.0,449,1,23.35,23.35,3,59,0,-1.0,1,1,1
16538.0,349,3,399.62,133.20666666666668,35,257,54,27.0,0,1,1
16539.0,27,9,3396.81,377.42333333333335,81,1259,312,38.625,0,1,1
16540.0,222,1,226.70000000000002,226.70000000000002,25,114,0,-1.0,1,1,1
16541.0,543,1,424.03,424.03,38,173,0,-1.0,1,1,1
16542.0,209,1,137.7,137.7,9,96,0,-1.0,1,1,1
16543.0,399,1,292.21,292.21,18,317,0,-1.0,1,1,1
16544.0,327,4,376.70000000000005,94.17500000000001,8,150,142,47.333333333333336,0,1,1
16545.0,183,1,350.52,350.52,5,244,0,-1.0,1,0,1
16546.0,98,5,5606.47,1121.294,75,4367,151,37.25,0,1,1
16547.0,354,1,111.71,111.71,25,113,0,-1.0,1,1,1
16548.0,407,1,30.15,30.15,6,6,0,-1.0,1,1,1
16549.0,142,25,9147.04,365.88160000000005,647,4969,286,11.0,0,0,1
16550.0,43,15,8175.07,545.0046666666666,233,4806,502,35.42857142857143,0,0,1
16551.0,144,5,1626.07,325.214,54,1387,389,96.75,0,0,1
16552.0,50,2,475.02000000000004,237.51000000000002,17,258,130,130.0,0,1,1
16553.0,13,30,15655.37,521.8456666666667,191,15819,460,15.586206896551724,0,0,1
16554.0,30,7,2318.73,331.2471428571429,90,1073,502,83.33333333333333,0,1,1
16555.0,313,4,1629.79,407.4475,46,1641,0,0.0,0,0,1
16556.0,9,14,6337.61,452.68642857142856,227,3389,531,40.30769230769231,0,0,1
16558.0,0,28,8985.6,320.9142857142857,273,4906,543,19.666666666666668,0,0,1
16559.0,205,1,185.20000000000002,185.20000000000002,17,73,0,-1.0,1,1,1
16560.0,166,7,2539.15,362.7357142857143,111,1272,373,61.833333333333336,0,1,1
16562.0,284,1,223.85999999999999,223.85999999999999,34,264,0,-1.0,1,1,1
16563.0,208,5,3345.02,669.004,46,2110,337,84.0,0,1,1
16564.0,377,1,87.8,87.8,5,40,0,-1.0,1,1,1
16565.0,172,4,773.05,193.2625,7,211,191,63.0,0,1,1
16566.0,0,2,280.12,140.06,6,128,99,99.0,0,0,1
16567.0,2,2,865.6,432.8,34,996,142,142.0,0,1,1
16568.0,235,2,1020.9000000000001,510.45000000000005,5,366,213,213.0,0,1,1
16569.0,439,4,1331.03,332.7575,23,895,92,30.0,0,1,1
16570.0,13,13,5169.14,397.6261538461539,97,3067,414,34.25,0,0,1
16571.0,89,8,3263.73,407.96625,118,2842,350,49.57142857142857,0,0,1
16572.0,83,1,342.58,342.58,21,202,0,-1.0,1,0,1
16573.0,98,1,292.63,292.63,16,111,0,-1.0,1,0,1
16574.0,231,2,850.34,425.17,58,586,234,234.0,0,1,1
16576.0,228,2,540.87,270.435,32,323,101,101.0,0,1,1
16577.0,474,1,380.0,380.0,23,142,0,-1.0,1,1,1
16578.0,434,1,156.6,156.6,9,108,0,-1.0,1,1,1
16579.0,233,1,295.05,295.05,14,119,0,-1.0,1,1,1
16583.0,181,2,531.4,265.7,18,264,299,299.0,0,1,1
16584.0,62,4,2839.53,709.8825,52,1761,407,135.33333333333334,0,0,1
16585.0,401,2,341.59,170.795,16,151,101,101.0,0,1,1
16586.0,56,3,1462.78,487.5933333333333,27,348,386,192.5,0,1,1
16587.0,40,1,225.15,225.15,13,71,0,-1.0,1,1,1
16588.0,194,4,1361.28,340.32,64,882,188,62.333333333333336,0,1,1
16589.0,258,1,153.12,153.12,11,168,0,-1.0,1,0,1
16590.0,208,2,605.9,302.95,26,240,13,13.0,0,1,1
16592.0,9,18,4847.0599999999995,269.2811111111111,154,3492,519,30.294117647058822,0,0,1
16593.0,135,6,810.71,135.11833333333334,41,309,407,80.8,0,0,1
16595.0,184,4,1450.02,362.505,286,1043,315,104.66666666666667,0,1,1
16596.0,174,3,450.13,150.04333333333332,17,177,363,181.0,0,1,1
16598.0,93,1,145.04999999999998,145.04999999999998,10,73,0,-1.0,1,1,1
16599.0,193,1,172.8,172.8,12,159,0,-1.0,1,1,1
16600.0,61,9,1577.3500000000001,175.26111111111112,77,1643,468,58.0,0,0,1
16601.0,198,2,439.45,219.725,38,261,232,232.0,0,1,1
16602.0,196,1,235.25,235.25,11,93,0,-1.0,1,1,1
16604.0,370,2,432.45,216.225,10,175,5,5.0,0,1,1
16605.0,532,1,60.48,60.48,1,144,0,-1.0,1,1,1
16606.0,212,2,357.66,178.83,16,148,30,30.0,0,1,1
16607.0,15,18,4076.22,226.45666666666665,148,2597,381,22.11764705882353,0,0,1
16608.0,261,2,1288.72,644.36,94,613,209,209.0,0,1,1
16609.0,5,3,1987.6200000000001,662.5400000000001,87,823,55,27.5,0,0,1
16610.0,27,1,75.66,75.66,6,66,0,-1.0,1,1,1
16611.0,211,5,1655.64,331.12800000000004,79,827,235,58.5,0,0,1
16612.0,119,6,2337.82,389.6366666666667,82,1048,424,84.4,0,0,1
16614.0,210,2,673.6,336.8,20,126,176,176.0,0,0,1
16615.0,434,1,291.5,291.5,19,211,0,-1.0,1,1,1
16617.0,43,1,151.85,151.85,5,91,0,-1.0,1,1,1
16618.0,18,4,1441.29,360.3225,44,771,111,37.0,0,1,1
16619.0,71,4,1938.33,484.5825,103,1055,391,130.33333333333334,0,1,1
16620.0,68,5,1675.73,335.146,74,1106,477,119.0,0,1,1
16621.0,23,2,490.7,245.35,14,142,61,61.0,0,0,1
16622.0,351,1,225.4,225.4,12,44,0,-1.0,1,1,1
16623.0,53,4,1015.24,253.81,44,442,346,114.66666666666667,0,1,1
16624.0,5,1,426.43,426.43,21,196,0,-1.0,1,0,1
16625.0,82,5,1654.03,330.806,82,1057,269,66.75,0,1,1
16626.0,74,1,795.75,795.75,47,359,0,-1.0,1,0,1
16628.0,26,4,842.96,210.74,43,409,423,140.66666666666666,0,0,1
16630.0,215,1,106.80000000000001,106.80000000000001,4,72,0,-1.0,1,1,1
16631.0,289,7,1892.52,270.36,46,775,170,28.0,0,1,1
16632.0,293,2,406.4,203.2,22,256,95,95.0,0,1,1
16633.0,42,1,447.52,447.52,26,177,0,-1.0,1,0,1
16634.0,30,6,1814.61,302.435,72,1321,465,92.6,0,1,1
16635.0,214,1,473.0,473.0,25,277,0,-1.0,1,1,1
16636.0,246,4,3802.04,950.51,62,2186,207,51.5,0,1,1
16637.0,33,1,303.62,303.62,16,140,0,-1.0,1,0,1
16638.0,65,11,1961.25,178.29545454545453,99,1059,221,21.7,0,0,1
16639.0,14,3,961.62,320.54,48,400,202,101.0,0,1,1
16640.0,205,1,179.4,179.4,13,146,0,-1.0,1,1,1
16641.0,509,1,323.40000000000003,323.40000000000003,24,198,0,-1.0,1,0,1
16642.0,15,2,696.85,348.425,33,427,207,207.0,0,1,1
16643.0,53,2,923.11,461.555,48,553,176,176.0,0,1,1
16644.0,20,1,722.41,722.41,54,751,0,-1.0,1,0,1
16645.0,543,1,160.39,160.39,14,117,0,-1.0,1,1,1
16646.0,257,1,678.8,678.8,29,1072,0,-1.0,1,1,1
16647.0,12,3,455.59,151.86333333333332,25,315,339,169.0,0,0,1
16648.0,263,2,382.14,191.07,18,222,134,134.0,0,1,1
16649.0,328,1,306.58000000000004,306.58000000000004,20,82,0,-1.0,1,1,1
16650.0,228,6,1397.69,232.94833333333335,53,1139,99,19.2,0,1,1
16651.0,394,1,136.2,136.2,6,60,0,-1.0,1,1,1
16652.0,20,12,13831.04,1152.5866666666668,108,5628,420,37.72727272727273,0,0,1
16654.0,43,6,1612.05,268.675,60,629,377,75.0,0,0,1
16655.0,139,8,3566.1,445.7625,270,2019,345,49.0,0,0,1
16656.0,0,21,11764.85,560.2309523809524,21,10063,542,26.6,0,0,1
16657.0,62,1,242.55,242.55,65,463,0,-1.0,1,0,1
16658.0,176,6,814.07,135.67833333333334,49,317,250,49.8,0,1,1
16660.0,18,5,996.26,199.252,10,648,483,120.5,0,1,1
16661.0,348,4,986.63,246.6575,50,385,181,60.333333333333336,0,1,1
16662.0,202,1,163.8,163.8,28,36,0,-1.0,1,1,1
16663.0,537,1,165.0,165.0,1,100,0,-1.0,1,1,1
16664.0,377,1,109.2,109.2,8,24,0,-1.0,1,1,1
16665.0,170,1,135.39999999999998,135.39999999999998,9,59,0,-1.0,1,1,1
16666.0,429,1,106.96000000000001,106.96000000000001,15,134,0,-1.0,1,1,1
16667.0,92,1,203.35,203.35,20,78,0,-1.0,1,1,1
16668.0,22,9,678.28,75.36444444444444,27,587,416,51.75,0,0,1
16670.0,55,14,5882.47,420.1764285714286,201,3239,481,36.61538461538461,0,0,1
16672.0,12,8,3488.34,436.0425,22,1374,62,8.428571428571429,0,0,1
16673.0,487,1,188.83,188.83,19,101,0,-1.0,1,1,1
16675.0,249,2,608.86,304.43,21,296,36,36.0,0,1,1
16676.0,21,5,1868.28,373.656,90,703,205,50.75,0,1,1
16677.0,219,2,880.62,440.31,45,457,240,240.0,0,1,1
16678.0,5,5,1266.65,253.33,52,801,84,20.75,0,0,1
16679.0,174,3,793.06,264.3533333333333,15,276,180,90.0,0,1,1
16680.0,336,2,637.75,318.875,16,283,6,6.0,0,1,1
16681.0,13,4,1027.34,256.835,17,819,436,144.66666666666666,0,0,1
16683.0,341,1,320.25,320.25,18,190,0,-1.0,1,1,1
16684.0,13,40,105565.15,2639.12875,149,73184,526,13.23076923076923,0,0,1
16686.0,2,13,3237.66,249.05076923076922,355,2509,538,44.416666666666664,0,0,1
16687.0,198,1,157.63,157.63,8,141,0,-1.0,1,1,1
16690.0,9,3,213.95,71.31666666666666,7,117,249,124.5,0,0,1
16691.0,226,2,178.83,89.415,11,92,143,143.0,0,1,1
16692.0,64,4,1914.6999999999998,478.67499999999995,3,878,185,61.0,0,1,1
16693.0,79,4,875.01,218.7525,117,535,384,127.66666666666667,0,1,1
16694.0,531,1,98.30000000000001,98.30000000000001,3,26,0,-1.0,1,1,1
16695.0,369,2,193.15,96.575,30,185,0,0.0,0,1,1
16696.0,11,3,558.9000000000001,186.30000000000004,7,126,44,22.0,0,0,1
16697.0,49,1,112.75,112.75,20,27,0,-1.0,1,1,1
16698.0,34,2,1998.0,999.0,4,840,26,26.0,0,1,1
16699.0,188,7,994.6,142.0857142857143,51,640,355,58.833333333333336,0,1,1
16700.0,9,19,7039.39,370.4942105263158,229,5165,536,29.444444444444443,0,0,1
16701.0,13,18,6413.6,356.31111111111113,110,6159,532,30.823529411764707,0,0,1
16702.0,223,4,1110.83,277.7075,84,692,316,105.0,0,1,1
16704.0,426,2,695.66,347.83,50,455,53,53.0,0,1,1
16705.0,15,30,36088.551,1202.9517,350,19835,522,17.655172413793103,0,0,1
16707.0,208,4,551.11,137.7775,64,402,239,79.33333333333333,0,1,1
16709.0,7,13,8042.18,618.6292307692308,199,2946,530,43.75,0,0,1
16710.0,15,18,5503.69,305.7605555555555,496,3662,528,30.647058823529413,0,0,1
16711.0,110,6,1816.25,302.7083333333333,11,483,435,86.6,0,0,1
16712.0,20,6,1825.93,304.32166666666666,171,892,188,37.4,0,0,1
16713.0,43,25,10249.19,409.9676,410,5521,488,19.833333333333332,0,0,1
16714.0,26,4,1529.8,382.45,95,849,451,150.33333333333334,0,1,1
16715.0,370,1,323.8,323.8,9,532,0,-1.0,1,0,1
16716.0,74,3,2149.6800000000003,716.5600000000001,7,912,363,181.5,0,1,1
16717.0,174,9,3435.1000000000004,381.6777777777778,141,1435,366,45.375,0,0,1
16718.0,177,5,3647.53,729.5060000000001,123,2343,363,90.25,0,1,1
16719.0,43,11,3161.11,287.37363636363636,180,1884,490,44.0,0,0,1
16720.0,184,2,640.24,320.12,107,297,345,345.0,0,1,1
16721.0,70,1,292.47,292.47,37,172,0,-1.0,1,1,1
16722.0,8,14,6221.53,444.395,120,5182,535,40.92307692307692,0,0,1
16723.0,251,2,712.48,356.24,72,603,291,291.0,0,0,1
16724.0,212,1,147.35,147.35,17,69,0,-1.0,1,1,1
16725.0,110,14,1882.11,134.43642857142856,242,784,424,32.23076923076923,0,1,1
16726.0,4,6,1501.58,250.26333333333332,117,920,214,42.2,0,1,1
16727.0,172,4,1437.42,359.355,158,1109,324,107.66666666666667,0,1,1
16728.0,44,2,326.93,163.465,82,210,27,27.0,0,0,1
16729.0,8,9,2834.13,314.90333333333336,114,2118,41,4.75,0,0,1
16730.0,42,2,480.94,240.47,35,750,84,84.0,0,1,1
16731.0,456,1,174.05,174.05,40,127,0,-1.0,1,1,1
16732.0,211,3,3783.89,1261.2966666666666,177,2097,328,163.5,0,1,1
16733.0,337,1,259.68,259.68,12,112,0,-1.0,1,1,1
16735.0,47,11,5067.92,460.72,143,3397,492,48.8,0,0,1
16736.0,313,5,2956.56,591.312,116,1050,230,57.0,0,1,1
16737.0,385,1,417.59999999999997,417.59999999999997,1,288,0,-1.0,1,1,1
16738.0,105,1,3.75,3.75,1,3,0,-1.0,1,1,1
16739.0,344,1,463.43,463.43,25,219,0,-1.0,1,0,1
16740.0,203,1,236.81,236.81,30,116,0,-1.0,1,1,1
16741.0,433,1,173.06,173.06,11,81,0,-1.0,1,1,1
16742.0,300,13,2387.71,183.67000000000002,50,2599,230,18.75,0,1,1
16743.0,19,10,3076.92,307.692,85,2554,384,42.22222222222222,0,0,1
16745.0,19,9,3588.03,398.67,117,3873,100,12.125,0,0,1
16746.0,2,32,14257.92,445.56,314,8801,541,17.0,0,0,1
16748.0,25,12,3031.63,252.63583333333335,48,1739,511,46.09090909090909,0,1,1
16749.0,399,2,4387.08,2193.54,53,2078,132,132.0,0,1,1
16750.0,40,1,118.7,118.7,10,18,0,-1.0,1,0,1
16752.0,180,1,415.0,415.0,9,108,0,-1.0,1,1,1
16754.0,180,29,67502.47,2327.671379310345,38,67831,269,9.285714285714286,0,1,1
16755.0,34,6,2312.2200000000003,385.37000000000006,175,1619,503,100.2,0,0,1
16756.0,22,7,1312.3700000000001,187.48142857142858,64,707,425,70.16666666666667,0,1,1
16757.0,126,2,270.48,135.24,13,180,90,90.0,0,1,1
16760.0,238,1,228.0,228.0,17,168,0,-1.0,1,1,1
16763.0,6,2,964.6999999999999,482.34999999999997,44,492,539,539.0,0,1,1
16765.0,102,2,454.75,227.375,52,311,88,88.0,0,1,1
16766.0,81,2,1145.6,572.8,17,536,0,0.0,0,1,1
16767.0,27,7,5142.26,734.6085714285715,145,4674,370,61.333333333333336,0,0,1
16768.0,79,7,1413.28,201.89714285714285,88,628,460,76.16666666666667,0,0,1
16769.0,68,4,1141.75,285.4375,76,301,465,154.66666666666666,0,1,1
16770.0,44,8,1818.51,227.31375,174,1027,237,33.142857142857146,0,1,1
16771.0,83,8,3376.7400000000002,422.09250000000003,262,1877,455,64.85714285714286,0,0,1
16772.0,231,3,3723.5499999999997,1241.1833333333332,54,689,298,149.0,0,1,1
16773.0,244,2,249.65,124.825,34,81,297,297.0,0,1,1
16774.0,231,4,932.93,233.2325,60,463,237,79.0,0,0,1
16775.0,13,9,2053.03,228.11444444444447,92,726,236,29.125,0,0,1
16776.0,223,1,231.57,231.57,48,188,0,-1.0,1,1,1
16777.0,65,4,1258.66,314.665,118,461,375,124.33333333333333,0,0,1
16778.0,82,1,93.18,93.18,5,66,0,-1.0,1,0,1
16779.0,27,41,26419.28,644.3726829268293,267,16390,517,12.475,0,0,1
16780.0,67,2,342.25,171.125,44,183,147,147.0,0,0,1
16781.0,180,2,934.25,467.125,36,305,297,297.0,0,1,1
16782.0,12,32,9506.81,297.0878125,565,3984,526,16.419354838709676,0,0,1
16783.0,244,1,391.95,391.95,25,163,0,-1.0,1,1,1
16784.0,184,4,788.93,197.2325,137,472,244,81.0,0,1,1
16785.0,217,1,533.78,533.78,35,313,0,-1.0,1,1,1
16786.0,201,1,51.839999999999996,51.839999999999996,1,72,0,-1.0,1,1,1
16787.0,205,4,1035.43,258.8575,102,474,300,100.0,0,1,1
16788.0,62,4,1649.99,412.4975,292,861,416,138.0,0,0,1
16791.0,21,12,2893.06,241.08833333333334,294,1379,522,46.90909090909091,0,0,1
16792.0,90,5,623.46,124.69200000000001,90,324,422,105.25,0,1,1
16794.0,188,5,868.1999999999999,173.64,151,665,243,60.5,0,0,1
16795.0,173,3,2492.39,830.7966666666666,306,1459,318,158.5,0,1,1
16797.0,201,5,1827.77,365.554,289,909,344,85.75,0,1,1
16798.0,362,3,848.71,282.90333333333336,141,209,174,87.0,0,1,1
16799.0,240,2,495.98,247.99,81,176,21,21.0,0,1,1
16801.0,0,3,1478.88,492.96000000000004,70,484,80,39.5,0,0,1
16802.0,487,2,582.61,291.305,48,369,51,51.0,0,1,1
16804.0,78,1,118.05,118.05,19,34,0,-1.0,1,1,1
16805.0,168,4,851.42,212.855,181,853,370,123.0,0,0,1
16806.0,28,2,414.37,207.185,28,199,18,18.0,0,0,1
16807.0,23,5,1654.12,330.82399999999996,94,1134,407,101.25,0,0,1
16808.0,82,1,166.5,166.5,19,116,0,-1.0,1,0,1
16809.0,16,6,1155.82,192.63666666666666,94,717,396,78.8,0,0,1
16810.0,0,2,842.0400000000001,421.02000000000004,34,372,228,228.0,0,1,1
16812.0,168,4,2392.0,598.0,98,1116,21,7.0,0,1,1
16813.0,12,1,206.25,206.25,87,151,0,-1.0,1,0,1
16814.0,0,27,10163.47,376.4248148148148,224,3942,414,15.384615384615385,0,0,1
16815.0,261,2,410.97,205.485,66,238,82,82.0,0,1,1
16816.0,121,2,325.45,162.725,20,191,44,44.0,0,0,1
16817.0,26,10,2149.4,214.94,80,1194,213,23.22222222222222,0,0,1
16818.0,9,2,726.24,363.12,45,398,4,4.0,0,0,1
16819.0,273,2,182.59,91.295,17,253,0,0.0,0,1,1
16821.0,189,1,113.35,113.35,7,13,0,-1.0,1,1,1
16822.0,494,1,181.39,181.39,11,171,0,-1.0,1,1,1
16823.0,35,7,2260.09,322.87,149,1168,510,84.5,0,1,1
16824.0,201,1,225.6,225.6,13,154,0,-1.0,1,0,1
16825.0,186,3,1051.71,350.57,32,731,156,77.5,0,0,1
16827.0,201,5,392.13,78.426,10,125,195,48.25,0,1,1
16829.0,196,1,316.1,316.1,16,116,0,-1.0,1,0,1
16830.0,250,3,881.59,293.86333333333334,47,435,284,141.5,0,1,1
16831.0,372,1,91.8,91.8,6,48,0,-1.0,1,1,1
16832.0,11,4,355.11,88.7775,19,174,255,84.66666666666667,0,0,1
16833.0,67,5,1973.8,394.76,74,744,363,90.5,0,1,1
16834.0,35,2,898.96,449.48,43,760,446,446.0,0,1,1
16835.0,181,5,1439.31,287.86199999999997,54,473,196,48.75,0,0,1
16836.0,214,2,530.5,265.25,31,374,167,167.0,0,0,1
16837.0,5,8,1814.74,226.8425,76,707,48,6.571428571428571,0,0,1
16838.0,5,4,1159.61,289.9025,53,509,465,154.66666666666666,0,1,1
16839.0,4,23,12357.33,537.2752173913043,93,6107,469,20.818181818181817,0,0,1
16840.0,411,2,139.85,69.925,9,117,71,71.0,0,1,1
16841.0,21,8,2772.74,346.5925,128,1690,482,68.42857142857143,0,0,1
16842.0,110,1,520.5699999999999,520.5699999999999,30,370,0,-1.0,1,0,1
16843.0,5,25,13216.76,528.6704,181,10481,532,21.708333333333332,0,0,1
16844.0,370,2,614.34,307.17,26,281,20,20.0,0,1,1
16845.0,426,1,253.88,253.88,20,167,0,-1.0,1,1,1
16846.0,385,2,628.09,314.045,36,382,62,62.0,0,1,1
16847.0,426,1,421.45000000000005,421.45000000000005,25,177,0,-1.0,1,1,1
16848.0,184,3,1130.2,376.73333333333335,64,598,56,28.0,0,1,1
16850.0,141,1,332.41,332.41,19,249,0,-1.0,1,1,1
16854.0,225,2,1408.96,704.48,72,997,223,223.0,0,1,1
16856.0,225,2,323.09000000000003,161.54500000000002,15,159,24,24.0,0,1,1
16857.0,250,1,352.8,352.8,11,168,0,-1.0,1,1,1
16858.0,176,10,4668.28,466.828,75,1514,355,39.0,0,1,1
16859.0,69,6,1444.44,240.74,57,1448,384,76.4,0,0,1
16860.0,260,3,1610.62,536.8733333333333,35,625,209,104.5,0,1,1
16861.0,198,3,772.83,257.61,38,476,118,58.5,0,0,1
16862.0,355,4,662.33,165.5825,34,513,154,50.666666666666664,0,1,1
16863.0,174,2,659.97,329.985,27,441,42,42.0,0,1,1
16864.0,242,2,409.25,204.625,17,283,164,164.0,0,1,1
16865.0,209,1,130.95,130.95,15,157,0,-1.0,1,1,1
16867.0,497,1,76.74000000000001,76.74000000000001,6,58,0,-1.0,1,1,1
16868.0,202,3,393.39,131.13,47,116,199,99.0,0,1,1
16870.0,277,1,450.15999999999997,450.15999999999997,28,278,0,-1.0,1,1,1
16871.0,18,4,2037.82,509.455,104,861,60,20.0,0,0,1
16872.0,235,3,533.11,177.70333333333335,9,479,35,17.5,0,0,1
16873.0,5,9,10727.22,1191.9133333333332,170,6360,470,58.375,0,0,1
16874.0,187,1,217.74,217.74,31,81,0,-1.0,1,1,1
16875.0,104,9,2944.09,327.12111111111113,115,1421,407,50.625,0,0,1
16876.0,211,1,136.01,136.01,32,181,0,-1.0,1,1,1
16877.0,16,1,77.75,77.75,25,35,0,-1.0,1,0,1
16880.0,301,1,321.78,321.78,9,158,0,-1.0,1,0,1
16882.0,47,2,215.70000000000002,107.85000000000001,15,102,77,77.0,0,1,1
16883.0,179,18,2247.89,124.88277777777778,144,1030,363,20.941176470588236,0,0,1
16884.0,364,2,644.08,322.04,39,201,14,14.0,0,1,1
16885.0,165,2,429.88,214.94,66,229,28,28.0,0,1,1
16886.0,264,1,134.0,134.0,8,48,0,-1.0,1,1,1
16887.0,208,2,465.84000000000003,232.92000000000002,65,267,337,337.0,0,1,1
16888.0,208,3,437.15,145.71666666666667,44,147,300,150.0,0,1,1
16889.0,2,6,2530.9,421.81666666666666,163,1616,371,73.8,0,1,1
16890.0,284,3,285.41,95.13666666666667,17,243,105,52.0,0,1,1
16891.0,179,7,1479.38,211.34,245,583,363,60.166666666666664,0,0,1
16892.0,362,2,236.56,118.28,38,131,177,177.0,0,0,1
16893.0,174,2,401.77,200.885,80,182,9,9.0,0,1,1
16894.0,310,3,1324.06,441.3533333333333,186,507,33,16.5,0,1,1
16895.0,246,4,902.28,225.57,82,331,227,75.0,0,1,1
16896.0,363,1,103.95,103.95,18,18,0,-1.0,1,1,1
16897.0,107,2,289.78,144.89,37,73,14,14.0,0,1,1
16898.0,176,3,623.64,207.88,110,484,208,103.5,0,0,1
16899.0,15,4,787.01,196.7525,68,435,190,63.0,0,0,1
16901.0,537,1,204.26,204.26,23,42,0,-1.0,1,1,1
16903.0,188,2,689.04,344.52,107,485,35,35.0,0,1,1
16904.0,33,11,2666.27,242.3881818181818,314,1362,185,18.1,0,0,1
16905.0,44,13,2785.65,214.28076923076924,106,918,492,40.5,0,1,1
16906.0,13,5,1082.67,216.53400000000002,138,398,369,92.0,0,0,1
16907.0,42,7,1310.25,187.17857142857142,88,413,291,48.0,0,0,1
16908.0,530,1,252.59,252.59,20,61,0,-1.0,1,1,1
16911.0,443,2,255.25,127.625,30,161,25,25.0,0,1,1
16912.0,15,9,3070.59,341.1766666666667,95,1141,522,65.125,0,0,1
16913.0,98,3,423.90999999999997,141.3033333333333,18,229,361,180.5,0,1,1
16915.0,56,7,1088.29,155.47,35,105,321,53.166666666666664,0,0,1
16916.0,180,3,745.22,248.40666666666667,100,427,43,21.0,0,1,1
16917.0,84,2,1857.83,928.915,45,793,355,355.0,0,1,1
16918.0,125,11,2420.25,220.02272727272728,235,1521,419,41.6,0,0,1
16919.0,0,22,4584.81,208.40045454545455,215,1973,284,13.095238095238095,0,0,1
16920.0,219,1,355.45,355.45,23,81,0,-1.0,1,1,1
16921.0,250,2,276.88,138.44,28,128,157,157.0,0,1,1
16922.0,380,1,611.08,611.08,122,281,0,-1.0,1,1,1
16923.0,7,22,9291.27,422.3304545454546,298,4264,478,22.333333333333332,0,0,1
16925.0,348,1,125.65,125.65,18,123,0,-1.0,1,1,1
16926.0,179,5,1421.35,284.27,63,237,155,38.5,0,1,1
16927.0,84,2,341.45,170.725,5,513,85,85.0,0,0,1
16928.0,23,18,2215.74,123.09666666666665,122,1298,458,26.41176470588235,0,0,1
16931.0,2,11,2532.51,230.22818181818184,277,1526,202,19.7,0,0,1
16932.0,231,2,278.77,139.385,77,142,147,147.0,0,1,1
16933.0,47,8,2842.75,355.34375,193,1386,490,69.57142857142857,0,1,1
16934.0,191,4,1160.06,290.015,77,540,237,79.0,0,1,1
16935.0,189,3,535.1,178.36666666666667,55,278,39,19.0,0,1,1
16936.0,193,1,288.49,288.49,81,169,0,-1.0,1,1,1
16937.0,307,1,202.1,202.1,49,126,0,-1.0,1,1,1
16938.0,116,6,4574.4,762.4,429,2664,351,69.6,0,0,1
16939.0,296,3,449.0,149.66666666666666,38,232,160,79.5,0,1,1
16940.0,97,6,4135.46,689.2433333333333,249,2883,441,87.6,0,0,1
16941.0,419,1,33.0,33.0,2,12,0,-1.0,1,1,1
16942.0,27,3,577.96,192.65333333333334,54,243,8,4.0,0,0,1
16943.0,19,5,1299.49,259.898,24,147,412,102.75,0,1,1
16944.0,417,1,101.36,101.36,7,27,0,-1.0,1,1,1
16945.0,9,22,5976.34,271.6518181818182,195,4283,529,24.904761904761905,0,0,1
16946.0,191,5,1222.04,244.408,69,509,264,65.5,0,1,1
16947.0,43,5,955.21,191.042,50,655,410,102.25,0,1,1
16948.0,69,6,674.2900000000001,112.38166666666667,17,723,394,78.4,0,0,1
16949.0,26,3,505.75,168.58333333333334,22,189,98,49.0,0,0,1
16950.0,175,8,2777.81,347.22625,84,1880,317,45.0,0,0,1
16951.0,112,1,1053.79,1053.79,70,1066,0,-1.0,1,0,1
16952.0,249,3,631.17,210.39,61,252,287,143.5,0,0,1
16954.0,62,14,4938.28,352.7342857142857,81,3622,435,33.0,0,0,1
16955.0,144,5,1145.72,229.144,29,751,341,85.0,0,0,1
16957.0,47,2,416.64,208.32,15,172,42,42.0,0,1,1
16958.0,243,1,809.44,809.44,69,561,0,-1.0,1,1,1
16960.0,60,6,1737.91,289.6516666666667,301,1306,394,78.4,0,1,1
16961.0,196,2,560.39,280.195,38,357,144,144.0,0,0,1
16962.0,217,1,251.04,251.04,15,158,0,-1.0,1,1,1
16964.0,541,2,207.85,103.925,6,49,0,0.0,0,1,1
16965.0,34,1,201.19,201.19,26,291,0,-1.0,1,1,1
16966.0,5,3,1154.3999999999999,384.79999999999995,8,1176,42,21.0,0,0,1
16970.0,434,1,71.4,71.4,2,12,0,-1.0,1,1,1
16972.0,190,2,786.25,393.125,54,190,73,73.0,0,1,1
16973.0,194,1,127.0,127.0,6,60,0,-1.0,1,1,1
16974.0,330,2,365.5,182.75,5,70,41,41.0,0,1,1
16975.0,231,3,926.12,308.70666666666665,44,586,82,40.5,0,1,1
16976.0,75,1,251.51999999999998,251.51999999999998,2,88,0,-1.0,1,1,1
16977.0,203,4,496.0,124.0,25,142,236,78.33333333333333,0,1,1
16978.0,474,2,424.55,212.275,28,119,0,0.0,0,0,1
16979.0,105,4,1354.8899999999999,338.72249999999997,41,679,152,50.333333333333336,0,0,1
16980.0,63,3,1473.3300000000002,491.11000000000007,91,1039,173,86.0,0,1,1
16983.0,79,7,2401.31,343.0442857142857,92,1577,175,28.5,0,0,1
16984.0,212,7,6273.45,896.2071428571428,476,2907,238,39.166666666666664,0,0,1
16985.0,19,19,8374.4,440.7578947368421,116,2352,517,28.38888888888889,0,0,1
16986.0,253,9,3015.55,335.06111111111113,64,1499,228,28.25,0,1,1
16987.0,13,5,1123.9,224.78000000000003,120,324,532,132.5,0,0,1
16988.0,187,1,256.55,256.55,13,115,0,-1.0,1,1,1
16990.0,26,2,344.0,172.0,1,200,203,203.0,0,1,1
16991.0,229,1,1041.21,1041.21,74,793,0,-1.0,1,1,1
16992.0,7,10,4533.34,453.334,184,1557,466,51.333333333333336,0,0,1
16993.0,271,2,1950.9499999999998,975.4749999999999,19,285,112,112.0,0,1,1
16996.0,53,7,1367.5300000000002,195.3614285714286,30,631,172,28.166666666666668,0,0,1
16997.0,96,3,702.0,234.0,7,360,37,18.5,0,1,1
16998.0,12,4,394.1,98.525,2,102,239,79.66666666666667,0,0,1
17000.0,204,2,406.3,203.15,26,305,11,11.0,0,1,1
17001.0,15,13,4453.17,342.5515384615385,86,2582,416,34.25,0,0,1
17002.0,23,6,2071.34,345.22333333333336,48,1008,425,84.6,0,0,1
17003.0,210,4,830.16,207.54,90,495,176,58.333333333333336,0,1,1
17004.0,200,2,1012.22,506.11,21,462,31,31.0,0,0,1
17005.0,278,2,742.36,371.18,14,787,118,118.0,0,1,1
17006.0,200,4,854.54,213.635,77,301,252,83.66666666666667,0,0,1
17007.0,9,5,692.9,138.57999999999998,40,407,235,58.75,0,0,1
17008.0,237,1,81.36,81.36,1,24,0,-1.0,1,1,1
17009.0,359,1,242.06,242.06,10,336,0,-1.0,1,1,1
17011.0,455,2,400.8,200.4,12,606,4,4.0,0,1,1
17012.0,533,1,384.16,384.16,34,268,0,-1.0,1,1,1
17016.0,384,1,552.4,552.4,41,309,0,-1.0,1,1,1
17017.0,12,20,9910.17,495.5085,104,7439,531,27.57894736842105,0,0,1
17018.0,133,5,1772.6,354.52,18,340,408,101.75,0,1,1
17019.0,69,10,3735.52,373.552,308,2474,475,52.44444444444444,0,1,1
17020.0,350,2,935.62,467.81,64,860,104,104.0,0,1,1
17021.0,250,6,1182.22,197.03666666666666,35,992,146,28.8,0,1,1
17022.0,240,1,189.0,189.0,9,72,0,-1.0,1,1,1
17023.0,225,3,800.18,266.72666666666663,48,530,280,139.5,0,1,1
17025.0,181,4,1313.84,328.46,28,928,268,89.33333333333333,0,1,1
17026.0,177,2,87.3,43.65,4,60,47,47.0,0,0,1
17027.0,91,6,880.7,146.78333333333333,86,426,446,88.8,0,0,1
17028.0,389,3,1593.83,531.2766666666666,85,856,140,69.5,0,1,1
17029.0,44,6,1779.3,296.55,19,1065,427,85.0,0,0,1
17031.0,186,4,2393.5,598.375,22,1360,203,67.0,0,0,1
17032.0,355,8,3004.6,375.575,183,1695,181,25.571428571428573,0,1,1
17033.0,22,3,910.75,303.5833333333333,22,311,183,91.5,0,0,1
17034.0,95,3,680.2,226.73333333333335,31,388,225,112.5,0,0,1
17035.0,53,4,613.59,153.3975,29,327,491,163.0,0,1,1
17036.0,191,1,176.9,176.9,12,76,0,-1.0,1,1,1
17038.0,223,1,630.77,630.77,41,507,0,-1.0,1,1,1
17039.0,412,1,1954.99,1954.99,44,689,0,-1.0,1,1,1
17040.0,358,1,13.52,13.52,1,8,0,-1.0,1,0,1
17041.0,168,4,909.21,227.3025,58,576,239,79.33333333333333,0,0,1
17042.0,4,2,495.39,247.695,51,449,50,50.0,0,0,1
17043.0,74,5,1055.97,211.19400000000002,97,788,463,115.5,0,0,1
17044.0,182,11,11013.82,1001.2563636363636,91,5218,357,35.3,0,1,1
17045.0,55,3,528.19,176.06333333333336,29,189,181,90.0,0,0,1
17046.0,252,4,1264.05,316.0125,57,1126,175,58.333333333333336,0,0,1
17047.0,13,5,1937.76,387.552,98,1003,526,131.25,0,0,1
17048.0,90,6,1906.73,317.78833333333336,83,1007,407,81.2,0,0,1
17049.0,22,13,5869.3,451.4846153846154,205,2216,430,35.416666666666664,0,0,1
17050.0,58,9,3663.79,407.0877777777778,170,1884,431,53.5,0,0,1
17051.0,2,4,714.39,178.5975,107,513,433,144.0,0,1,1
17054.0,15,3,918.82,306.27333333333337,46,544,37,18.5,0,0,1
17055.0,253,1,239.55,239.55,24,87,0,-1.0,1,1,1
17056.0,546,1,128.60000000000002,128.60000000000002,8,26,0,-1.0,1,1,1
17057.0,404,1,294.74,294.74,48,129,0,-1.0,1,1,1
17058.0,7,2,819.66,409.83,42,455,40,40.0,0,0,1
17059.0,5,7,4018.16,574.0228571428571,250,2573,484,80.16666666666667,0,0,1
17060.0,74,1,234.24,234.24,5,216,0,-1.0,1,1,1
17061.0,0,7,3250.23,464.31857142857143,46,1050,39,6.166666666666667,0,0,1
17062.0,121,6,1208.22,201.37,82,922,125,24.6,0,1,1
17063.0,97,8,2496.76,312.095,111,1314,449,63.714285714285715,0,0,1
17064.0,135,1,147.85,147.85,21,74,0,-1.0,1,0,1
17065.0,445,2,194.7,97.35,6,82,0,0.0,0,1,1
17066.0,534,1,228.34,228.34,17,93,0,-1.0,1,1,1
17067.0,532,3,454.54,151.51333333333335,8,322,6,3.0,0,1,1
17068.0,12,36,6945.04,192.9177777777778,222,3295,417,11.457142857142857,0,0,1
17069.0,34,9,4157.65,461.96111111111105,146,2294,509,63.375,0,0,1
17070.0,218,1,133.18,133.18,41,101,0,-1.0,1,0,1
17071.0,47,7,2164.0,309.14285714285717,87,1138,444,73.5,0,0,1
17072.0,433,1,282.05,282.05,20,218,0,-1.0,1,1,1
17074.0,370,1,203.05,203.05,4,19,0,-1.0,1,1,1
17075.0,61,9,2103.68,233.7422222222222,140,736,472,58.5,0,1,1
17076.0,81,5,735.87,147.174,27,331,461,114.75,0,1,1
17077.0,386,1,306.0,306.0,1,36,0,-1.0,1,1,1
17080.0,77,6,746.23,124.37166666666667,19,475,256,50.8,0,1,1
17081.0,203,4,674.23,168.5575,121,311,259,85.66666666666667,0,1,1
17082.0,126,5,3365.12,673.024,74,1793,406,101.0,0,1,1
17083.0,103,8,3640.03,455.00375,29,1745,373,52.857142857142854,0,0,1
17084.0,204,1,2253.22,2253.22,132,1476,0,-1.0,1,1,1
17085.0,58,27,7543.66,279.3948148148148,395,3446,482,18.115384615384617,0,0,1
17087.0,545,1,221.53,221.53,12,113,0,-1.0,1,1,1
17088.0,61,1,1015.83,1015.83,55,355,0,-1.0,1,0,1
17089.0,194,1,128.45,128.45,4,35,0,-1.0,1,1,1
17090.0,35,9,1754.58,194.95333333333332,23,754,280,34.75,0,0,1
17091.0,48,13,5377.06,413.62,210,2763,483,39.75,0,0,1
17092.0,85,8,3952.08,494.01,201,2779,397,56.714285714285715,0,0,1
17093.0,400,1,235.88,235.88,13,114,0,-1.0,1,1,1
17094.0,130,2,402.20000000000005,201.10000000000002,18,212,101,101.0,0,1,1
17095.0,107,6,1792.05,298.675,83,1311,425,84.8,0,1,1
17096.0,69,8,2870.54,358.8175,132,1347,293,41.57142857142857,0,0,1
17097.0,132,3,673.67,224.55666666666664,97,316,105,52.5,0,0,0
17098.0,189,3,591.0699999999999,197.0233333333333,10,125,159,79.5,0,1,1
17099.0,341,1,582.17,582.17,40,317,0,-1.0,1,1,1
17101.0,202,3,885.3199999999999,295.1066666666666,28,360,155,77.5,0,0,1
17102.0,69,1,25.5,25.5,1,2,0,-1.0,1,1,1
17103.0,530,1,424.3,424.3,32,471,0,-1.0,1,1,1
17104.0,231,1,474.03,474.03,19,149,0,-1.0,1,1,1
17105.0,114,1,319.4,319.4,38,359,0,-1.0,1,0,1
17106.0,197,1,491.23,491.23,51,156,0,-1.0,1,1,1
17107.0,16,6,9378.8,1563.1333333333332,279,4558,468,93.2,0,0,1
17108.0,471,1,174.95,174.95,9,31,0,-1.0,1,1,1
17109.0,40,4,875.01,218.7525,70,448,265,88.0,0,1,1
17110.0,328,2,347.4,173.7,32,92,89,89.0,0,0,1
17111.0,233,1,227.97,227.97,19,299,0,-1.0,1,1,1
17112.0,310,1,205.17,205.17,44,134,0,-1.0,1,1,1
17113.0,382,6,2322.59,387.09833333333336,122,915,123,24.2,0,1,1
17114.0,16,4,446.09,111.5225,59,130,126,41.666666666666664,0,0,1
17115.0,41,5,2234.01,446.802,88,679,501,125.0,0,0,1
17116.0,456,1,389.78,389.78,47,392,0,-1.0,1,1,1
17117.0,96,1,116.19999999999999,116.19999999999999,9,68,0,-1.0,1,1,1
17118.0,125,1,157.02,157.02,10,154,0,-1.0,1,1,1
17120.0,41,1,307.46,307.46,18,120,0,-1.0,1,1,1
17121.0,210,1,314.74,314.74,12,106,0,-1.0,1,1,1
17122.0,196,3,432.18,144.06,19,288,111,55.5,0,0,1
17123.0,247,2,631.87,315.935,31,430,133,133.0,0,0,1
17126.0,107,6,1580.96,263.49333333333334,221,948,165,33.0,0,0,1
17127.0,236,5,1155.0300000000002,231.00600000000003,27,340,306,76.0,0,1,1
17128.0,142,1,157.09,157.09,14,76,0,-1.0,1,1,1
17129.0,328,1,31.85,31.85,2,5,0,-1.0,1,1,1
17132.0,260,2,1272.8,636.4,62,980,36,36.0,0,1,1
17133.0,54,7,10771.76,1538.8228571428572,19,7774,382,63.0,0,0,1
17134.0,72,2,542.6,271.3,29,126,177,177.0,0,0,1
17135.0,97,5,1314.98,262.996,85,1118,289,71.75,0,1,1
17136.0,470,1,231.68,231.68,14,256,0,-1.0,1,1,1
17137.0,224,6,1133.63,188.93833333333336,125,697,261,51.8,0,1,1
17138.0,83,7,4417.27,631.0385714285715,234,2024,397,65.66666666666667,0,1,1
17139.0,18,17,13621.89,801.2876470588235,348,6654,487,30.0625,0,0,1
17140.0,55,1,465.32,465.32,16,302,0,-1.0,1,1,1
17141.0,226,4,754.33,188.5825,138,436,266,88.66666666666667,0,1,1
17142.0,47,4,1283.75,320.9375,78,323,445,148.0,0,1,1
17143.0,225,2,924.11,462.055,82,330,98,98.0,0,1,1
17145.0,320,4,3120.91,780.2275,168,2591,145,48.333333333333336,0,1,1
17146.0,71,12,5674.34,472.8616666666667,162,2188,412,36.90909090909091,0,0,1
17147.0,14,7,2458.47,351.21,74,943,491,81.33333333333333,0,0,1
17149.0,259,1,143.10000000000002,143.10000000000002,6,18,0,-1.0,1,1,1
17150.0,184,6,1375.65,229.275,64,403,357,70.8,0,1,1
17151.0,543,1,231.90000000000003,231.90000000000003,4,42,0,-1.0,1,1,1
17152.0,2,4,2016.5,504.125,9,577,230,76.66666666666667,0,1,1
17155.0,335,5,640.76,128.152,31,745,208,51.75,0,0,1
17156.0,299,1,591.87,591.87,39,391,0,-1.0,1,1,1
17157.0,288,17,4832.9,284.2882352941176,69,1920,255,15.5,0,0,1
17158.0,40,4,1411.58,352.895,61,830,409,136.0,0,1,1
17159.0,285,2,560.71,280.355,27,237,167,167.0,0,0,1
17160.0,33,13,7896.2,607.4,184,6485,510,42.0,0,0,1
17161.0,252,1,856.01,856.01,52,537,0,-1.0,1,1,1
17162.0,53,5,819.3100000000001,163.86200000000002,53,506,60,14.75,0,0,1
17163.0,253,2,406.68,203.34,24,465,229,229.0,0,0,1
17164.0,20,2,943.22,471.61,49,602,60,60.0,0,0,1
17165.0,92,6,1794.32,299.05333333333334,77,788,444,88.4,0,1,1
17166.0,11,1,127.59,127.59,10,57,0,-1.0,1,1,1
17167.0,187,3,867.11,289.0366666666667,64,429,65,32.0,0,1,1
17168.0,306,1,400.2,400.2,21,220,0,-1.0,1,1,1
17169.0,386,1,320.95,320.95,21,145,0,-1.0,1,0,1
17170.0,182,2,178.68,89.34,8,152,14,14.0,0,1,1
17171.0,97,2,384.59,192.295,25,225,372,372.0,0,1,1
17172.0,238,2,638.81,319.405,24,735,296,296.0,0,0,1
17174.0,25,1,59.9,59.9,4,41,0,-1.0,1,1,1
17175.0,104,1,519.08,519.08,27,332,0,-1.0,1,0,1
17176.0,9,3,902.3199999999999,300.7733333333333,37,576,475,237.5,0,1,1
17177.0,313,1,119.5,119.5,29,40,0,-1.0,1,1,1
17178.0,539,1,436.71,436.71,31,101,0,-1.0,1,1,1
17179.0,40,5,1283.78,256.756,69,543,330,82.0,0,0,1
17180.0,49,10,2025.81,202.581,179,1674,445,49.0,0,1,1
17181.0,181,2,380.97,190.485,7,459,222,222.0,0,1,1
17182.0,230,2,321.3,160.65,4,54,295,295.0,0,1,1
17184.0,377,2,198.41000000000003,99.20500000000001,14,73,161,161.0,0,1,1
17185.0,399,3,229.46,76.48666666666666,38,119,6,3.0,0,1,1
17187.0,34,2,467.71,233.855,21,426,299,299.0,0,1,1
17188.0,123,9,3543.14,393.6822222222222,106,1951,415,51.5,0,0,1
17189.0,167,4,800.45,200.1125,87,480,378,125.66666666666667,0,0,1
17190.0,15,6,1493.3,248.88333333333333,144,2065,437,87.2,0,1,1
17191.0,88,12,3561.8,296.81666666666666,209,1848,457,41.18181818181818,0,0,1
17192.0,344,1,77.83,77.83,20,46,0,-1.0,1,1,1
17193.0,194,2,610.74,305.37,12,414,351,351.0,0,0,1
17194.0,81,3,812.5,270.8333333333333,57,420,256,127.5,0,1,1
17195.0,463,1,562.98,562.98,31,486,0,-1.0,1,1,1
17196.0,235,1,352.9,352.9,84,168,0,-1.0,1,1,1
17198.0,173,2,1043.32,521.66,73,484,5,5.0,0,1,1
17199.0,390,1,145.12,145.12,8,304,0,-1.0,1,1,1
17200.0,195,4,356.71,89.1775,25,367,264,88.0,0,1,1
17201.0,331,3,899.41,299.80333333333334,119,807,143,71.0,0,1,1
17202.0,228,1,160.65,160.65,8,55,0,-1.0,1,1,1
17203.0,196,4,2012.03,503.0075,84,1756,0,0.0,0,1,1
17204.0,49,7,5190.29,741.47,107,2513,306,50.666666666666664,0,0,1
17205.0,224,2,615.27,307.635,18,1330,148,148.0,0,1,1
17207.0,460,1,303.21999999999997,303.21999999999997,55,241,0,-1.0,1,1,1
17208.0,203,1,115.35,115.35,21,103,0,-1.0,1,1,1
17209.0,457,3,611.6,203.86666666666667,36,731,87,43.5,0,1,1
17210.0,200,1,253.37,253.37,47,243,0,-1.0,1,1,1
17211.0,41,10,2983.37,298.337,166,1767,493,48.9,0,0,1
17212.0,61,3,794.41,264.80333333333334,29,727,233,116.5,0,1,1
17213.0,124,9,3338.02,370.8911111111111,91,1326,408,50.5,0,0,1
17214.0,57,4,613.67,153.4175,56,179,110,36.0,0,0,1
17215.0,272,1,186.15,186.15,11,104,0,-1.0,1,1,1
17216.0,362,1,65.05,65.05,13,22,0,-1.0,1,1,1
17217.0,42,2,218.0,109.0,27,95,385,385.0,0,1,1
17218.0,22,13,3180.54,244.65692307692308,193,1638,469,38.666666666666664,0,0,1
17219.0,224,1,144.9,144.9,24,99,0,-1.0,1,1,1
17220.0,14,12,2748.28,229.02333333333334,277,1492,482,43.63636363636363,0,0,1
17221.0,399,3,643.39,214.46333333333334,58,427,15,7.5,0,1,1
17222.0,285,5,1250.86,250.17199999999997,71,735,220,55.0,0,1,1
17223.0,118,3,873.53,291.1766666666667,62,222,64,32.0,0,1,1
17224.0,309,1,100.86,100.86,8,65,0,-1.0,1,1,1
17225.0,389,1,131.15,131.15,5,36,0,-1.0,1,1,1
17226.0,116,3,900.12,300.04,51,855,356,178.0,0,1,1
17227.0,64,8,1448.8600000000001,181.10750000000002,47,1225,436,61.714285714285715,0,0,1
17228.0,15,9,1958.73,217.63666666666666,132,1647,429,53.25,0,0,1
17230.0,72,18,9924.95,551.3861111111112,141,3903,467,27.176470588235293,0,1,1
17231.0,23,20,5362.58,268.129,415,2649,516,26.736842105263158,0,0,1
17233.0,256,2,369.98,184.99,32,167,276,276.0,0,1,1
17235.0,180,7,1696.72,242.38857142857142,41,873,180,29.666666666666668,0,1,1
17236.0,50,10,1576.95,157.695,81,647,400,44.111111111111114,0,0,1
17237.0,183,2,687.39,343.695,58,310,6,6.0,0,1,1
17238.0,14,23,5402.05,234.8717391304348,397,2503,532,23.818181818181817,0,0,1
17239.0,120,4,1189.45,297.3625,18,515,213,71.0,0,1,1
17240.0,404,1,130.6,130.6,7,108,0,-1.0,1,1,1
17241.0,193,12,2744.14,228.6783333333333,116,865,276,24.636363636363637,0,1,1
17242.0,264,3,1754.24,584.7466666666667,27,848,228,113.5,0,0,1
17243.0,44,54,15077.11,279.20574074074074,298,5911,501,8.981132075471699,0,0,1
17244.0,191,4,871.14,217.785,85,803,350,116.66666666666667,0,1,1
17245.0,12,2,371.63,185.815,24,307,484,484.0,0,1,1
17246.0,354,2,38.92,19.46,6,36,191,191.0,0,1,1
17248.0,289,1,227.51,227.51,34,79,0,-1.0,1,0,1
17249.0,236,1,68.03,68.03,27,79,0,-1.0,1,1,1
17250.0,69,1,162.65,162.65,23,70,0,-1.0,1,1,1
17251.0,170,3,812.4300000000001,270.81,65,379,362,181.0,0,1,1
17254.0,209,1,198.29,198.29,36,146,0,-1.0,1,1,1
17255.0,107,3,613.18,204.39333333333332,131,437,146,73.0,0,1,1
17256.0,120,4,386.83,96.7075,18,226,288,95.66666666666667,0,0,1
17257.0,244,2,192.73,96.365,14,188,0,0.0,0,1,1
17258.0,204,2,417.3,208.65,46,188,268,268.0,0,1,1
17259.0,176,5,1667.61,333.522,159,1023,286,71.25,0,0,1
17260.0,219,1,120.95,120.95,6,23,0,-1.0,1,1,1
17261.0,317,1,230.44,230.44,43,98,0,-1.0,1,1,1
17262.0,35,10,2459.62,245.962,10,669,497,55.0,0,1,1
17263.0,16,1,63.440000000000005,63.440000000000005,23,36,0,-1.0,1,1,1
17264.0,232,1,279.59,279.59,70,227,0,-1.0,1,1,1
17266.0,307,2,207.09,103.545,43,91,141,141.0,0,0,1
17268.0,51,9,1246.73,138.52555555555557,24,935,487,60.75,0,0,1
17269.0,193,1,537.46,537.46,110,336,0,-1.0,1,1,1
17270.0,277,2,604.4,302.2,45,421,262,262.0,0,1,1
17271.0,544,1,210.39,210.39,46,117,0,-1.0,1,1,1
17272.0,7,2,1409.44,704.72,59,1161,63,63.0,0,1,1
17273.0,232,1,141.12,141.12,12,133,0,-1.0,1,1,1
17274.0,203,1,465.4,465.4,52,194,0,-1.0,1,1,1
17275.0,191,1,114.52,114.52,23,72,0,-1.0,1,1,1
17276.0,210,1,508.39,508.39,50,189,0,-1.0,1,1,1
17277.0,35,2,1065.3500000000001,532.6750000000001,67,430,95,95.0,0,1,1
17278.0,49,2,271.24,135.62,17,195,323,323.0,0,1,1
17280.0,246,1,118.85999999999999,118.85999999999999,6,74,0,-1.0,1,1,1
17281.0,182,6,797.8499999999999,132.975,2,295,299,59.2,0,1,1
17282.0,107,3,1378.1,459.3666666666666,167,1091,248,124.0,0,0,1
17283.0,186,1,188.46,188.46,15,179,0,-1.0,1,1,1
17284.0,43,4,2069.03,517.2575,225,1480,209,69.33333333333333,0,0,1
17285.0,436,2,428.34,214.17,41,140,34,34.0,0,1,1
17286.0,208,2,241.56,120.78,46,253,0,0.0,0,1,1
17287.0,13,18,3548.19,197.12166666666667,243,1782,530,30.823529411764707,0,0,1
17288.0,15,9,1743.95,193.77222222222224,139,1165,186,22.875,0,1,1
17289.0,184,6,1134.98,189.16333333333333,130,740,265,52.4,0,0,1
17290.0,189,6,976.2,162.70000000000002,96,743,344,68.4,0,1,1
17291.0,116,1,550.8000000000001,550.8000000000001,1,72,0,-1.0,1,1,1
17292.0,280,2,271.75,135.875,14,131,107,107.0,0,1,1
17293.0,116,10,2368.4700000000003,236.84700000000004,91,1397,428,47.0,0,0,1
17294.0,477,2,467.78999999999996,233.89499999999998,17,297,0,0.0,0,1,1
17296.0,538,1,338.13,338.13,32,216,0,-1.0,1,1,1
17298.0,182,3,459.14,153.04666666666665,38,467,267,133.5,0,0,1
17299.0,247,2,346.97,173.485,52,256,41,41.0,0,0,1
17300.0,198,2,393.64,196.82,37,467,90,90.0,0,1,1
17301.0,432,1,132.8,132.8,52,80,0,-1.0,1,1,1
17302.0,16,2,303.12,151.56,35,190,97,97.0,0,0,1
17303.0,169,1,250.04,250.04,53,144,0,-1.0,1,1,1
17304.0,342,1,111.5,111.5,5,73,0,-1.0,1,1,1
17305.0,456,1,2135.46,2135.46,9,1006,0,-1.0,1,1,1
17306.0,12,10,4346.7,434.66999999999996,11,7262,199,21.77777777777778,0,0,1
17307.0,203,11,3999.8900000000003,363.6263636363637,22,3667,293,29.0,0,1,1
17308.0,201,2,4511.76,2255.88,5,5148,59,59.0,0,1,1
17309.0,189,2,247.84,123.92,22,152,291,291.0,0,0,1
17310.0,195,2,1025.1,512.55,1,402,147,147.0,0,1,1
17311.0,124,5,2738.17,547.634,93,2160,357,88.75,0,0,1
17314.0,64,12,3163.51,263.62583333333333,117,2147,479,43.09090909090909,0,0,1
17315.0,9,24,5998.13,249.92208333333335,314,2921,236,9.869565217391305,0,0,1
17316.0,228,1,124.45,124.45,35,44,0,-1.0,1,1,1
17318.0,533,1,164.28,164.28,17,60,0,-1.0,1,1,1
17319.0,477,1,29.1,29.1,3,14,0,-1.0,1,1,1
17320.0,44,5,2605.25,521.05,67,1224,450,112.0,0,0,1
17321.0,202,4,1040.32,260.08,159,444,183,60.666666666666664,0,1,1
17322.0,184,5,922.59,184.518,115,631,360,89.75,0,1,1
17323.0,23,7,941.89,134.5557142857143,121,923,483,80.16666666666667,0,0,1
17324.0,139,10,2013.87,201.387,85,1299,389,42.888888888888886,0,1,1
17325.0,88,3,609.5699999999999,203.18999999999997,39,465,361,180.0,0,1,1
17326.0,216,2,321.95,160.975,82,140,121,121.0,0,1,1
17327.0,217,2,152.35,76.175,3,59,152,152.0,0,1,1
17328.0,481,1,104.7,104.7,6,86,0,-1.0,1,1,1
17329.0,123,4,724.6800000000001,181.17000000000002,73,357,420,140.0,0,1,1
17330.0,352,2,59.900000000000006,29.950000000000003,2,2,103,103.0,0,1,1
17332.0,336,5,838.27,167.654,82,794,128,31.5,0,1,1
17334.0,110,3,635.15,211.71666666666667,20,566,104,51.5,0,1,1
17335.0,191,2,508.0,254.0,34,216,300,300.0,0,1,1
17336.0,280,1,81.12,81.12,1,48,0,-1.0,1,1,1
17337.0,19,3,1994.92,664.9733333333334,421,1244,99,49.0,0,0,1
17338.0,13,14,9141.89,652.9921428571428,478,4346,433,32.92307692307692,0,0,1
17339.0,173,2,179.0,89.5,5,52,144,144.0,0,0,1
17340.0,0,11,15854.34,1441.3036363636363,244,8441,470,46.6,0,0,1
17341.0,174,3,1622.07,540.6899999999999,180,971,173,86.5,0,0,1
17342.0,187,4,1227.54,306.885,31,521,290,96.0,0,1,1
17343.0,163,6,1259.94,209.99,61,454,380,75.8,0,1,1
17344.0,536,1,307.54,307.54,36,147,0,-1.0,1,1,1
17345.0,4,8,1195.27,149.40875,128,1729,541,77.14285714285714,0,0,1
17346.0,12,16,3445.58,215.34875,349,2489,395,25.866666666666667,0,0,1
17348.0,105,5,1477.04,295.408,206,1591,341,85.0,0,1,1
17349.0,188,4,741.5,185.375,66,728,251,83.0,0,0,1
17350.0,202,3,619.971,206.657,65,421,282,140.5,0,1,1
17351.0,81,10,1599.68,159.96800000000002,30,298,455,50.22222222222222,0,0,1
17352.0,504,1,36.25,36.25,5,15,0,-1.0,1,1,1
17353.0,299,2,1502.0,751.0,6,968,132,132.0,0,0,1
17354.0,236,3,1750.3999999999999,583.4666666666666,73,1529,0,0.0,0,1,1
17355.0,194,1,285.11,285.11,28,257,0,-1.0,1,1,1
17356.0,119,5,946.47,189.294,73,925,376,93.75,0,1,1
17358.0,111,5,866.05,173.20999999999998,126,442,350,87.25,0,1,1
17359.0,456,1,156.6,156.6,23,76,0,-1.0,1,1,1
17360.0,193,3,645.59,215.1966666666667,90,301,48,24.0,0,0,1
17361.0,99,3,437.44,145.81333333333333,27,238,384,192.0,0,0,1
17362.0,47,7,1024.04,146.29142857142855,99,549,463,76.66666666666667,0,1,1
17363.0,203,3,940.86,313.62,34,523,6,3.0,0,1,1
17364.0,12,22,9691.09,440.5040909090909,387,6059,527,24.61904761904762,0,0,1
17365.0,7,11,5320.61,483.6918181818182,311,5287,476,47.2,0,0,1
17366.0,240,2,1096.24,548.12,120,510,23,23.0,0,1,1
17367.0,46,1,168.4,168.4,33,150,0,-1.0,1,1,1
17368.0,67,9,1802.39,200.26555555555558,139,2033,464,57.625,0,0,1
17369.0,263,1,979.1999999999999,979.1999999999999,1,1152,0,-1.0,1,1,1
17371.0,169,4,336.29,84.0725,62,171,370,123.33333333333333,0,1,1
17372.0,51,24,3780.18,157.5075,352,1542,492,20.91304347826087,0,0,1
17373.0,120,4,665.83,166.4575,44,419,336,111.66666666666667,0,0,1
17374.0,26,3,727.11,242.37,34,155,176,87.5,0,1,1
17375.0,7,4,660.55,165.1375,77,480,232,77.0,0,1,1
17376.0,119,3,356.29,118.76333333333334,37,193,211,105.0,0,1,1
17377.0,63,65,15816.11,243.32476923076925,428,6176,481,7.03125,0,0,1
17378.0,182,1,10.95,10.95,1,1,0,-1.0,1,1,1
17380.0,242,3,645.0,215.0,5,252,100,49.5,0,1,1
17381.0,11,25,33544.89,1341.7956,49,36633,344,13.833333333333334,0,0,1
17382.0,243,7,836.88,119.55428571428571,14,432,133,22.0,0,1,1
17383.0,261,1,110.69999999999999,110.69999999999999,2,12,0,-1.0,1,1,1
17384.0,27,2,398.8,199.4,7,76,248,248.0,0,1,1
17386.0,193,1,126.35000000000001,126.35000000000001,10,53,0,-1.0,1,0,1
17388.0,19,9,2195.21,243.91222222222223,29,2219,518,64.25,0,0,1
17389.0,7,40,30370.92,759.2729999999999,57,11468,536,13.384615384615385,0,0,1
17390.0,228,1,149.3,149.3,12,49,0,-1.0,1,1,1
17392.0,114,3,626.56,208.85333333333332,66,493,143,71.5,0,1,1
17393.0,218,2,381.15,190.575,45,238,77,77.0,0,1,1
17394.0,27,1,203.86999999999998,203.86999999999998,4,241,0,-1.0,1,1,1
17395.0,316,1,97.5,97.5,3,66,0,-1.0,1,1,1
17396.0,179,7,1873.8,267.68571428571425,11,520,69,11.0,0,0,1
17397.0,224,1,536.77,536.77,44,443,0,-1.0,1,1,1
17398.0,18,2,528.45,264.225,26,259,44,44.0,0,0,1
17400.0,18,7,3859.61,551.3728571428571,278,1705,512,85.0,0,0,1
17401.0,349,1,114.85,114.85,11,34,0,-1.0,1,1,1
17402.0,41,14,3246.7,231.90714285714284,100,1044,489,37.23076923076923,0,0,1
17403.0,258,1,118.95,118.95,13,77,0,-1.0,1,1,1
17404.0,19,14,29727.92,2123.422857142857,84,32783,490,37.0,0,0,0
17406.0,141,13,4905.05,377.3115384615385,155,2124,400,32.75,0,1,1
17407.0,219,1,552.9,552.9,23,426,0,-1.0,1,1,1
17408.0,308,2,283.44000000000005,141.72000000000003,6,160,13,13.0,0,0,1
17409.0,56,9,7282.21,809.1344444444444,42,4025,480,59.75,0,0,1
17410.0,23,1,302.4,302.4,15,100,0,-1.0,1,0,1
17411.0,69,3,932.02,310.67333333333335,46,428,475,237.0,0,0,1
17412.0,4,13,3869.28,297.6369230769231,143,2224,541,44.666666666666664,0,1,1
17413.0,212,2,560.14,280.07,10,302,165,165.0,0,1,1
17414.0,231,4,1471.52,367.88,6,4156,313,103.66666666666667,0,0,1
17416.0,5,18,13853.04,769.6133333333333,279,6490,527,30.764705882352942,0,0,1
17417.0,356,1,164.18,164.18,16,76,0,-1.0,1,1,1
17418.0,131,2,373.99,186.995,24,371,63,63.0,0,1,1
17419.0,57,13,4319.75,332.28846153846155,140,2183,433,35.666666666666664,0,0,1
17420.0,181,4,616.45,154.1125,24,287,27,9.0,0,0,1
17421.0,194,3,1059.41,353.1366666666667,46,807,349,174.0,0,1,1
17422.0,28,7,2243.46,320.4942857142857,95,1632,314,52.0,0,0,1
17423.0,25,2,869.96,434.98,28,645,175,175.0,0,1,1
17426.0,90,8,4234.39,529.29875,151,2639,378,53.857142857142854,0,0,1
17428.0,20,30,21851.73,728.391,330,12800,525,17.82758620689655,0,0,1
17429.0,26,3,1019.4,339.8,67,918,210,105.0,0,0,1
17430.0,173,3,582.01,194.00333333333333,24,385,114,56.5,0,1,1
17431.0,121,1,403.3,403.3,41,292,0,-1.0,1,1,1
17432.0,193,7,1385.6299999999999,197.94714285714284,174,809,350,58.0,0,1,1
17433.0,193,1,266.8,266.8,39,120,0,-1.0,1,0,1
17435.0,219,1,331.35,331.35,15,195,0,-1.0,1,1,1
17436.0,34,4,440.15999999999997,110.03999999999999,5,136,505,168.0,0,1,1
17437.0,337,1,373.17,373.17,52,284,0,-1.0,1,1,1
17438.0,61,5,1422.77,284.554,49,553,387,96.5,0,1,1
17439.0,463,1,325.74,325.74,8,370,0,-1.0,1,1,1
17440.0,55,3,261.78,87.25999999999999,4,198,301,150.5,0,0,1
17441.0,540,1,293.35,293.35,21,245,0,-1.0,1,1,1
17442.0,28,11,3186.57,289.6881818181818,145,2170,441,43.7,0,0,1
17443.0,27,1,534.24,534.24,1,504,0,-1.0,1,1,0
17446.0,118,1,68.10000000000001,68.10000000000001,5,102,0,-1.0,1,0,1
17448.0,305,46,14556.97,316.45586956521737,569,11548,147,3.0444444444444443,0,1,1
17449.0,42,9,3752.98,416.9977777777778,236,2019,496,61.5,0,0,1
17450.0,0,19,108182.56,5693.818947368421,95,34655,245,13.277777777777779,0,0,1
17454.0,0,10,1547.94,154.794,98,727,500,55.333333333333336,0,1,1
17455.0,11,1,131.7,131.7,8,66,0,-1.0,1,1,1
17456.0,173,2,1225.42,612.71,59,730,90,90.0,0,1,1
17457.0,12,13,5644.75,434.21153846153845,23,2541,527,40.07692307692308,0,0,1
17458.0,189,1,213.08,213.08,32,112,0,-1.0,1,1,1
17460.0,33,15,2068.42,137.89466666666667,90,921,460,32.357142857142854,0,0,1
17462.0,92,1,463.40999999999997,463.40999999999997,14,155,0,-1.0,1,1,1
17463.0,41,4,1605.26,401.315,169,921,355,118.0,0,0,1
17464.0,330,2,710.98,355.49,28,432,97,97.0,0,0,1
17465.0,233,7,2542.79,363.2557142857143,103,1477,310,51.333333333333336,0,1,1
17467.0,203,1,102.6,102.6,4,20,0,-1.0,1,1,1
17468.0,183,1,57.8,57.8,3,68,0,-1.0,1,1,1
17469.0,12,13,3485.64,268.12615384615384,137,1647,518,42.833333333333336,0,0,1
17470.0,25,9,2302.91,255.87888888888887,89,2051,290,35.75,0,0,1
17471.0,282,1,321.65000000000003,321.65000000000003,19,153,0,-1.0,1,1,1
17472.0,96,3,675.83,225.27666666666667,137,389,340,170.0,0,0,1
17473.0,216,2,607.0,303.5,33,270,47,47.0,0,1,1
17474.0,407,1,1047.0,1047.0,6,200,0,-1.0,1,1,1
17476.0,203,2,489.86,244.93,29,224,341,341.0,0,1,1
17477.0,420,2,1144.3,572.15,44,225,34,34.0,0,1,1
17478.0,216,2,1272.8,636.4,40,516,225,225.0,0,1,1
17479.0,440,1,389.26000000000005,389.26000000000005,18,266,0,-1.0,1,1,1
17480.0,252,1,390.21,390.21,24,255,0,-1.0,1,0,1
17482.0,295,2,778.19,389.095,50,241,91,91.0,0,1,1
17483.0,222,1,177.69,177.69,7,74,0,-1.0,1,0,1
17484.0,384,2,209.57,104.785,14,339,47,47.0,0,1,1
17486.0,69,1,396.87,396.87,24,191,0,-1.0,1,1,1
17487.0,536,1,160.55,160.55,8,37,0,-1.0,1,1,1
17488.0,449,1,336.5,336.5,18,136,0,-1.0,1,1,1
17489.0,20,1,208.56,208.56,16,232,0,-1.0,1,1,1
17490.0,196,2,658.18,329.09,37,397,181,181.0,0,0,1
17491.0,68,10,3612.06,361.206,70,2486,329,36.111111111111114,0,0,1
17492.0,56,3,1122.42,374.14000000000004,32,450,270,135.0,0,1,1
17493.0,193,1,100.91000000000001,100.91000000000001,8,62,0,-1.0,1,1,1
17494.0,309,1,54.699999999999996,54.699999999999996,3,26,0,-1.0,1,1,1
17495.0,198,1,309.16,309.16,21,138,0,-1.0,1,1,1
17496.0,166,4,1412.89,353.2225,54,675,335,111.33333333333333,0,1,1
17497.0,198,2,287.25,143.625,7,59,220,220.0,0,1,1
17499.0,97,2,1341.39,670.695,66,1086,271,271.0,0,1,1
17501.0,28,2,288.6,144.3,18,160,0,0.0,0,1,1
17504.0,14,18,9565.12,531.3955555555556,244,5517,463,26.88235294117647,0,1,1
17505.0,13,4,1776.63,444.1575,65,955,399,132.66666666666666,0,0,1
17507.0,69,2,605.58,302.79,79,359,47,47.0,0,1,1
17508.0,88,8,4579.23,572.40375,199,2891,451,64.0,0,1,0
17510.0,228,1,206.07999999999998,206.07999999999998,15,208,0,-1.0,1,1,1
17511.0,14,44,120291.57,2733.899318181818,502,79943,531,11.545454545454545,0,0,1
17512.0,8,14,3845.25,274.6607142857143,80,3923,528,40.30769230769231,0,0,1
17513.0,216,2,645.6,322.8,12,186,70,70.0,0,0,1
17514.0,477,1,334.18,334.18,41,160,0,-1.0,1,0,1
17515.0,14,8,1549.81,193.72625,90,505,344,48.714285714285715,0,1,1
17516.0,25,4,644.68,161.17,115,420,161,53.333333333333336,0,0,1
17517.0,116,1,153.94,153.94,11,102,0,-1.0,1,1,1
17518.0,233,2,329.42,164.71,71,267,195,195.0,0,1,1
17519.0,14,12,4221.05,351.75416666666666,124,2744,532,47.90909090909091,0,0,1
17521.0,7,3,714.41,238.13666666666666,37,403,235,117.0,0,1,1
17522.0,14,2,248.42,124.21,11,210,11,11.0,0,0,1
17524.0,169,3,539.14,179.71333333333334,37,362,76,38.0,0,1,1
17525.0,167,3,1161.9,387.3,19,338,69,34.5,0,1,1
17526.0,98,11,3842.94,349.35818181818183,61,1312,431,42.7,0,1,1
17527.0,26,1,292.11,292.11,7,57,0,-1.0,1,0,1
17529.0,418,2,1240.25,620.125,78,790,87,87.0,0,1,1
17530.0,14,8,2124.37,265.54625,271,1235,527,65.625,0,0,1
17531.0,335,2,970.12,485.06,43,336,90,90.0,0,0,1
17532.0,193,1,65.34,65.34,4,30,0,-1.0,1,1,1
17533.0,242,1,34.8,34.8,1,24,0,-1.0,1,1,1
17534.0,259,4,1445.47,361.3675,69,757,200,66.66666666666667,0,1,1
17535.0,88,1,164.4,164.4,13,136,0,-1.0,1,1,1
17536.0,228,2,288.33,144.165,13,195,262,262.0,0,0,1
17537.0,111,1,630.7,630.7,60,370,0,-1.0,1,1,1
17539.0,425,4,1226.57,306.6425,132,747,108,35.666666666666664,0,1,1
17540.0,124,5,1280.5,256.1,35,458,283,70.5,0,1,1
17541.0,317,1,124.46,124.46,31,46,0,-1.0,1,1,1
17542.0,77,3,341.7,113.89999999999999,57,324,371,185.5,0,1,1
17543.0,357,1,120.05,120.05,13,62,0,-1.0,1,1,1
17544.0,198,3,960.69,320.23,80,439,0,0.0,0,1,1
17545.0,198,3,802.58,267.5266666666667,112,392,187,93.5,0,1,1
17547.0,183,2,727.85,363.925,22,223,289,289.0,0,1,1
17548.0,41,4,731.26,182.815,22,494,162,53.666666666666664,0,1,1
17550.0,5,9,2547.64,283.0711111111111,250,989,472,58.625,0,1,1
17551.0,167,1,306.84,306.84,39,150,0,-1.0,1,1,1
17552.0,180,10,2453.4,245.34,64,1520,255,28.22222222222222,0,1,1
17553.0,280,3,2270.0,756.6666666666666,2,1240,138,69.0,0,0,1
17555.0,142,4,769.93,192.4825,174,554,251,83.33333333333333,0,1,1
17556.0,13,2,300.67,150.335,13,184,173,173.0,0,1,1
17557.0,540,1,34.0,34.0,1,4,0,-1.0,1,0,1
17558.0,201,1,259.17,259.17,28,54,0,-1.0,1,1,1
17559.0,320,1,167.62,167.62,12,270,0,-1.0,1,1,1
17560.0,12,6,1526.9,254.48333333333335,33,1232,456,90.6,0,0,1
17561.0,198,3,554.72,184.90666666666667,129,250,342,170.5,0,1,1
17563.0,386,2,392.38,196.19,27,256,33,33.0,0,1,1
17565.0,394,1,131.83,131.83,30,67,0,-1.0,1,1,1
17567.0,41,5,2898.52,579.704,99,1529,208,51.5,0,0,1
17568.0,441,1,382.79,382.79,61,283,0,-1.0,1,1,1
17569.0,140,1,344.14,344.14,29,159,0,-1.0,1,1,1
17570.0,189,1,100.0,100.0,1,1,0,-1.0,1,1,1
17571.0,85,3,565.1899999999999,188.39666666666665,95,365,264,132.0,0,0,1
17572.0,46,8,648.46,81.0575,14,312,486,69.0,0,0,1
17574.0,50,1,185.65,185.65,8,77,0,-1.0,1,1,1
17575.0,475,1,171.7,171.7,5,72,0,-1.0,1,1,1
17576.0,22,31,6874.16,221.74709677419355,305,3610,521,16.966666666666665,0,0,1
17577.0,453,2,348.75,174.375,20,179,23,23.0,0,1,1
17578.0,26,7,1047.33,149.6185714285714,57,529,311,51.5,0,1,1
17579.0,386,1,304.38,304.38,43,117,0,-1.0,1,0,1
17580.0,60,5,545.27,109.054,78,224,169,41.75,0,1,1
17581.0,21,28,11132.27,397.5810714285714,291,5624,523,19.074074074074073,0,0,1
17582.0,44,5,1450.7,290.14,92,606,387,96.25,0,1,1
17583.0,368,1,135.95,135.95,7,55,0,-1.0,1,1,1
17584.0,275,4,4067.12,1016.78,73,2006,216,71.66666666666667,0,0,1
17585.0,71,5,1481.76,296.352,206,1521,214,53.5,0,0,1
17586.0,427,1,167.4,167.4,8,68,0,-1.0,1,1,1
17587.0,436,1,181.66,181.66,42,68,0,-1.0,1,1,1
17588.0,40,5,2096.55,419.31000000000006,30,759,404,100.75,0,0,1
17589.0,48,15,12236.47,815.7646666666666,543,7603,401,28.285714285714285,0,0,1
17591.0,11,6,2200.27,366.71166666666664,93,989,487,97.0,0,0,1
17592.0,546,1,148.3,148.3,13,38,0,-1.0,1,1,1
17593.0,160,7,4831.36,690.1942857142857,163,2880,382,63.333333333333336,0,0,1
17594.0,62,3,1819.7,606.5666666666667,52,1038,350,174.5,0,0,1
17596.0,56,8,2839.65,354.95625,186,4478,475,67.57142857142857,0,0,1
17597.0,21,5,3484.09,696.818,109,2215,369,91.75,0,1,1
17598.0,189,1,409.98,409.98,10,126,0,-1.0,1,1,1
17599.0,285,1,52.05,52.05,3,11,0,-1.0,1,1,1
17601.0,47,2,421.48,210.74,69,299,141,141.0,0,1,1
17602.0,132,9,3115.21,346.13444444444445,270,2584,294,32.333333333333336,0,0,1
17603.0,425,3,1398.76,466.25333333333333,93,566,112,55.5,0,0,1
17604.0,25,6,945.9300000000001,157.655,142,616,464,92.0,0,1,1
17605.0,398,1,160.75,160.75,13,71,0,-1.0,1,1,1
17606.0,545,1,87.30000000000001,87.30000000000001,6,42,0,-1.0,1,1,1
17607.0,184,1,333.81,333.81,22,269,0,-1.0,1,1,1
17608.0,257,2,305.11,152.555,90,307,158,158.0,0,1,1
17609.0,110,8,1319.81,164.97625,231,873,307,43.42857142857143,0,0,1
17610.0,348,5,1529.49,305.898,114,902,193,48.0,0,1,1
17611.0,9,19,6409.7,337.35263157894735,637,4217,537,29.333333333333332,0,0,1
17612.0,22,14,4012.16,286.5828571428571,157,2200,508,38.69230769230769,0,0,1
17613.0,2,7,2527.01,361.0014285714286,163,1466,111,18.0,0,0,1
17615.0,11,5,675.9,135.18,44,356,281,69.75,0,0,1
17616.0,62,3,897.5999999999999,299.2,1,352,196,97.5,0,0,1
17617.0,366,1,395.33,395.33,18,255,0,-1.0,1,1,1
17618.0,56,10,3768.44,376.844,196,1736,436,48.0,0,1,1
17619.0,120,1,218.52,218.52,71,127,0,-1.0,1,1,1
17621.0,120,5,2697.0,539.4,52,906,119,29.25,0,1,1
17622.0,405,2,1130.21,565.105,19,379,0,0.0,0,1,1
17623.0,217,6,1856.6200000000001,309.43666666666667,108,536,315,62.8,0,1,1
17624.0,26,3,1125.45,375.15000000000003,71,716,501,250.5,0,1,1
17625.0,65,5,4570.4800000000005,914.0960000000001,343,2735,467,116.25,0,0,1
17626.0,410,1,254.0,254.0,18,202,0,-1.0,1,1,1
17627.0,286,1,296.36,296.36,10,676,0,-1.0,1,1,1
17629.0,22,5,1247.59,249.51799999999997,78,718,206,51.5,0,0,1
17630.0,40,1,335.5,335.5,19,112,0,-1.0,1,0,1
17631.0,40,5,772.71,154.542,49,349,497,124.0,0,0,1
17633.0,187,3,732.55,244.1833333333333,29,255,9,4.5,0,0,1
17634.0,20,5,1814.67,362.934,131,457,124,30.75,0,0,1
17635.0,232,3,1265.58,421.85999999999996,60,770,166,82.5,0,1,1
17638.0,455,2,842.4,421.2,2,432,74,74.0,0,1,1
17639.0,84,6,615.17,102.52833333333332,59,576,207,41.0,0,1,1
17640.0,187,5,2547.28,509.456,47,1442,247,61.5,0,0,1
17642.0,237,3,1112.2,370.73333333333335,58,1001,304,152.0,0,0,1
17643.0,181,2,541.25,270.625,30,297,132,132.0,0,1,1
17644.0,11,12,4054.73,337.89416666666665,117,2188,458,41.18181818181818,0,0,1
17646.0,27,12,4149.79,345.81583333333333,124,1418,504,45.36363636363637,0,1,1
17647.0,477,2,198.6,99.3,5,52,0,0.0,0,1,1
17648.0,0,4,1526.26,381.565,96,756,192,64.0,0,1,1
17649.0,277,2,710.4,355.2,45,324,2,2.0,0,0,1
17651.0,306,6,1758.52,293.08666666666664,84,974,28,5.4,0,0,1
17652.0,41,2,632.24,316.12,29,410,47,47.0,0,0,1
17654.0,85,1,117.55,117.55,22,41,0,-1.0,1,1,1
17655.0,18,6,2616.2400000000002,436.04,57,1154,206,40.6,0,0,1
17657.0,238,1,126.0,126.0,7,60,0,-1.0,1,1,1
17658.0,19,1,317.59999999999997,317.59999999999997,9,216,0,-1.0,1,1,1
17659.0,7,6,1905.57,317.59499999999997,70,855,186,37.0,0,0,1
17660.0,545,1,163.47,163.47,42,138,0,-1.0,1,0,1
17662.0,469,2,412.92,206.46,14,184,60,60.0,0,1,1
17663.0,6,13,4163.7300000000005,320.28692307692313,125,1845,447,36.916666666666664,0,0,1
17664.0,20,3,887.78,295.9266666666667,51,863,407,203.5,0,1,1
17665.0,301,1,563.1,563.1,19,690,0,-1.0,1,1,1
17666.0,285,3,1319.6399999999999,439.87999999999994,17,956,50,24.5,0,1,1
17667.0,19,7,3251.86,464.5514285714286,135,1880,443,73.33333333333333,0,0,1
17669.0,18,6,4346.63,724.4383333333334,70,2481,406,80.6,0,0,1
17670.0,35,1,205.7,205.7,11,110,0,-1.0,1,1,1
17671.0,19,3,1617.36,539.12,40,716,164,82.0,0,0,1
17672.0,117,6,3778.3,629.7166666666667,128,1711,372,74.0,0,1,1
17673.0,74,9,3384.52,376.0577777777778,176,2606,363,45.0,0,0,1
17674.0,176,1,601.32,601.32,11,698,0,-1.0,1,0,1
17675.0,12,51,25391.47,497.8719607843137,215,10922,524,10.1,0,0,1
17676.0,174,5,1678.8600000000001,335.77200000000005,57,1158,253,63.0,0,0,1
17677.0,20,35,26592.61,759.7888571428572,279,15888,511,14.735294117647058,0,0,1
17678.0,71,2,599.76,299.88,27,368,339,339.0,0,1,1
17679.0,329,5,1585.5,317.1,41,1026,214,53.25,0,0,1
17680.0,191,2,313.05,156.525,9,59,127,127.0,0,1,1
17681.0,405,5,731.2,146.24,12,450,96,23.75,0,1,1
17682.0,0,8,3089.86,386.2325,73,1699,448,63.714285714285715,0,0,1
17683.0,193,3,819.01,273.00333333333333,41,781,168,83.5,0,1,1
17685.0,74,10,4264.36,426.436,81,2786,399,44.0,0,0,1
17686.0,8,6,5594.1,932.35,209,2328,333,66.4,0,0,1
17687.0,228,1,432.68,432.68,26,210,0,-1.0,1,1,1
17688.0,201,1,304.2,304.2,19,114,0,-1.0,1,1,1
17689.0,196,2,317.08,158.54,17,300,85,85.0,0,1,1
17690.0,9,13,4822.45,370.9576923076923,168,2098,473,39.0,0,0,1
17691.0,166,4,780.0500000000001,195.01250000000002,37,373,188,62.333333333333336,0,1,1
17692.0,34,11,2858.32,259.84727272727275,88,2230,313,30.8,0,0,1
17694.0,319,2,1412.85,706.425,45,1309,51,51.0,0,0,1
17695.0,202,3,980.7,326.90000000000003,20,1030,286,143.0,0,0,1
17696.0,85,22,5887.72,267.62363636363636,160,4524,451,21.047619047619047,0,0,1
17697.0,44,1,338.95,338.95,19,93,0,-1.0,1,1,1
17698.0,68,1,154.95,154.95,8,93,0,-1.0,1,1,1
17699.0,284,2,442.0,221.0,17,208,84,84.0,0,1,1
17700.0,21,12,5270.9,439.2416666666666,211,2702,525,47.36363636363637,0,0,1
17701.0,60,1,417.95,417.95,24,109,0,-1.0,1,1,1
17702.0,14,3,1759.47,586.49,96,1284,194,97.0,0,0,1
17703.0,226,1,296.1,296.1,23,307,0,-1.0,1,0,1
17704.0,47,1,387.29,387.29,16,175,0,-1.0,1,0,1
17705.0,23,5,617.68,123.53599999999999,37,567,361,89.75,0,0,1
17706.0,97,18,11134.34,618.5744444444445,290,4577,399,23.11764705882353,0,0,1
17707.0,144,7,540.6,77.22857142857143,9,480,396,65.5,0,0,1
17708.0,132,3,731.45,243.8166666666667,55,330,98,49.0,0,0,1
17709.0,278,4,533.56,133.39,31,278,132,43.666666666666664,0,0,1
17710.0,231,1,293.5,293.5,20,158,0,-1.0,1,1,1
17711.0,97,1,220.53000000000003,220.53000000000003,13,107,0,-1.0,1,1,1
17713.0,190,4,1198.09,299.5225,55,989,166,55.333333333333336,0,1,1
17714.0,128,5,1410.18,282.036,69,608,192,48.0,0,1,1
17715.0,8,2,489.59999999999997,244.79999999999998,1,576,392,392.0,0,1,1
17716.0,57,15,11752.6,783.5066666666667,261,6568,487,34.357142857142854,0,0,1
17717.0,229,1,376.92,376.92,26,344,0,-1.0,1,1,1
17718.0,40,2,439.18,219.59,22,274,412,412.0,0,1,1
17719.0,7,4,1665.61,416.4025,64,1179,56,18.0,0,0,1
17720.0,33,8,2105.35,263.16875,69,1239,353,50.0,0,0,1
17721.0,467,1,307.21000000000004,307.21000000000004,11,107,0,-1.0,1,1,1
17722.0,132,3,3749.9,1249.9666666666667,126,2675,51,25.0,0,0,1
17723.0,8,3,848.8000000000001,282.93333333333334,6,304,175,87.0,0,0,1
17725.0,0,4,1269.63,317.4075,53,685,74,24.333333333333332,0,0,1
17726.0,203,7,1092.06,156.00857142857143,52,444,286,47.5,0,1,1
17728.0,212,2,1362.75,681.375,79,677,49,49.0,0,0,1
17729.0,404,1,438.65000000000003,438.65000000000003,23,247,0,-1.0,1,1,1
17730.0,41,11,3920.71,356.4281818181818,108,2620,355,35.1,0,0,1
17731.0,429,2,468.88,234.44,30,214,47,47.0,0,0,1
17732.0,180,8,2470.39,308.79875,90,1151,115,16.142857142857142,0,1,1
17733.0,69,1,216.95000000000002,216.95000000000002,12,87,0,-1.0,1,1,1
17734.0,41,4,854.67,213.6675,49,385,408,135.66666666666666,0,0,1
17735.0,26,15,9153.92,610.2613333333334,285,5695,279,19.285714285714285,0,0,1
17738.0,90,10,3084.43,308.443,139,2039,348,38.44444444444444,0,0,1
17739.0,4,14,6010.01,429.2864285714286,47,1885,535,40.92307692307692,0,1,1
17740.0,197,6,426.9,71.14999999999999,5,222,308,61.2,0,1,1
17741.0,214,2,101.1,50.55,6,114,153,153.0,0,1,1
17742.0,140,10,2045.94,204.594,52,635,405,44.55555555555556,0,0,1
17743.0,256,1,229.2,229.2,3,96,0,-1.0,1,1,1
17744.0,58,5,1615.7,323.14,63,2100,130,32.25,0,1,1
17745.0,285,2,600.34,300.17,27,164,78,78.0,0,1,1
17746.0,48,4,904.1800000000001,226.04500000000002,32,688,370,123.33333333333333,0,1,1
17748.0,335,1,358.15,358.15,17,111,0,-1.0,1,1,1
17749.0,64,2,720.67,360.335,41,383,289,289.0,0,0,1
17751.0,229,1,157.85999999999999,157.85999999999999,31,147,0,-1.0,1,1,1
17752.0,167,1,80.64,80.64,1,192,0,-1.0,1,1,1
17753.0,272,4,390.56,97.64,63,128,238,79.0,0,1,1
17754.0,68,9,3069.51,341.0566666666667,137,2920,467,58.125,0,0,1
17756.0,183,3,733.7,244.5666666666667,54,400,18,8.5,0,1,1
17757.0,11,40,6136.06,153.4015,287,3141,492,12.153846153846153,0,0,1
17758.0,16,7,2610.66,372.95142857142855,230,1810,360,51.142857142857146,0,0,1
17759.0,201,2,441.92,220.96,41,268,190,190.0,0,0,1
17760.0,181,5,803.88,160.776,44,622,276,68.75,0,1,1
17762.0,264,1,129.75,129.75,16,129,0,-1.0,1,1,1
17763.0,71,4,86.15,21.5375,11,41,395,131.66666666666666,0,1,1
17764.0,19,4,1066.79,266.6975,76,482,525,174.66666666666666,0,1,1
17765.0,18,3,421.47,140.49,60,157,237,118.5,0,0,1
17766.0,189,2,299.61,149.805,21,155,0,0.0,0,1,1
17767.0,218,1,141.85,141.85,18,70,0,-1.0,1,1,1
17768.0,195,4,1236.33,309.0825,69,1247,350,116.33333333333333,0,0,1
17769.0,86,9,3989.86,443.3177777777778,242,1859,411,50.75,0,0,1
17770.0,6,5,1143.27,228.654,33,365,83,20.5,0,1,1
17771.0,131,3,257.4,85.8,36,196,266,132.5,0,1,1
17772.0,200,1,202.0,202.0,45,64,0,-1.0,1,1,1
17773.0,322,2,585.27,292.635,48,260,175,175.0,0,1,1
17774.0,57,7,2697.63,385.3757142857143,241,1309,419,69.33333333333333,0,0,1
17775.0,62,1,56.4,56.4,3,72,0,-1.0,1,1,1
17776.0,194,2,338.56,169.28,74,277,336,336.0,0,1,1
17778.0,469,1,197.70000000000002,197.70000000000002,10,214,0,-1.0,1,1,1
17780.0,475,3,352.91,117.63666666666667,76,158,17,8.5,0,1,1
17781.0,61,1,102.0,102.0,2,8,0,-1.0,1,0,1
17782.0,190,2,679.02,339.51,29,538,0,0.0,0,1,1
17783.0,55,2,208.85,104.425,54,138,264,264.0,0,0,1
17784.0,358,1,112.86,112.86,19,72,0,-1.0,1,1,1
17785.0,253,2,271.44,135.72,38,160,120,120.0,0,1,1
17786.0,125,1,114.85,114.85,24,56,0,-1.0,1,0,1
17787.0,112,3,2452.45,817.4833333333332,87,1199,66,32.5,0,0,1
17789.0,89,2,397.15,198.575,27,199,379,379.0,0,1,1
17790.0,6,15,1715.07,114.338,120,930,345,24.214285714285715,0,0,1
17792.0,275,2,370.05,185.025,45,151,11,11.0,0,1,1
17794.0,494,2,147.3,73.65,7,46,1,1.0,0,1,1
17795.0,72,1,163.25,163.25,15,191,0,-1.0,1,0,1
17796.0,121,6,1286.09,214.34833333333333,147,361,107,21.2,0,1,1
17797.0,203,5,1205.44,241.08800000000002,131,592,329,81.75,0,0,1
17798.0,389,1,183.09,183.09,43,142,0,-1.0,1,1,1
17799.0,50,16,4674.29,292.143125,398,2702,484,29.8125,0,0,1
17800.0,25,3,354.85,118.28333333333335,18,222,116,58.0,0,0,1
17801.0,259,3,798.3299999999999,266.10999999999996,66,838,240,120.0,0,1,1
17802.0,180,8,3868.28,483.535,246,2109,354,50.285714285714285,0,0,1
17803.0,200,1,184.66,184.66,27,98,0,-1.0,1,1,1
17804.0,184,3,385.23,128.41,82,195,362,181.0,0,1,1
17805.0,418,1,414.72,414.72,1,648,0,-1.0,1,0,1
17807.0,203,3,437.87,145.95666666666668,88,262,309,154.5,0,1,1
17808.0,356,4,262.64,65.66,29,143,32,10.0,0,1,1
17809.0,25,14,8576.18,612.5842857142858,32,1878,519,39.53846153846154,0,0,1
17810.0,476,2,374.81,187.405,51,119,15,15.0,0,1,1
17811.0,7,25,5690.55,227.622,435,2895,245,9.666666666666666,0,0,1
17812.0,176,4,651.28,162.82,79,406,162,53.333333333333336,0,1,1
17814.0,183,2,1617.32,808.66,112,1440,47,47.0,0,1,1
17815.0,201,1,591.96,591.96,13,612,0,-1.0,1,1,1
17816.0,77,4,97.07,24.2675,36,88,454,151.33333333333334,0,1,1
17817.0,85,5,689.87,137.974,97,324,145,36.0,0,1,1
17818.0,545,1,130.18,130.18,42,90,0,-1.0,1,1,1
17819.0,2,10,5776.67,577.667,65,1694,531,58.55555555555556,0,0,1
17820.0,182,1,183.56,183.56,39,112,0,-1.0,1,1,1
17821.0,214,1,334.62,334.62,6,162,0,-1.0,1,1,1
17822.0,228,5,2188.5,437.7,152,1389,140,35.0,0,1,1
17823.0,229,2,494.25,247.125,88,262,0,0.0,0,1,1
17825.0,406,4,731.96,182.99,24,540,126,42.0,0,1,1
17826.0,182,1,134.59,134.59,33,85,0,-1.0,1,1,1
17827.0,50,5,1976.4,395.28000000000003,191,1306,379,94.5,0,1,1
17829.0,106,5,4756.74,951.348,121,3009,356,88.75,0,1,0
17830.0,69,2,287.65000000000003,143.82500000000002,15,65,27,27.0,0,1,1
17833.0,531,1,342.36,342.36,28,145,0,-1.0,1,1,1
17834.0,222,2,730.47,365.235,54,687,30,30.0,0,1,1
17838.0,100,11,5631.3,511.93636363636364,111,3310,338,33.3,0,0,1
17840.0,251,1,185.72,185.72,44,138,0,-1.0,1,1,1
17841.0,0,134,41422.12,309.1202985074627,1764,20164,544,3.6240601503759398,0,0,1
17842.0,410,1,430.69,430.69,18,89,0,-1.0,1,1,1
17843.0,111,2,326.23,163.115,58,276,108,108.0,0,1,1
17845.0,363,4,598.19,149.5475,42,196,21,7.0,0,1,1
17847.0,323,2,129.69,64.845,9,29,129,129.0,0,1,1
17848.0,57,25,3138.07,125.5228,91,1284,484,19.625,0,0,1
17849.0,26,8,1063.76,132.97,24,224,416,59.285714285714285,0,1,1
17850.0,180,155,56600.08,365.1618064516129,100,22785,362,2.25974025974026,0,1,1
17851.0,230,6,1563.34,260.5566666666667,185,938,313,62.2,0,1,1
17852.0,196,3,548.87,182.95666666666668,62,323,342,171.0,0,1,1
17853.0,215,3,1608.19,536.0633333333334,84,627,329,164.0,0,1,1
17854.0,35,5,871.95,174.39000000000001,110,590,504,125.75,0,0,1
17855.0,180,1,417.94,417.94,17,394,0,-1.0,1,1,1
17856.0,41,3,1142.63,380.8766666666667,6,577,48,23.5,0,1,1
17857.0,14,10,10587.04,1058.7040000000002,12,7920,434,47.666666666666664,0,0,1
17858.0,69,24,10261.79,427.57458333333335,106,4929,472,20.130434782608695,0,0,1
17859.0,112,1,148.21,148.21,23,127,0,-1.0,1,1,1
17860.0,176,4,1015.54,253.885,127,817,359,119.33333333333333,0,1,1
17861.0,61,12,3484.87,290.4058333333333,224,2943,476,42.81818181818182,0,0,1
17862.0,131,4,1279.09,319.7725,90,443,239,79.66666666666667,0,1,1
17863.0,62,9,3957.1,439.67777777777775,100,3432,397,49.25,0,0,1
17864.0,83,3,535.23,178.41,57,694,151,75.5,0,0,1
17865.0,12,33,20009.73,606.3554545454546,326,9608,534,16.34375,0,0,1
17866.0,292,2,805.3000000000001,402.65000000000003,15,361,240,240.0,0,0,1
17867.0,11,11,1028.23,93.47545454545455,63,423,534,53.0,0,0,1
17868.0,194,1,234.65,234.65,18,91,0,-1.0,1,1,1
17869.0,23,5,918.9399999999999,183.78799999999998,65,538,331,82.5,0,0,1
17870.0,174,2,1540.1999999999998,770.0999999999999,2,604,14,14.0,0,0,1
17871.0,12,5,1118.99,223.798,64,713,488,121.75,0,1,1
17872.0,189,1,235.87,235.87,15,176,0,-1.0,1,1,1
17873.0,48,16,5847.7,365.48125,62,4011,482,31.866666666666667,0,0,1
17874.0,33,5,560.7,112.14000000000001,34,199,30,7.5,0,0,1
17875.0,496,1,167.1,167.1,25,98,0,-1.0,1,1,1
17876.0,207,3,3424.02,1141.34,3,1958,275,137.5,0,1,1
17878.0,203,2,1032.88,516.44,56,637,0,0.0,0,1,1
17880.0,172,3,824.9200000000001,274.97333333333336,43,466,365,182.0,0,1,1
17881.0,112,1,133.35000000000002,133.35000000000002,8,32,0,-1.0,1,1,1
17882.0,187,2,313.46,156.73,47,134,0,0.0,0,1,1
17883.0,54,4,443.43,110.8575,46,150,405,135.0,0,0,1
17884.0,119,19,2958.28,155.69894736842107,287,2789,423,21.842105263157894,0,1,1
17886.0,18,5,1105.03,221.006,91,469,378,94.0,0,1,1
17888.0,20,20,1273.17,63.658500000000004,107,760,505,26.105263157894736,0,0,1
17889.0,20,7,774.87,110.69571428571429,97,417,406,67.33333333333333,0,1,1
17890.0,130,2,602.09,301.045,88,416,38,38.0,0,1,1
17893.0,33,1,112.25,112.25,15,161,0,-1.0,1,1,1
17894.0,93,16,2201.42,137.58875,187,936,184,11.733333333333333,0,0,1
17897.0,175,8,2453.02,306.6275,175,970,208,29.428571428571427,0,0,1
17898.0,15,3,246.96,82.32000000000001,41,185,359,179.5,0,0,1
17901.0,329,2,149.7,74.85,3,14,0,0.0,0,1,1
17902.0,354,1,216.39999999999998,216.39999999999998,24,526,0,-1.0,1,1,1
17903.0,202,1,381.09000000000003,381.09000000000003,44,142,0,-1.0,1,1,1
17905.0,160,11,1977.43,179.76636363636365,123,1138,327,32.3,0,0,1
17906.0,55,1,72.9,72.9,12,26,0,-1.0,1,1,1
17907.0,448,1,291.76,291.76,13,1046,0,-1.0,1,1,1
17908.0,181,5,1411.54,282.308,178,856,351,87.5,0,1,1
17909.0,545,1,132.55,132.55,8,41,0,-1.0,1,1,1
17910.0,534,1,261.7,261.7,25,121,0,-1.0,1,1,1
17912.0,118,6,375.5,62.583333333333336,48,216,65,12.6,0,1,1
17913.0,163,13,3286.09,252.77615384615385,213,1556,380,31.333333333333332,0,1,1
17915.0,359,1,242.13,242.13,27,191,0,-1.0,1,1,1
17916.0,436,2,43.87,21.935,15,90,104,104.0,0,1,1
17917.0,64,2,230.46,115.23,57,131,106,106.0,0,1,1
17918.0,308,3,396.39,132.13,34,352,4,2.0,0,1,1
17919.0,246,1,536.28,536.28,17,696,0,-1.0,1,0,1
17920.0,8,42,21885.95,521.0940476190476,478,11189,533,12.585365853658537,0,0,1
17921.0,74,7,1877.55,268.2214285714286,172,711,245,40.166666666666664,0,0,1
17922.0,351,1,170.4,170.4,8,49,0,-1.0,1,1,1
17923.0,90,3,497.0,165.66666666666666,2,140,262,130.5,0,1,1
17924.0,109,3,1076.4,358.8,3,216,112,56.0,0,1,1
17925.0,180,1,488.16,488.16,1,144,0,-1.0,1,1,1
17926.0,11,4,849.9300000000001,212.48250000000002,21,400,375,124.66666666666667,0,0,1
17927.0,529,1,294.0,294.0,10,108,0,-1.0,1,1,1
17928.0,54,2,206.96,103.48,21,128,325,325.0,0,1,1
17929.0,62,10,2674.1,267.40999999999997,5,386,476,52.55555555555556,0,0,1
17930.0,47,9,2925.34,325.0377777777778,25,2373,406,50.25,0,0,1
17931.0,63,13,3326.13,255.85615384615386,265,1852,405,33.333333333333336,0,0,1
17932.0,19,1,589.01,589.01,42,391,0,-1.0,1,0,1
17933.0,440,1,114.69,114.69,12,63,0,-1.0,1,1,1
17934.0,214,1,344.90000000000003,344.90000000000003,20,150,0,-1.0,1,1,1
17935.0,208,5,540.35,108.07000000000001,33,162,334,83.25,0,0,1
17937.0,65,4,3327.48,831.87,19,1248,104,34.666666666666664,0,0,1
17938.0,228,1,144.29,144.29,29,53,0,-1.0,1,1,1
17940.0,26,11,29748.69,2704.4263636363635,11,83170,518,51.4,0,0,1
17941.0,398,3,1128.72,376.24,3,856,111,55.5,0,0,1
17944.0,231,1,75.41,75.41,24,85,0,-1.0,1,1,1
17945.0,504,3,360.35,120.11666666666667,66,244,0,0.0,0,1,1
17946.0,41,2,149.57999999999998,74.78999999999999,18,75,26,26.0,0,1,1
17949.0,0,86,69176.4,804.3767441860465,39,32968,545,6.117647058823529,0,0,1
17950.0,173,6,1213.78,202.29666666666665,110,667,338,67.4,0,0,1
17951.0,166,3,1037.0400000000002,345.68000000000006,15,502,45,22.5,0,1,1
17952.0,186,4,819.61,204.9025,85,504,163,54.333333333333336,0,1,1
17953.0,348,1,160.82,160.82,20,99,0,-1.0,1,1,1
17954.0,34,14,2814.63,201.04500000000002,363,2387,503,38.23076923076923,0,0,1
17955.0,6,6,949.9,158.31666666666666,16,681,466,93.0,0,1,1
17956.0,57,1,12.75,12.75,1,1,0,-1.0,1,1,1
17958.0,536,1,465.42,465.42,29,200,0,-1.0,1,0,1
17959.0,400,1,140.75,140.75,2,49,0,-1.0,1,1,1
17960.0,330,2,61.300000000000004,30.650000000000002,11,19,118,118.0,0,0,1
17961.0,4,81,2573.49,31.77148148148148,431,1280,542,6.3375,0,0,1
17962.0,357,3,584.59,194.86333333333334,126,523,146,73.0,0,0,1
17963.0,279,4,651.51,162.8775,98,344,217,72.0,0,1,1
17964.0,180,1,523.52,523.52,35,390,0,-1.0,1,1,1
17965.0,60,21,5948.44,283.2590476190476,477,3660,472,23.15,0,0,1
17966.0,69,6,1022.99,170.49833333333333,37,1722,429,85.6,0,0,1
17967.0,179,2,357.28999999999996,178.64499999999998,59,198,44,44.0,0,1,1
17968.0,181,4,888.04,222.01,106,525,138,46.0,0,1,1
17969.0,169,19,2266.94,119.31263157894738,108,996,372,20.166666666666668,0,0,1
17970.0,19,1,582.59,582.59,27,525,0,-1.0,1,1,1
17971.0,356,1,161.94,161.94,21,62,0,-1.0,1,1,1
17972.0,49,1,136.04,136.04,30,37,0,-1.0,1,1,1
17974.0,27,4,1290.04,322.51,177,811,187,62.0,0,1,1
17975.0,0,18,5321.14,295.61888888888893,154,1598,298,16.941176470588236,0,0,1
17976.0,180,1,706.38,706.38,56,212,0,-1.0,1,1,1
17977.0,208,1,1277.49,1277.49,83,1720,0,-1.0,1,1,1
17978.0,173,4,1461.76,365.44,62,1797,366,121.66666666666667,0,1,1
17979.0,67,2,241.67,120.835,53,83,0,0.0,0,0,1
17980.0,12,3,784.72,261.5733333333333,40,556,188,94.0,0,0,1
17981.0,218,1,239.12,239.12,17,260,0,-1.0,1,1,1
17982.0,488,1,138.18,138.18,13,117,0,-1.0,1,1,1
17983.0,203,1,171.71,171.71,23,108,0,0.0,1,1,1
17984.0,200,4,1038.59,259.6475,165,875,346,114.66666666666667,0,0,1
17987.0,184,4,805.07,201.2675,132,754,174,58.0,0,0,1
17988.0,134,8,353.41,44.17625,92,157,405,57.42857142857143,0,0,1
17989.0,187,1,228.82999999999998,228.82999999999998,26,329,0,-1.0,1,1,1
17990.0,44,6,1527.6100000000001,254.6016666666667,40,777,495,98.6,0,1,1
17991.0,33,3,320.55,106.85000000000001,37,100,366,182.5,0,1,1
17992.0,197,1,254.13,254.13,49,131,0,-1.0,1,1,1
17993.0,425,1,235.19,235.19,60,112,0,-1.0,1,1,1
17994.0,81,9,1963.98,218.22,212,1898,347,43.0,0,0,1
17995.0,89,3,495.48,165.16,28,263,105,52.0,0,1,1
17996.0,187,3,482.33,160.77666666666667,63,587,166,83.0,0,1,1
17998.0,188,3,639.24,213.08,57,561,358,178.5,0,1,1
17999.0,174,2,539.18,269.59,77,268,12,12.0,0,1,1
18000.0,372,1,124.25,124.25,6,109,0,-1.0,1,1,1
18001.0,257,4,536.61,134.1525,69,530,287,95.33333333333333,0,0,1
18002.0,183,4,249.92,62.48,52,72,355,118.0,0,1,1
18003.0,184,1,358.61,358.61,23,299,0,-1.0,1,1,1
18004.0,170,1,169.47,169.47,32,78,0,-1.0,1,1,1
18006.0,189,3,553.1800000000001,184.39333333333335,36,183,340,170.0,0,1,1
18007.0,200,1,220.32,220.32,46,252,0,-1.0,1,1,1
18008.0,11,21,19736.35,939.8261904761904,75,7766,499,24.45,0,0,1
18009.0,43,8,2155.83,269.47875,145,653,417,59.142857142857146,0,1,1
18010.0,64,1,174.8,174.8,14,60,0,-1.0,1,1,1
18011.0,181,2,527.03,263.515,63,198,194,194.0,0,1,1
18012.0,531,1,115.3,115.3,13,63,0,-1.0,1,1,1
18016.0,123,4,801.65,200.4125,68,300,365,121.33333333333333,0,0,1
18017.0,118,2,330.0,165.0,1,200,120,120.0,0,0,1
18018.0,7,3,213.3,71.10000000000001,16,134,221,110.0,0,0,1
18020.0,351,1,190.48000000000002,190.48000000000002,12,67,0,-1.0,1,1,1
18021.0,317,2,227.06,113.53,32,169,2,2.0,0,1,1
18022.0,193,4,983.68,245.92,203,654,160,53.0,0,1,1
18025.0,187,6,1177.72,196.28666666666666,83,1053,239,47.4,0,1,1
18026.0,308,2,2074.07,1037.035,12,530,4,4.0,0,1,1
18028.0,391,1,192.05,192.05,4,133,0,-1.0,1,1,1
18029.0,450,1,433.77,433.77,18,253,0,-1.0,1,1,1
18031.0,186,1,462.09999999999997,462.09999999999997,49,300,0,-1.0,1,1,1
18032.0,142,1,73.5,73.5,5,42,0,-1.0,1,1,1
18034.0,183,1,370.82,370.82,97,431,0,-1.0,1,1,1
18035.0,193,2,546.34,273.17,8,550,0,0.0,0,1,1
18036.0,53,9,1268.82,140.98,199,597,475,59.125,0,0,1
18037.0,33,14,158.22,11.301428571428572,30,35,513,39.0,0,0,1
18038.0,364,1,149.41,149.41,25,85,0,-1.0,1,1,1
18039.0,182,4,579.17,144.7925,137,570,266,88.33333333333333,0,1,1
18040.0,53,1,239.0,239.0,12,96,0,-1.0,1,1,1
18041.0,21,30,7200.0,240.0,343,6502,481,16.103448275862068,0,0,1
18042.0,349,1,116.1,116.1,9,36,0,-1.0,1,1,1
18043.0,14,2,768.27,384.135,87,418,160,160.0,0,1,1
18044.0,6,14,2300.22,164.30142857142854,103,1074,362,27.23076923076923,0,0,1
18046.0,457,1,189.63,189.63,26,44,0,-1.0,1,1,1
18047.0,189,2,342.69,171.345,74,138,0,0.0,0,1,1
18048.0,11,3,401.73,133.91,56,258,290,145.0,0,1,1
18049.0,245,2,556.52,278.26,82,425,153,153.0,0,1,1
18050.0,167,2,412.06,206.03,22,250,33,33.0,0,1,1
18051.0,442,7,2282.28,326.04,41,1661,96,15.5,0,1,1
18052.0,372,1,10877.18,10877.18,16,17766,0,-1.0,1,1,1
18053.0,333,2,271.05,135.525,12,107,1,1.0,0,1,1
18054.0,200,1,176.5,176.5,11,96,0,-1.0,1,1,1
18055.0,11,10,7773.91,777.391,227,2497,209,22.666666666666668,0,0,1
18056.0,96,2,554.6,277.3,28,334,330,330.0,0,1,1
18057.0,201,3,1203.56,401.18666666666667,121,978,297,148.5,0,1,1
18058.0,349,2,603.9,301.95,11,306,126,126.0,0,1,1
18060.0,216,2,1185.46,592.73,74,902,156,156.0,0,1,1
18061.0,14,23,5560.18,241.74695652173915,26,3358,528,23.545454545454547,0,0,1
18062.0,28,5,1398.07,279.614,43,791,377,93.5,0,0,1
18063.0,198,2,186.60000000000002,93.30000000000001,2,48,242,242.0,0,1,1
18064.0,43,10,4089.03,408.903,48,2485,441,48.55555555555556,0,0,1
18065.0,27,21,4621.53,220.07285714285712,155,1699,510,25.3,0,0,1
18066.0,194,2,1122.4,561.2,35,427,28,28.0,0,0,1
18068.0,97,1,101.69999999999999,101.69999999999999,1,6,0,-1.0,1,1,1
18069.0,43,8,3193.45,399.18125,465,2371,414,58.714285714285715,0,0,1
18070.0,477,1,314.1,314.1,9,86,0,-1.0,1,1,1
18071.0,65,6,1428.63,238.10500000000002,52,835,477,95.2,0,1,1
18073.0,4,2,241.08,120.54,4,196,0,0.0,0,0,1
18074.0,181,2,1509.04,754.52,37,551,131,131.0,0,1,1
18075.0,12,16,4442.26,277.64125,139,2469,294,19.066666666666666,0,0,1
18076.0,188,1,151.49,151.49,8,164,0,-1.0,1,1,1
18077.0,34,11,2584.93,234.99363636363634,95,2030,506,50.0,0,0,1
18078.0,25,4,844.6,211.15,65,431,410,136.33333333333334,0,1,1
18079.0,46,2,2203.61,1101.805,38,5226,252,252.0,0,0,1
18080.0,50,1,841.4999999999999,841.4999999999999,1,330,0,-1.0,1,1,1
18083.0,205,1,470.72999999999996,470.72999999999996,36,270,0,-1.0,1,1,1
18084.0,191,2,722.4499999999999,361.22499999999997,6,449,5,5.0,0,1,1
18085.0,138,4,1645.75,411.4375,42,585,298,99.0,0,1,1
18086.0,82,1,101.34,101.34,7,106,0,-1.0,1,1,1
18087.0,98,16,13908.72,869.295,43,7774,448,29.4,0,0,1
18089.0,254,1,428.45,428.45,9,95,0,-1.0,1,1,1
18090.0,229,1,349.4,349.4,47,321,0,-1.0,1,1,1
18091.0,401,1,360.85,360.85,25,539,0,-1.0,1,1,1
18092.0,35,12,11107.42,925.6183333333333,26,6690,507,45.54545454545455,0,0,1
18093.0,105,6,3463.71,577.285,36,2761,321,63.6,0,0,1
18094.0,26,9,5151.42,572.38,46,3550,483,59.875,0,0,1
18095.0,120,5,2303.09,460.61800000000005,37,1623,286,71.25,0,1,1
18096.0,250,3,894.13,298.04333333333335,154,658,70,35.0,0,1,1
18097.0,13,8,3422.08,427.76,77,2140,517,73.42857142857143,0,0,1
18098.0,204,1,550.84,550.84,85,217,0,-1.0,1,1,1
18100.0,358,1,451.56,451.56,30,440,0,-1.0,1,1,1
18101.0,182,3,405.51,135.17,62,162,300,149.5,0,0,1
18102.0,14,100,413806.46,4138.064600000001,310,139311,532,5.090909090909091,0,0,1
18103.0,357,1,105.8,105.8,10,23,0,-1.0,1,1,1
18106.0,137,6,1461.46,243.57666666666668,126,512,364,72.6,0,1,1
18107.0,250,1,167.13,167.13,38,66,0,-1.0,1,1,1
18108.0,62,3,848.8100000000001,282.93666666666667,43,261,483,241.0,0,1,1
18109.0,2,23,4325.42,188.06173913043477,183,1508,332,14.454545454545455,0,0,1
18110.0,219,1,199.13,199.13,29,100,0,-1.0,1,1,1
18111.0,397,1,405.85,405.85,27,232,0,-1.0,1,1,1
18112.0,226,2,423.27,211.635,34,192,133,133.0,0,0,1
18113.0,176,1,152.64000000000001,152.64000000000001,1,144,0,-1.0,1,1,1
18114.0,98,1,220.1,220.1,28,55,0,-1.0,1,1,1
18115.0,505,1,9.700000000000001,9.700000000000001,3,3,0,-1.0,1,1,1
18116.0,42,12,1990.74,165.895,304,1111,177,15.636363636363637,0,1,1
18118.0,15,17,4407.33,259.25470588235294,343,2197,173,10.375,0,0,1
18119.0,175,1,362.24,362.24,29,250,0,-1.0,1,1,1
18120.0,22,1,111.15,111.15,17,31,0,-1.0,1,1,1
18123.0,321,1,95.15,95.15,22,35,0,-1.0,1,1,1
18124.0,280,1,111.53,111.53,20,51,0,-1.0,1,1,1
18125.0,9,3,945.14,315.0466666666667,146,695,114,56.5,0,1,1
18127.0,211,1,212.8,212.8,21,64,0,-1.0,1,0,1
18128.0,345,1,420.04,420.04,42,221,0,-1.0,1,1,1
18129.0,51,1,112.55000000000001,112.55000000000001,13,48,0,-1.0,1,1,1
18131.0,439,1,222.95999999999998,222.95999999999998,4,552,0,-1.0,1,1,1
18132.0,312,1,226.9,226.9,60,216,0,-1.0,1,1,1
18133.0,20,1,931.4999999999999,931.4999999999999,1,1350,0,-1.0,1,1,1
18134.0,406,2,445.0,222.5,27,128,96,96.0,0,1,1
18135.0,200,5,567.71,113.542,16,404,241,59.75,0,0,1
18136.0,19,4,1447.88,361.97,73,776,239,79.33333333333333,0,1,1
18137.0,359,2,145.99,72.995,26,59,0,0.0,0,1,1
18138.0,103,1,152.65,152.65,8,38,0,-1.0,1,1,1
18140.0,281,1,536.41,536.41,49,395,0,-1.0,1,1,0
18141.0,209,2,882.47,441.235,38,433,187,187.0,0,1,1
18142.0,23,1,282.48,282.48,9,292,0,-1.0,1,0,1
18144.0,20,14,3774.9,269.6357142857143,49,1679,510,38.69230769230769,0,0,1
18145.0,12,9,3780.02,420.0022222222222,158,3345,526,65.25,0,0,1
18146.0,28,1,76.65,76.65,4,27,0,-1.0,1,0,1
18148.0,454,1,114.10000000000001,114.10000000000001,9,64,0,-1.0,1,1,1
18149.0,23,6,1562.31,260.385,54,888,420,83.6,0,1,1
18150.0,9,1,227.57999999999998,227.57999999999998,14,140,0,-1.0,1,0,1
18151.0,97,5,1538.64,307.728,78,742,355,88.5,0,0,1
18152.0,454,1,426.69,426.69,10,75,0,-1.0,1,1,1
18153.0,467,1,246.22,246.22,17,200,0,-1.0,1,1,1
18154.0,196,3,533.41,177.8033333333333,22,371,102,50.5,0,1,1
18155.0,99,1,113.93,113.93,8,91,0,-1.0,1,0,1
18156.0,177,1,412.46000000000004,412.46000000000004,50,146,0,-1.0,1,1,1
18157.0,379,1,215.35,215.35,25,146,0,-1.0,1,1,1
18159.0,109,1,530.15,530.15,23,139,0,-1.0,1,1,1
18160.0,8,2,684.37,342.185,41,372,185,185.0,0,1,1
18161.0,60,3,730.73,243.57666666666668,31,470,126,62.5,0,0,1
18162.0,540,1,379.16,379.16,45,335,0,-1.0,1,1,1
18163.0,392,1,728.84,728.84,33,452,0,-1.0,1,1,1
18166.0,431,1,175.5,175.5,10,90,0,-1.0,1,1,1
18168.0,12,15,3655.12,243.67466666666667,209,2094,532,37.5,0,0,1
18170.0,25,7,2201.9,314.5571428571429,50,894,483,79.83333333333333,0,0,1
18171.0,46,6,1670.59,278.4316666666667,58,677,465,92.6,0,0,1
18172.0,19,39,13638.32,349.7005128205128,151,5641,517,13.263157894736842,0,0,1
18173.0,7,4,2318.36,579.59,31,1538,413,137.33333333333334,0,0,1
18174.0,411,1,58.5,58.5,1,30,0,-1.0,1,1,1
18175.0,483,1,176.1,176.1,7,70,0,-1.0,1,1,1
18176.0,166,1,476.35,476.35,30,283,0,-1.0,1,1,1
18177.0,12,7,1589.1,227.0142857142857,57,892,519,86.0,0,0,1
18178.0,27,10,5612.87,561.287,190,3563,439,48.333333333333336,0,0,1
18179.0,60,6,1857.54,309.59,70,1180,410,81.8,0,1,1
18181.0,208,4,823.14,205.785,119,378,335,111.33333333333333,0,1,1
18182.0,271,1,291.13,291.13,10,167,0,-1.0,1,1,1
18183.0,35,2,632.07,316.035,36,371,47,47.0,0,1,1
18185.0,57,1,304.25,304.25,17,183,0,-1.0,1,1,1
18186.0,530,1,329.58,329.58,11,338,0,-1.0,1,1,1
18187.0,439,1,724.89,724.89,48,310,0,-1.0,1,1,1
18188.0,98,4,1706.15,426.5375,65,884,333,110.33333333333333,0,0,1
18189.0,75,2,946.59,473.295,54,622,357,357.0,0,0,1
18190.0,0,5,745.62,149.124,34,490,525,131.0,0,1,1
18191.0,69,2,529.4,264.7,15,332,215,215.0,0,1,1
18193.0,188,2,963.59,481.795,50,802,61,61.0,0,0,1
18194.0,246,5,3188.2000000000003,637.6400000000001,16,1142,241,59.75,0,0,1
18195.0,195,1,101.16,101.16,5,60,0,-1.0,1,1,1
18196.0,98,3,1225.96,408.65333333333336,160,855,342,171.0,0,0,1
18197.0,383,1,230.1,230.1,9,166,0,-1.0,1,1,1
18198.0,11,10,3175.11,317.511,48,2613,133,14.333333333333334,0,0,1
18199.0,491,1,344.75,344.75,20,99,0,-1.0,1,1,1
18201.0,530,1,447.53000000000003,447.53000000000003,27,191,0,-1.0,1,1,1
18202.0,7,3,1396.99,465.66333333333336,55,581,111,55.5,0,1,1
18203.0,189,3,344.0,114.66666666666667,30,70,349,174.0,0,0,1
18204.0,0,1,549.43,549.43,84,392,0,-1.0,1,0,1
18206.0,361,1,314.65999999999997,314.65999999999997,19,246,0,-1.0,1,1,1
18207.0,307,1,544.47,544.47,31,325,0,-1.0,1,1,1
18208.0,373,1,360.08,360.08,17,82,0,-1.0,1,1,1
18210.0,75,2,289.85,144.925,14,163,115,115.0,0,1,1
18211.0,86,1,137.9,137.9,8,56,0,-1.0,1,0,1
18212.0,134,2,546.72,273.36,40,167,351,351.0,0,1,1
18213.0,44,1,232.48000000000002,232.48000000000002,15,232,0,-1.0,1,1,1
18214.0,338,4,1780.34,445.085,38,989,23,7.0,0,1,1
18215.0,245,4,1948.15,487.0375,49,1025,186,61.666666666666664,0,0,1
18217.0,321,2,323.29,161.645,7,249,12,12.0,0,1,1
18218.0,19,4,1142.0,285.5,25,1076,448,149.0,0,1,1
18219.0,22,12,2405.43,200.4525,71,1163,517,46.72727272727273,0,0,1
18220.0,34,6,1921.76,320.29333333333335,17,1352,497,99.0,0,1,1
18221.0,19,2,617.8,308.9,31,332,178,178.0,0,0,1
18223.0,13,19,10273.79,540.7257894736842,159,4952,529,28.833333333333332,0,0,1
18224.0,71,1,158.95000000000002,158.95000000000002,10,69,0,-1.0,1,1,1
18225.0,12,19,9213.21,484.90578947368414,217,5002,531,29.055555555555557,0,0,1
18226.0,6,20,8863.75,443.1875,249,5900,446,23.05263157894737,0,0,1
18227.0,25,2,388.75,194.375,6,22,266,266.0,0,1,1
18229.0,6,16,6385.51,399.094375,41,1245,537,35.13333333333333,0,0,1
18230.0,15,5,2735.1600000000003,547.032,42,1342,318,79.0,0,0,1
18231.0,0,28,6880.97,245.7489285714286,218,2923,506,18.22222222222222,0,1,1
18232.0,0,2,370.98,185.49,24,170,4,4.0,0,0,1
18233.0,133,1,440.0,440.0,1,4,0,-1.0,1,1,1
18234.0,359,1,179.6,179.6,30,80,0,-1.0,1,1,1
18235.0,25,1,430.46000000000004,430.46000000000004,29,332,0,-1.0,1,0,1
18236.0,48,7,1036.31,148.0442857142857,50,345,362,60.0,0,0,1
18238.0,323,1,270.92,270.92,14,114,0,-1.0,1,1,1
18239.0,26,6,2150.36,358.3933333333334,85,1052,204,40.2,0,1,1
18241.0,25,5,1279.73,255.946,66,661,399,99.5,0,0,1
18242.0,4,6,2066.8,344.4666666666667,68,1412,501,99.8,0,0,1
18243.0,222,1,515.78,515.78,26,221,0,-1.0,1,1,1
18244.0,238,2,568.64,284.32,19,856,72,72.0,0,1,1
18245.0,19,17,5064.21,297.8947058823529,275,4333,429,26.375,0,0,1
18246.0,41,2,395.62,197.81,2,118,376,376.0,0,1,1
18247.0,222,3,839.73,279.91,28,335,216,107.5,0,1,1
18250.0,118,1,349.27,349.27,21,199,0,-1.0,1,1,1
18251.0,253,8,21964.14,2745.5175,77,31815,272,38.42857142857143,0,0,1
18252.0,356,5,1015.42,203.084,35,698,172,42.75,0,0,1
18253.0,450,1,317.88,317.88,7,128,0,-1.0,1,1,1
18254.0,389,1,267.9,267.9,16,188,0,-1.0,1,1,1
18255.0,264,1,199.85,199.85,13,127,0,-1.0,1,0,1
18256.0,195,1,110.7,110.7,10,180,0,-1.0,1,1,1
18257.0,14,7,2983.72,426.24571428571426,162,1644,452,74.83333333333333,0,0,1
18258.0,272,6,2059.67,343.27833333333336,30,1981,108,21.4,0,1,1
18259.0,174,5,2355.9,471.18,36,792,365,90.75,0,0,1
18260.0,13,22,9534.98,433.4081818181818,205,5070,518,24.19047619047619,0,0,1
18262.0,201,2,428.06,214.03,27,370,209,209.0,0,0,1
18263.0,60,1,307.59999999999997,307.59999999999997,15,328,0,-1.0,1,0,1
18264.0,306,1,603.25,603.25,36,241,0,-1.0,1,1,1
18266.0,242,1,251.1,251.1,14,138,0,-1.0,1,1,1
18267.0,480,1,269.37,269.37,17,135,0,-1.0,1,1,1
18268.0,399,5,1464.73,292.946,36,709,137,34.0,0,0,1
18269.0,174,1,337.2,337.2,7,152,0,-1.0,1,1,1
18270.0,74,2,273.35,136.675,11,149,166,166.0,0,1,1
18271.0,417,2,680.85,340.425,19,319,121,121.0,0,1,1
18272.0,33,5,2287.94,457.588,94,1618,420,104.75,0,0,1
18273.0,65,2,204.0,102.0,1,80,332,332.0,0,0,1
18275.0,386,2,741.85,370.925,19,417,152,152.0,0,1,1
18276.0,200,5,1320.66,264.132,69,1060,336,83.5,0,1,1
18277.0,205,4,1069.67,267.4175,48,381,97,32.333333333333336,0,1,1
18278.0,212,1,240.3,240.3,15,74,0,-1.0,1,0,1
18279.0,327,1,231.33999999999997,231.33999999999997,13,630,0,-1.0,1,1,1
18280.0,85,2,488.15000000000003,244.07500000000002,28,194,116,116.0,0,1,1
18281.0,385,1,120.32,120.32,10,92,0,-1.0,1,0,1
18283.0,8,11,1176.82,106.98363636363636,240,672,457,45.2,0,0,1
18284.0,239,1,461.68,461.68,28,494,0,-1.0,1,1,1
18285.0,468,1,427.0,427.0,12,145,0,-1.0,1,1,1
18286.0,284,2,1296.43,648.215,67,608,247,247.0,0,1,1
18287.0,9,5,3110.99,622.198,93,1915,369,92.0,0,1,1
